﻿Searchword,Searchword_ID,API,URL,Media,Date,Title,Summary,Article,Title_Sentiment,Title_Positive,Title_Neutral,Title_Negative,Article_Sentiment,Article_Positive,Article_Neutral,Article_Negative,Verified,Language,NER,Topics
Euroclear,0,Google API,https://www.fitchratings.com/research/banks/euroclear-banks-credit-profile-not-affected-by-mfex-acquisition-13-04-2021,,2021-04-14,Euroclear Bank's Credit Profile Not Affected by MFEX Acquisition,"Fitch Ratings-Paris/Frankfurt am Main-13 April 2021: Euroclear's planned acquisition of MFEX, the second-largest fund distribution platform in Europe, should ...","Fitch Ratings-Paris/Frankfurt am Main-13 April 2021: Euroclear's planned acquisition of MFEX, the second-largest fund distribution platform in Europe, should ...",neutral,0.03,0.91,0.06,neutral,0.0,1.0,0.0,True,English,"['Euroclear Bank', 'MFEX', 'Fitch Ratings', 'Euroclear', 'MFEX']","[""Euroclear Bank's Credit Profile"", 'MFEX Acquisition', 'largest fund distribution platform', 'Frankfurt', 'Europe', 'Fitch Ratings-Paris', ""Euroclear's"", 'acquisition of MFEX']"
Euroclear,0,Google API,https://www.globenewswire.com/news-release/2021/04/15/2210539/0/en/Nexstim-Plc-Invitation-to-the-Annual-General-Meeting.html,,2021-04-15,Nexstim Plc: Invitation to the Annual General Meeting,The voting list will be confirmed on the basis of information provided by Euroclear Finland Oy and Euroclear Sweden Ab. 6 PRESENTATION OF THE ANNUAL ...,The voting list will be confirmed on the basis of information provided by Euroclear Finland Oy and Euroclear Sweden Ab. 6 PRESENTATION OF THE ANNUAL ...,neutral,0.05,0.94,0.01,neutral,0.08,0.86,0.06,True,English,"['Nexstim Plc', 'Euroclear Finland Oy', 'Euroclear Sweden']","['Invitation', 'Annual General Meeting', 'Nexstim Plc', 'Euroclear Sweden', 'Euroclear Finland Oy', 'PRESENTATION', 'basis of information', 'voting list']"
Euroclear,0,Google API,https://www.streetinsider.com/Globe+Newswire/Notice+of+Annual+General+Meeting+in+Eolus+Vind+AB+%28publ%29/18269724.html,,2021-04-16,Notice of Annual General Meeting in Eolus Vind AB (publ),"Shareholders who wish to attend the AGM must be recorded in the share register maintained by Euroclear Sweden, made as of May 10, 2021, and give notice of ...","Shareholders who wish to attend the AGM must be recorded in the share register maintained by Euroclear Sweden, made as of May 10, 2021, and give notice of ...",neutral,0.05,0.91,0.04,neutral,0.2,0.75,0.05,True,English,"['Eolus Vind AB', 'Euroclear Sweden']","['Eolus Vind AB', 'Notice of Annual General Meeting', 'publ', 'share register', 'Euroclear Sweden', 'AGM', 'Shareholders', 'notice']"
Euroclear,0,Google API,https://www.streetinsider.com/Globe+Newswire/Decisions+by+the+Eezy+Plc%E2%80%99s+Annual+General+Meeting+on+13+April+2021/18252131.html,,2021-04-13,Decisions by the Eezy Plc's Annual General Meeting on 13 ...,"... who are registered in the company's shareholder register held by Euroclear Finland Oy on the dividend record date of the first tranche, 15 April 2021.","... who are registered in the company's shareholder register held by Euroclear Finland Oy on the dividend record date of the first tranche, 15 April 2021.",neutral,0.01,0.98,0.01,neutral,0.0,1.0,0.0,True,English,"['Eezy Plc', 'Euroclear Finland Oy']","[""Eezy Plc's Annual General Meeting"", 'Decisions', 'Euroclear Finland Oy', 'dividend record date', ""company's shareholder register"", 'tranche']"
Euroclear,0,Google API,https://www.streetinsider.com/Globe+Newswire/Decisions+taken+by+Sanoma+Corporation%E2%80%99s+Annual+General+Meeting+and+Board+of+Directors/18254911.html,,2021-04-14,Decisions taken by Sanoma Corporation's Annual General ...,... a shareholder who is registered in the shareholders' register of the Company maintained by Euroclear Finland Ltd on the dividend record date 15 April 2021.,... a shareholder who is registered in the shareholders' register of the Company maintained by Euroclear Finland Ltd on the dividend record date 15 April 2021.,neutral,0.01,0.95,0.04,neutral,0.0,1.0,0.0,True,English,"['Sanoma Corporation', 'Euroclear Finland Ltd']","[""Sanoma Corporation's Annual General"", 'Decisions', 'Euroclear Finland', 'dividend record date', 'Company', 'register', 'shareholder']"
Euroclear,0,Google API,https://www.streetinsider.com/Globe+Newswire/Sinch+AB+%28publ%29%3A+Notice+to+annual+general+meeting+in+Sinch+AB+%28publ%29/18267345.html,,2021-04-16,Sinch AB (publ): Notice to annual general meeting in Sinch AB ...,"be registered in the share register kept by Euroclear Sweden AB on Friday 7 May 2021 or, if the shares are registered in the name of a nominee, request that the ...","be registered in the share register kept by Euroclear Sweden AB on Friday 7 May 2021 or, if the shares are registered in the name of a nominee, request that the ...",neutral,0.01,0.59,0.4,neutral,0.0,0.99,0.01,True,English,"['Sinch', 'Sinch AB', 'Euroclear Sweden AB']","['Sinch AB', 'Notice', 'annual general meeting', 'publ', 'share register', 'Euroclear Sweden AB', 'nominee', 'request', 'shares']"
Euroclear,0,Google API,https://www.brusselstimes.com/news/business/165244/report-brussels-benefited-little-from-businesses-post-brexit-move-into-europe-london-eu-uk-amsterdam-frankfurt-luxembourg-dublin-paris/,The Brussels Times,2021-04-16,Report: Brussels benefited little from businesses' post-Brexit ...,"The list also includes the money transfer services MoneyGram and Transferwise, the stock exchange company Euronext and Euroclear, which specialize in the ...","The list also includes the money transfer services MoneyGram and Transferwise, the stock exchange company Euronext and Euroclear, which specialize in the ...",negative,0.2,0.3,0.5,neutral,0.0,0.99,0.01,True,English,"['MoneyGram', 'Transferwise', 'Euronext', 'Euroclear']","['Brussels', ""businesses' post-Brexit"", 'Report', 'Transferwise', 'stock exchange company Euronext', 'money transfer services MoneyGram', 'Euroclear', 'list']"
Euroclear,0,Google API,https://www.streetinsider.com/Globe+Newswire/Sdiptech+AB+%28publ%29+-+Notice+of+annual+general+meeting+2021+of+Sdiptech+AB+%28publ%29/18277415.html,,2021-04-19,Sdiptech AB (publ) - Notice of annual general meeting 2021 of ...,Shareholders with nominee-registered shares through a bank or other nominee must temporarily register their shares in their own name with Euroclear Sweden ...,Shareholders with nominee-registered shares through a bank or other nominee must temporarily register their shares in their own name with Euroclear Sweden ...,neutral,0.01,0.98,0.01,neutral,0.02,0.98,0.0,True,English,"['Sdiptech AB', 'Euroclear Sweden']","['publ', 'Notice of annual general meeting', 'Sdiptech AB', 'nominee-registered shares', 'bank', 'Shareholders', 'Euroclear Sweden']"
Euroclear,0,Google API,https://www.prnewswire.co.uk/news-releases/notice-to-attend-the-annual-general-meeting-in-scibase-holding-ab-publ--830351417.html,,2021-04-15,Notice To Attend The Annual General Meeting In Scibase ...,"Shareholders wishing to participate at the annual general meeting must be entered in the shareholders' register, kept by Euroclear Sweden AB (the Swedish ...","Shareholders wishing to participate at the annual general meeting must be entered in the shareholders' register, kept by Euroclear Sweden AB (the Swedish ...",neutral,0.09,0.84,0.07,neutral,0.08,0.85,0.07,True,English,"['Scibase', 'Euroclear Sweden AB']","['Annual General Meeting', 'Scibase', 'Euroclear Sweden AB', ""shareholders' register"", 'Swedish', 'annual general meeting']"
Euroclear,0,Google API,"https://news.cision.com/nitro-games-oyj/r/kutsu-nitro-games-oyj-n-varsinaiseen-yhtiokokoukseen---notice-to-the-annual-general-meeting-of-nitro,c3326357",,2021-04-16,Kutsu Nitro Games Oyj:n varsinaiseen yhtiökokoukseen ...,Shareholder whose shares are registered in the securities system of Euroclear Sweden AB and who wants to participate in the Annual General Meeting and use ...,Shareholder whose shares are registered in the securities system of Euroclear Sweden AB and who wants to participate in the Annual General Meeting and use ...,neutral,0.0,1.0,0.0,neutral,0.01,0.98,0.01,True,English,['Euroclear Sweden AB'],"['Kutsu Nitro Games Oyj', 'n varsinaiseen yhtiökokoukseen', 'securities system of Euroclear Sweden AB', 'Annual General Meeting', 'use', 'shares', 'Shareholder']"
Euroclear,0,Twitter,Twitter,Twitter: EuroclearGroup,2021-04-20,"In the latest episode of Euroclear ESG podcast series, Fernanda Aspilche, Senior Relationship Manager at Euroclear…",,"In the latest episode of Euroclear ESG podcast series, Fernanda Aspilche, Senior Relationship Manager at Euroclear…",neutral,0.01,0.98,0.01,neutral,0.01,0.98,0.01,True,English,"['Euroclear', 'Euroclear', 'Euroclear', 'Euroclear']","['latest episode of Euroclear ESG podcast series', 'Fernanda Aspilche', 'Senior Relationship Manager', 'latest episode of Euroclear ESG podcast series', 'Fernanda Aspilche', 'Senior Relationship Manager']"
Euroclear,0,Twitter,Twitter,Twitter: KVanderhoydonk,2021-04-20,"How much do subscription services invest in chargeback protection and why do they need it? AAA Websites Euroclear,…",,"How much do subscription services invest in chargeback protection and why do they need it? AAA Websites Euroclear,…",positive,0.88,0.1,0.02,positive,0.88,0.1,0.02,True,English,"['AAA', 'Euroclear', 'AAA', 'Euroclear']","['subscription services', 'chargeback protection', 'AAA Websites Euroclear', 'subscription services', 'chargeback protection', 'AAA Websites Euroclear']"
Euroclear,0,Twitter,Twitter,Twitter: EuroclearGroup,2021-04-19,"In this video, Jo Van de Velde, Global Head of Strategy and Product Expansion, Euroclear, together with his colleag…",,"In this video, Jo Van de Velde, Global Head of Strategy and Product Expansion, Euroclear, together with his colleag…",neutral,0.01,0.97,0.02,neutral,0.01,0.97,0.02,True,English,"['Euroclear', 'Euroclear']","['Global Head of Strategy', 'Velde', 'Jo Van', 'Product Expansion', 'Euroclear', 'video', 'colleag', 'Global Head of Strategy', 'Velde', 'Jo Van', 'Product Expansion', 'Euroclear', 'video', 'colleag']"
Euroclear,0,Twitter,Twitter,Twitter: KVanderhoydonk,2021-04-19,"Credit unions sound alarm on COVID-19 vaccination scams AAA Websites Euroclear,Fintech regtech",,"Credit unions sound alarm on COVID-19 vaccination scams AAA Websites Euroclear,Fintech regtech",negative,0.01,0.26,0.73,negative,0.01,0.26,0.73,True,English,"['AAA', 'Euroclear', 'Fintech   regtech', 'AAA', 'Euroclear', 'Fintech   regtech']","['COVID', 'vaccination scams  AAA Websites Euroclear', 'Fintech   regtech', 'Credit unions sound alarm', 'COVID', 'vaccination scams  AAA Websites Euroclear', 'Fintech   regtech', 'Credit unions sound alarm']"
Euroclear,0,Twitter,Twitter,Twitter: KVanderhoydonk,2021-04-19,"Digital transformation can boost minority homeowners AAA Websites Euroclear,Fintech regtech",,"Digital transformation can boost minority homeowners AAA Websites Euroclear,Fintech regtech",positive,0.71,0.28,0.01,positive,0.71,0.28,0.01,True,English,"['AAA', 'Euroclear', 'Fintech   regtech', 'AAA', 'Euroclear', 'Fintech   regtech']","['minority homeowners  AAA Websites Euroclear', 'Fintech   regtech', 'Digital transformation', 'minority homeowners  AAA Websites Euroclear', 'Fintech   regtech', 'Digital transformation']"
Euroclear,0,Twitter,Twitter,Twitter: gabosanders,2021-04-16,"Meet SailPoint customer, Euroclear. Euroclear shares more about how they met their certification goals and leverag…",,"Meet SailPoint customer, Euroclear. Euroclear shares more about how they met their certification goals and leverag…",neutral,0.2,0.77,0.03,neutral,0.2,0.77,0.03,True,English,"['SailPoint', 'Euroclear', 'Euroclear', 'SailPoint', 'Euroclear', 'Euroclear']","['Euroclear shares', 'leverag', 'certification goals', 'SailPoint customer', 'Euroclear shares', 'leverag', 'certification goals', 'SailPoint customer']"
Euroclear,0,Twitter,Twitter,Twitter: KVanderhoydonk,2021-04-16,"How long can credit unions keep sacrificing fees? AAA Websites Euroclear,Fintech regtech",,"How long can credit unions keep sacrificing fees? AAA Websites Euroclear,Fintech regtech",negative,0.02,0.04,0.94,negative,0.02,0.04,0.94,True,English,"['AAA', 'Euroclear', 'Fintech   regtech', 'AAA', 'Euroclear', 'Fintech   regtech']","['AAA Websites Euroclear', 'Fintech   regtech', 'unions', 'fees', 'AAA Websites Euroclear', 'Fintech   regtech', 'unions', 'fees']"
Euroclear,0,Twitter,Twitter,Twitter: KVanderhoydonk,2021-04-16,"Three trends for insurers to watch in the post-COVID era AAA Websites Euroclear,Fintech regtech",,"Three trends for insurers to watch in the post-COVID era AAA Websites Euroclear,Fintech regtech",neutral,0.0,0.99,0.01,neutral,0.0,0.99,0.01,True,English,"['AAA', 'Euroclear', 'Fintech', 'AAA', 'Euroclear', 'Fintech']","['post-COVID era  AAA Websites Euroclear', 'Fintech   regtech', 'insurers', 'trends', 'post-COVID era  AAA Websites Euroclear', 'Fintech   regtech', 'insurers', 'trends']"
Euroclear,0,Twitter,Twitter,Twitter: KVanderhoydonk,2021-04-15,"House bill aims to encourage more de novo banks AAA Websites Euroclear,Fintech regtech",,"House bill aims to encourage more de novo banks AAA Websites Euroclear,Fintech regtech",neutral,0.21,0.79,0.0,neutral,0.21,0.79,0.0,True,English,"['AAA', 'Euroclear', 'Fintech', 'AAA', 'Euroclear', 'Fintech']","['novo banks  AAA Websites Euroclear', 'Fintech   regtech', 'House bill', 'novo banks  AAA Websites Euroclear', 'Fintech   regtech', 'House bill']"
Clearstream,1,Google API,https://www.globalcustodian.com/clearstream-receives-csdr-license-for-icsd-business/,,2021-04-13,Clearstream receives CSDR license for ICSD business,"The ICSD is third Clearstream CSD to receive licenses under CSDR, following authorisation of its German and Luxembourg-based businesses. Under the ...","The ICSD is third Clearstream CSD to receive licenses under CSDR, following authorisation of its German and Luxembourg-based businesses. Under the ...",neutral,0.04,0.9,0.06,neutral,0.05,0.93,0.02,True,English,"['Clearstream', 'ICSD', 'Clearstream CSD']","['ICSD business', 'Clearstream', 'CSDR license', 'German', 'CSDR', 'Clearstream CSD', 'licenses', 'authorisation', 'Luxembourg-based businesses', 'ICSD']"
Clearstream,1,Google API,https://www.assetservicingtimes.com/assetservicesnews/csdrarticle.php?article_id=11724&navigationaction=csdrnews&newssection=CSDR,Asset Servicing Times,2021-04-14,Clearstream gains CSDR licences for its international CSD,"With Clearstream Banking's authorisation, now only one more licence, for banking services for its German CSD, is outstanding. Stephan Leithner, Clearstream ...","With Clearstream Banking's authorisation, now only one more licence, for banking services for its German CSD, is outstanding. Stephan Leithner, Clearstream ...",neutral,0.35,0.62,0.03,positive,0.96,0.03,0.01,True,English,"['Clearstream', 'Clearstream Banking', 'Clearstream']","['Clearstream gains CSDR licences', 'international CSD', ""Clearstream Banking's authorisation"", 'German CSD', 'banking services', 'licence', 'Stephan Leithner']"
Clearstream,1,Google API,https://www.securitiesfinancetimes.com/securitieslendingnews/csdrarticle.php?article_id=224669&navigationaction=csdrnews&newssection=CSDR,Securities Lending Times,2021-04-13,Securities finance CSDR news | Clearstream gains CSDR ...,Deutsche Boerse-owned post-trade services provider Clearstream has obtained Central Securities Depositories Regulation (CSDR) licence for Clearstream ...,Deutsche Boerse-owned post-trade services provider Clearstream has obtained Central Securities Depositories Regulation (CSDR) licence for Clearstream ...,positive,0.84,0.15,0.01,neutral,0.0,1.0,0.0,True,English,"['CSDR', 'Clearstream', 'CSDR', 'Deutsche Boerse', 'Clearstream', 'Clearstream']","['Clearstream gains CSDR', 'Securities finance CSDR news', 'post-trade services provider Clearstream', 'Central Securities Depositories Regulation', 'CSDR', 'licence', 'Deutsche Boerse']"
Clearstream,1,Google API,https://patch.com/new-jersey/millburn/calendar/event/20210423/1036685/free-live-music-featuring-chris-turner-and-clearstream,Patch,2021-04-17,Local Event: Free Live Music Featuring Chris Turner and ...,"Enjoy free live music by Chris Turner and ClearStream on Friday, April 23 from 6pm-8pm. The band brings a variety of mostly country and oldies classics to the ...","Enjoy free live music by Chris Turner and ClearStream on Friday, April 23 from 6pm-8pm. The band brings a variety of mostly country and oldies classics to the ...",positive,0.61,0.39,0.0,positive,0.9,0.1,0.0,True,English,['ClearStream'],"['Free Live Music', 'Local Event', 'Chris Turner', 'Chris Turner', 'free live music', 'variety', 'country', 'ClearStream', 'oldies classics', 'band']"
Clearstream,1,Google API,https://www.globalcustodian.com/hkex-appoints-swifts-former-head-of-capital-markets-strategy-to-key-post-trade-role/,Global Custodian,2021-04-13,HKEX appoints SWIFT's former head of capital markets ...,"Clearstream receives CSDR license for ICSD business. It is the third Clearstream CSD to receive licenses under CSDR, following authorisation of its German and ...","Clearstream receives CSDR license for ICSD business. It is the third Clearstream CSD to receive licenses under CSDR, following authorisation of its German and ...",neutral,0.02,0.97,0.01,neutral,0.03,0.92,0.05,True,English,"['HKEX', 'SWIFT', 'Clearstream', 'ICSD', 'Clearstream CSD']","[""SWIFT's"", 'head of capital markets', 'HKEX', 'CSDR license', 'Clearstream CSD', 'licenses', 'ICSD business', 'authorisation', 'German']"
Clearstream,1,Google API,https://www.irishtimes.com/life-and-style/homes-and-property/what-sold-for-about-225-000-in-dublin-city-s-suburbs-and-beyond-1.4532148,The Irish Times,2021-04-19,"What sold for about €225,000 in Dublin city’s suburbs and beyond","46 Clearstream Court, McKee Avenue, Finglas, Dublin 11. Two-bedroom apartment of 64sq m (689sq ft) presented in walk-in condition and complemented by a ...","46 Clearstream Court, McKee Avenue, Finglas, Dublin 11. Two-bedroom apartment of 64sq m (689sq ft) presented in walk-in condition and complemented by a ...",neutral,0.01,0.93,0.06,neutral,0.0,1.0,0.0,True,English,[],"['Dublin city’s suburbs', 'sq ft', 'McKee Avenue', 'Finglas', 'Clearstream Court', 'Dublin', 'walk-in condition', 'bedroom apartment']"
Clearstream,1,Google API,https://ksusentinel.com/2021/04/17/global-student-rfid-tracking-systems-market-top-10-key-players-in-2021-card-tec-child-safety-coresonant-systems-pvt-ltd-datalogic-spa-dominaterifd/,,2021-04-18,Global Student RFID Tracking Systems Market – Top 10 Key ...,"... Pvt. Ltd, Datalogic SpA, DominateRIFD, GAO RFID, Inc, Magnasoft Consulting India Pvt. Limited – Northstar, Pulse Seventeen, Seon Design, Inc, Clearstream, ...","... Pvt. Ltd, Datalogic SpA, DominateRIFD, GAO RFID, Inc, Magnasoft Consulting India Pvt. Limited – Northstar, Pulse Seventeen, Seon Design, Inc, Clearstream, ...",neutral,0.0,1.0,0.0,neutral,0.01,0.97,0.02,True,English,"['Pvt. Ltd', 'Datalogic SpA', 'DominateRIFD', 'GAO RFID, Inc', 'Magnasoft Consulting India Pvt. Limited', 'Northstar', 'Pulse Seventeen', 'Seon Design, Inc', 'Clearstream']","['Global Student RFID Tracking Systems Market', 'Key', 'Northstar', 'GAO RFID', 'Magnasoft Consulting India', 'Pulse', 'Limited', 'Seon Design', 'Datalogic SpA', 'DominateRIFD', 'Clearstream']"
Clearstream,1,Google API,https://ksusentinel.com/2021/04/14/pta-catheters-market-developments-competitive-analysis-and-business-forecasts-2027/,,2021-04-14,"Pta Catheters Market Developments, Competitive Analysis ...","... Arthesys, QT Vascular, Endocor, Natec Medical, Rontis Medical, Degania Silicone, Eurocor, iVascular, Clearstream Technologies, Cordis, Phenox, and others.","... Arthesys, QT Vascular, Endocor, Natec Medical, Rontis Medical, Degania Silicone, Eurocor, iVascular, Clearstream Technologies, Cordis, Phenox, and others.",neutral,0.05,0.95,0.0,neutral,0.01,0.99,0.0,True,English,"['Arthesys', 'QT Vascular', 'Endocor', 'Natec Medical', 'Rontis Medical', 'Degania Silicone', 'Eurocor', 'iVascular', 'Clearstream Technologies', 'Cordis', 'Phenox']","['Pta Catheters Market Developments', 'Competitive Analysis', 'Natec Medical', 'Rontis Medical', 'Eurocor', 'Endocor', 'Degania Silicone', 'iVascular', 'Clearstream Technologies', 'QT Vascular', 'Cordis', 'Phenox']"
Clearstream,1,Google API,https://www.streetinsider.com/SEC+Filings/Form+424B5+Essential+Utilities%2C/18265968.html,,2021-04-16,"Form 424B5 Essential Utilities,","... form through the facilities of The Depository Trust Company for the accounts of its participants, including Clearstream Banking S.A. and Euroclear Bank SA/NV, ...","... form through the facilities of The Depository Trust Company for the accounts of its participants, including Clearstream Banking S.A. and Euroclear Bank SA/NV, ...",neutral,0.02,0.98,0.0,neutral,0.2,0.8,0.0,True,English,"['Utilities', 'The Depository Trust Company', 'Clearstream Banking S.A.', 'Euroclear Bank SA/NV']","['Form 424B5 Essential Utilities', 'Clearstream Banking', 'accounts', 'Euroclear Bank SA', 'Depository Trust Company', 'facilities', 'participants', 'NV', 'form']"
Clearstream,1,Google API,https://finance.yahoo.com/news/iconic-funds-receives-approval-issue-073000442.html,,2021-04-20,Iconic Funds Receives Approval to Issue and Publicly Offer a Physically Backed Bitcoin ETP,"All notes will be listed and trading on Deutsche Börse's Xetra and centrally-cleared through ClearStream Banking Frankfurt. Eric Romba, partner at the law firm ...","All notes will be listed and trading on Deutsche Börse's Xetra and centrally-cleared through ClearStream Banking Frankfurt. Eric Romba, partner at the law firm ...",neutral,0.12,0.76,0.12,neutral,0.08,0.91,0.01,True,English,"['Iconic', 'Deutsche Börse', 'ClearStream Banking Frankfurt']","['Iconic Funds', 'Approval', 'Backed Bitcoin ETP', 'trading', 'partner', 'Eric Romba', 'law firm', ""Deutsche Börse's Xetra"", 'ClearStream Banking Frankfurt', 'notes']"
Clearstream,1,Bing API,https://www.assetservicingtimes.com/assetservicesnews/industryarticle.php?article_id=11746&navigationaction=industrynews&newssection=industry,Asset Servicing Times,2021-04-19,Clearstream and Bourse Direct to passport German-issued securities into France,Clearstream says Germany is the largest market for structured products in Europe with around 4 million structured products issued annually,Clearstream says Germany is the largest market for structured products in Europe with around 4 million structured products issued annually,neutral,0.02,0.97,0.01,neutral,0.0,1.0,0.0,True,English,"['Clearstream', 'Bourse Direct', 'Clearstream']","['passport German', 'Bourse Direct', 'securities', 'Clearstream', 'France', 'structured products', 'largest market', 'Europe', 'Germany', 'Clearstream']"
Clearstream,1,Bing API,https://www.assetservicingtimes.com/assetservicesnews/csdrarticle.php?article_id=11724&navigationaction=home&page=1&newssection=CSDR,Asset Servicing Times,2021-04-14,Clearstream gains CSDR licences for its international CSD,"Deutsche Boerse Group’s post-trade services provider Clearstream has obtained the Central Securities Depository Regulation (CSDR) licences for Clearstream Banking, its international central securities depository (ICSD).","Deutsche Boerse Group’s post-trade services provider Clearstream has obtained the Central Securities Depository Regulation (CSDR) licences for Clearstream Banking, its international central securities depository (ICSD).",neutral,0.35,0.62,0.03,neutral,0.0,1.0,0.0,True,English,"['Clearstream', 'Deutsche Boerse Group', 'Clearstream', 'Clearstream Banking']","['Clearstream gains CSDR licences', 'international CSD', 'international central securities depository', 'Central Securities Depository Regulation', 'Clearstream Banking', 'Deutsche Boerse Group’s post-trade services provider Clearstream', 'licences', 'CSDR', 'ICSD']"
Clearstream,1,Twitter,Twitter,Twitter: CSCarbon,2021-04-20,"As an approved Green Service provider, Clearstream Solutions can get you ready for a Green Future. Read more here:…",,"As an approved Green Service provider, Clearstream Solutions can get you ready for a Green Future. Read more here:…",positive,0.81,0.11,0.08,positive,0.81,0.11,0.08,True,English,"['Clearstream Solutions', 'Clearstream Solutions']","['Green Future', 'approved Green Service provider', 'Clearstream Solutions', 'Green Future', 'approved Green Service provider', 'Clearstream Solutions']"
Clearstream,1,Twitter,Twitter,Twitter: maxcerdan01,2021-04-20,DocKamran Have you seen the Clearstream Affair?,,DocKamran Have you seen the Clearstream Affair?,neutral,0.06,0.8,0.14,neutral,0.06,0.8,0.14,True,English,[],"['DocKamran', 'Clearstream Affair', 'DocKamran', 'Clearstream Affair']"
Clearstream,1,Twitter,Twitter,Twitter: Clearstream,2021-04-19,📢 boursedirect has chosen Clearstream’s European Issuer Portal to distribute German-issued structured products to…,,📢 boursedirect has chosen Clearstream’s European Issuer Portal to distribute German-issued structured products to…,neutral,0.0,1.0,0.0,neutral,0.0,1.0,0.0,True,English,"['boursedirect', 'Clearstream', 'boursedirect', 'Clearstream']","['German', 'Clearstream’s European Issuer Portal', 'structured products', 'German', 'Clearstream’s European Issuer Portal', 'structured products']"
Clearstream,1,Twitter,Twitter,Twitter: gripforgrabs,2021-04-15,Check out this product 😍 Antennas Direct Clearstream 4v Extreme Range Indoor And Outdoor Hdtv Antenna 😍 by Antenna…,,Check out this product 😍 Antennas Direct Clearstream 4v Extreme Range Indoor And Outdoor Hdtv Antenna 😍 by Antenna…,positive,0.8,0.2,0.0,positive,0.8,0.2,0.0,True,English,[],"['Outdoor Hdtv Antenna', 'Extreme Range Indoor', 'product 😍 Antennas Direct Clearstream', 'Outdoor Hdtv Antenna', 'Extreme Range Indoor', 'product 😍 Antennas Direct Clearstream']"
Clearstream,1,Twitter,Twitter,Twitter: AnalystDC,2021-04-15,DW3p4c yes... it’s harder though cause they hold some USTs at Euroclear and Clearstream as collateral for FX swaps…,,DW3p4c yes... it’s harder though cause they hold some USTs at Euroclear and Clearstream as collateral for FX swaps…,negative,0.01,0.01,0.98,negative,0.01,0.01,0.98,True,English,"['Euroclear', 'Clearstream', 'Euroclear', 'Clearstream']","['USTs', 'Clearstream', 'collateral', 'Euroclear', 'cause', 'FX swaps', 'DW3p4c', 'USTs', 'Clearstream', 'collateral', 'Euroclear', 'cause', 'FX swaps', 'DW3p4c']"
Clearstream,1,Twitter,Twitter,Twitter: Antennasdirect,2021-04-14,Thanks to The Dwight Guy for a glowing review of our ClearStream MAX-V antenna! WatchFreeTVwithAD…,,Thanks to The Dwight Guy for a glowing review of our ClearStream MAX-V antenna! WatchFreeTVwithAD…,positive,0.8,0.14,0.06,positive,0.8,0.14,0.06,True,English,[],"['glowing review', 'ClearStream MAX-V antenna', 'Dwight Guy', 'Thanks', 'WatchFreeTVwithAD', 'glowing review', 'ClearStream MAX-V antenna', 'Dwight Guy', 'Thanks', 'WatchFreeTVwithAD']"
Clearstream,1,Twitter,Twitter,Twitter: financelygroup,2021-04-14,Clearstream to adopt BearingPoint RegTech reporting solution - HedgeWeek: Clearstream to adopt BearingPoint RegTech…,,Clearstream to adopt BearingPoint RegTech reporting solution - HedgeWeek: Clearstream to adopt BearingPoint RegTech…,neutral,0.06,0.94,0.0,neutral,0.06,0.94,0.0,True,English,"['Clearstream', 'Clearstream', 'BearingPoint', 'Clearstream', 'Clearstream', 'BearingPoint']","['Clearstream', 'BearingPoint RegTech reporting solution - HedgeWeek', 'Clearstream', 'BearingPoint RegTech reporting solution - HedgeWeek']"
Clearstream,1,Twitter,Twitter,Twitter: ASTimes_,2021-04-14,Clearstream gains CSDR licences for its international CSD,,Clearstream gains CSDR licences for its international CSD,neutral,0.35,0.62,0.03,neutral,0.35,0.62,0.03,True,English,"['Clearstream', 'Clearstream']","['Clearstream gains CSDR licences', 'international CSD', 'Clearstream gains CSDR licences', 'international CSD']"
Clearstream,1,Twitter,Twitter,Twitter: Clearstream,2021-04-14,"📊 MonthlyResults Discover Clearstream's March results here, containing all facts and figures.…",,"📊 MonthlyResults Discover Clearstream's March results here, containing all facts and figures.…",neutral,0.02,0.92,0.06,neutral,0.02,0.92,0.06,True,English,"['Clearstream', 'Clearstream']","['facts', 'MonthlyResults', ""Clearstream's"", 'figures', 'facts', 'MonthlyResults', ""Clearstream's"", 'figures']"
Deutsche Boerse,2,Google API,https://www.etfexpress.com/2021/04/14/298654/deutsche-borse-expands-crypto-offering-xetra-etc-groups-litecoin-etn,,2021-04-15,Deutsche Börse expands crypto offering on Xetra with ETC ...,Deutsche Börse continues to expand its range of cryptocurrency products with the Exchange Traded Note (ETN) on Litecoin now available for trading via Xetra ...,Deutsche Börse continues to expand its range of cryptocurrency products with the Exchange Traded Note (ETN) on Litecoin now available for trading via Xetra ...,neutral,0.01,0.99,0.0,neutral,0.0,1.0,0.0,True,English,"['Deutsche Börse', 'Deutsche Börse']","['crypto offering', 'Xetra', 'Deutsche Börse', 'Litecoin', 'Exchange Traded Note', 'range of cryptocurrency products', 'ETN', 'trading', 'Xetra', 'Deutsche Börse']"
Deutsche Boerse,2,Google API,https://mondovisione.com/media-and-resources/news/deutsche-brse-to-expand-crypto-offering-on-xetra-with-etc-groups-litecoin-etn/,,2021-04-15,Deutsche Börse To Expand Crypto Offering On Xetra With ...,"Deutsche Börse continues to expand its range of cryptocurrency products: from today, an Exchange Traded Note (ETN) on Litecoin is available for trading via ...","Deutsche Börse continues to expand its range of cryptocurrency products: from today, an Exchange Traded Note (ETN) on Litecoin is available for trading via ...",neutral,0.04,0.94,0.02,neutral,0.0,1.0,0.0,True,English,"['Deutsche Börse', 'Xetra', 'Deutsche Börse']","['Crypto Offering', 'Deutsche Börse', 'Xetra', 'Litecoin', 'ETN', 'Exchange Traded Note', 'range of cryptocurrency products', 'Deutsche Börse', 'trading']"
Deutsche Boerse,2,Google API,https://www.financemagnates.com/cryptocurrency/news/deutsche-borse-expands-crypto-offering-with-litecoin-etn/,Finance Magnates,2021-04-15,Deutsche Börse Expands Crypto Offering with Litecoin ETN,Deutsche Börse Expands Crypto Offering with Litecoin ETN. The Exchange Traded Note (ETN) on Litecoin is now available for trading. Bilal Jafar | News ( ...,Deutsche Börse Expands Crypto Offering with Litecoin ETN. The Exchange Traded Note (ETN) on Litecoin is now available for trading. Bilal Jafar | News ( ...,neutral,0.01,0.99,0.0,neutral,0.02,0.97,0.01,True,English,"['Deutsche Börse', 'Deutsche Börse']","['Crypto Offering', 'Deutsche Börse', 'Litecoin ETN', 'Litecoin ETN', 'Crypto Offering', 'Deutsche Börse', 'Exchange Traded Note', 'Bilal Jafar', 'News', 'trading']"
Deutsche Boerse,2,Google API,https://www.coindesk.com/wisdomtree-list-bitcoin-etp-on-deutsche-boerse-as-etf-application-awaits-sec-review,CoinDesk,2021-04-15,WisdomTree Lists Bitcoin ETP on Deutsche Boerse as ETF Application Awaits SEC Review - CoinDesk,"The bitcoin ETP goes live in Frankfurt while U.S. regulators consider WisdomTree's bitcoin ETF application. Deutsche Boerse AG, Frankfurt, Germany (Alex ...","The bitcoin ETP goes live in Frankfurt while U.S. regulators consider WisdomTree's bitcoin ETF application. Deutsche Boerse AG, Frankfurt, Germany (Alex ...",neutral,0.12,0.88,0.0,neutral,0.13,0.85,0.02,True,English,"['WisdomTree', 'SEC', 'CoinDesk', 'WisdomTree', 'Deutsche Boerse AG']","['Deutsche Boerse', 'ETF Application', 'WisdomTree Lists Bitcoin ETP', 'SEC Review - CoinDesk', 'Frankfurt', 'bitcoin ETP', ""WisdomTree's bitcoin ETF application"", 'Germany', 'regulators', 'Deutsche Boerse AG', 'Alex']"
Deutsche Boerse,2,Google API,https://ledgerinsights.com/deutsche-boerse-how-intermediaries-can-adapt-to-blockchain-crypto/,Ledger Insights,2021-04-16,Deutsche Boerse: how intermediaries can adapt to blockchain ...,"Talking on a panel at the European Blockchain Convention, Simon Seiter, Head of Digital Assets at Deutsche Börse, spoke about disintermediation and ...","Talking on a panel at the European Blockchain Convention, Simon Seiter, Head of Digital Assets at Deutsche Börse, spoke about disintermediation and ...",neutral,0.01,0.98,0.01,neutral,0.01,0.98,0.01,True,English,"['Deutsche Boerse', 'Deutsche Börse']","['intermediaries', 'Deutsche Boerse', 'blockchain', 'Simon Seiter', 'Head of Digital Assets', 'European Blockchain Convention', 'Deutsche Börse', 'panel', 'disintermediation']"
Deutsche Boerse,2,Google API,https://seenews.com/news/bulgarian-stock-exchange-becomes-partner-of-deutsche-boerse-venture-network-738018,SeeNews,2021-04-15,Bulgarian Stock Exchange becomes partner of Deutsche ...,"SOFIA (Bulgaria), April 15 (SeeNews) - The Bulgarian Stock Exchange (BSE) said that it became a partner of the Deutsche Boerse Venture Network, which will ...","SOFIA (Bulgaria), April 15 (SeeNews) - The Bulgarian Stock Exchange (BSE) said that it became a partner of the Deutsche Boerse Venture Network, which will ...",neutral,0.02,0.97,0.01,neutral,0.01,0.99,0.0,True,English,"['Bulgarian Stock Exchange', 'Deutsche', 'Bulgarian Stock Exchange', 'BSE', 'Deutsche Boerse Venture Network']","['partner of Deutsche', 'Bulgarian Stock Exchange', 'SeeNews', 'Bulgarian Stock Exchange', 'partner', 'Deutsche Boerse Venture Network', 'BSE', 'SOFIA']"
Deutsche Boerse,2,Google API,https://mondovisione.com/media-and-resources/news/deutsche-brse-venture-network-expands-reach-in-europe-bulgarian-stock-exchange/,,2021-04-19,Deutsche Börse Venture Network Expands Reach In Europe ...,Deutsche Börse Venture Network is expanding its offering in Central and Eastern Europe: Bulgarian startups can now become early members of Deutsche ...,Deutsche Börse Venture Network is expanding its offering in Central and Eastern Europe: Bulgarian startups can now become early members of Deutsche ...,neutral,0.0,0.99,0.01,neutral,0.01,0.99,0.0,True,English,"['Deutsche Börse', 'Deutsche Börse Venture Network', 'Deutsche']","['Reach', 'Deutsche Börse Venture Network', 'Europe', 'early members of Deutsche', 'Deutsche Börse Venture Network', 'offering', 'Bulgarian startups', 'Eastern Europe']"
Deutsche Boerse,2,Google API,https://www.marketscreener.com/quote/stock/DEUTSCHE-BORSE-AG-449617/news/Deutsche-Borse-nbsp-Liquidity-tops-concerns-of-electronic-stock-traders-survey-finds-33010869/,,2021-04-20,Deutsche Börse : Liquidity tops concerns of electronic stock ...,"Deutsche Börse : Liquidity tops concerns of electronic stock traders, survey finds ... LONDON (Reuters) - Equity traders see buying and selling shares with minimal ...","Deutsche Börse : Liquidity tops concerns of electronic stock traders, survey finds ... LONDON (Reuters) - Equity traders see buying and selling shares with minimal ...",neutral,0.01,0.91,0.08,neutral,0.0,0.96,0.04,True,English,"['Deutsche Börse', 'Deutsche Börse', 'Reuters']","['Liquidity tops concerns of electronic stock', 'Deutsche Börse', 'Equity traders', 'Liquidity tops concerns of electronic stock traders', 'survey', 'LONDON', 'Deutsche Börse', 'Reuters', 'shares']"
Deutsche Boerse,2,Google API,https://www.directorstalkinterviews.com/deutsche-boerse-na-o.n.---consensus-indicates-potential--18.8-downside/412977226,,2021-04-13,DEUTSCHE BOERSE NA ON - Consensus Indicates Potential ...,DEUTSCHE BOERSE NA O.N. found using the Ticker (DB1.DE) now have 18 analysts covering the stock pointing to an overall recommendation of 'none'.,DEUTSCHE BOERSE NA O.N. found using the Ticker (DB1.DE) now have 18 analysts covering the stock pointing to an overall recommendation of 'none'.,neutral,0.01,0.97,0.02,neutral,0.08,0.84,0.08,True,English,['DEUTSCHE BOERSE NA O.N.'],"['Consensus', 'DEUTSCHE BOERSE NA', 'stock pointing', 'overall recommendation', 'DEUTSCHE BOERSE NA', 'Ticker', 'analysts']"
Deutsche Boerse,2,Google API,https://www.etfexpress.com/2021/04/14/298656/first-wisdomtree-bitcoin-etn-now-trading-xetra,,2021-04-15,First WisdomTree Bitcoin ETN tradeable on Xetra,"The product offering in Deutsche Börse's ETF & ETP segment currently comprises a total of 1,659 ETFs and 205 ETCs and ETNs. With this selection and an ...","The product offering in Deutsche Börse's ETF & ETP segment currently comprises a total of 1,659 ETFs and 205 ETCs and ETNs. With this selection and an ...",positive,0.55,0.44,0.01,neutral,0.08,0.9,0.02,True,English,['Deutsche Börse'],"['WisdomTree Bitcoin ETN tradeable', 'Xetra', ""Deutsche Börse's ETF"", 'ETP segment', 'product offering', 'total', 'ETFs', 'ETCs', 'ETNs', 'selection']"
Deutsche Boerse,2,Bing API,https://markets.businessinsider.com/news/stocks/deutsche_boerse_1-q1-earnings-preview-1030317828,Business Insider,2021-04-19,Deutsche Boerse is about to announce earnings — here's what Wall Street expects,Deutsche Boerse is reporting earnings from Q1 on April 21.Wall Street analysts predict earnings per share of $0.193.Go here to track Deutsche,Deutsche Boerse is reporting earnings from Q1 on April 21.Wall Street analysts predict earnings per share of $0.193.Go here to track Deutsche,neutral,0.04,0.94,0.02,neutral,0.0,0.99,0.01,True,English,"['Deutsche Boerse', 'Wall Street', 'Deutsche Boerse', 'Deutsche']","['earnings', 'Deutsche Boerse', 'Wall Street', 'earnings', 'Deutsche Boerse', 'Q1', 'Wall Street analysts', 'share']"
Deutsche Boerse,2,Bing API,https://markets.businessinsider.com/news/stocks/deutsche_boerse-q1-earnings-preview-1030317794,Business Insider,2021-04-19,Here's what to expect from Deutsche Börse's earnings,Deutsche Börse will report earnings from Q1.Analysts predict Deutsche Börse will release earnings per share of €1.61.Track Deutsche,Deutsche Börse will report earnings from Q1.Analysts predict Deutsche Börse will release earnings per share of €1.61.Track Deutsche,neutral,0.12,0.8,0.08,neutral,0.0,0.99,0.01,True,English,"['Deutsche Börse', 'Deutsche Börse', 'Deutsche Börse', 'Deutsche']","[""Deutsche Börse's earnings"", 'Deutsche Börse', 'earnings', 'Track Deutsche', 'Q1', 'share', 'Analysts']"
Deutsche Boerse,2,Twitter,Twitter,Twitter: Damingo9,2021-04-19,WisdomTree Lists Bitcoin ETP on Deutsche Boerse as ETF Application Awaits SEC Review 💜 via coindesk,,WisdomTree Lists Bitcoin ETP on Deutsche Boerse as ETF Application Awaits SEC Review 💜 via coindesk,positive,0.93,0.07,0.0,positive,0.93,0.07,0.0,True,English,[],"['Deutsche Boerse', 'ETF Application', 'WisdomTree Lists Bitcoin ETP', 'SEC Review', 'coindesk', 'Deutsche Boerse', 'ETF Application', 'WisdomTree Lists Bitcoin ETP', 'SEC Review', 'coindesk']"
Deutsche Boerse,2,Twitter,Twitter,Twitter: VanticaTrading,2021-04-19,"DeutscheBoerse : how intermediaries can adapt to blockchain, crypto -",,"DeutscheBoerse : how intermediaries can adapt to blockchain, crypto -",neutral,0.0,1.0,0.0,neutral,0.0,1.0,0.0,True,English,"['DeutscheBoerse', 'DeutscheBoerse']","['intermediaries', 'blockchain', 'DeutscheBoerse', 'intermediaries', 'blockchain', 'DeutscheBoerse']"
Deutsche Boerse,2,Twitter,Twitter,Twitter: Axiom_Inc,2021-04-17,WisdomTree List Bitcoin ETP on Deutsche Boerse as ETF Application Awaits SEC Review- SEC Coinbase ETP,,WisdomTree List Bitcoin ETP on Deutsche Boerse as ETF Application Awaits SEC Review- SEC Coinbase ETP,neutral,0.09,0.91,0.0,neutral,0.09,0.91,0.0,True,English,"['SEC', 'SEC', 'SEC', 'SEC']","['SEC Review-  SEC  Coinbase  ETP', 'WisdomTree List Bitcoin ETP', 'Deutsche Boerse', 'ETF Application', 'SEC Review-  SEC  Coinbase  ETP', 'WisdomTree List Bitcoin ETP', 'Deutsche Boerse', 'ETF Application']"
Deutsche Boerse,2,Twitter,Twitter,Twitter: kuriharan,2021-04-16,"Check it. Deutsche Boerse: how intermediaries can adapt to blockchain, crypto tech digital data business",,"Check it. Deutsche Boerse: how intermediaries can adapt to blockchain, crypto tech digital data business",neutral,0.01,0.98,0.01,neutral,0.01,0.98,0.01,True,English,"['Deutsche Boerse', 'Deutsche Boerse']","['blockchain', 'crypto   tech  digital  data  business', 'intermediaries', 'Deutsche Boerse', 'blockchain', 'crypto   tech  digital  data  business', 'intermediaries', 'Deutsche Boerse']"
Deutsche Boerse,2,Twitter,Twitter,Twitter: BitstreamBlocks,2021-04-15,"WisdomTree Lists Bitcoin ETP on Deutsche Boerse as ETF Application Awaits SEC Review,,…",,"WisdomTree Lists Bitcoin ETP on Deutsche Boerse as ETF Application Awaits SEC Review,,…",neutral,0.3,0.69,0.01,neutral,0.3,0.69,0.01,True,English,"['WisdomTree', 'WisdomTree']","['Deutsche Boerse', 'ETF Application', 'WisdomTree Lists Bitcoin ETP', 'SEC Review', 'Deutsche Boerse', 'ETF Application', 'WisdomTree Lists Bitcoin ETP', 'SEC Review']"
Deutsche Boerse,2,Twitter,Twitter,Twitter: krkirchhoff,2021-04-15,"My presentation at Venture Week, which I had the pleasure of giving together with Nathalie Richert from Deutsche Bö…",,"My presentation at Venture Week, which I had the pleasure of giving together with Nathalie Richert from Deutsche Bö…",positive,0.94,0.05,0.01,positive,0.94,0.05,0.01,True,English,"['Deutsche Bö', 'Deutsche Bö']","['Nathalie Richert', 'pleasure', 'Deutsche Bö', 'Venture Week', 'presentation', 'Nathalie Richert', 'pleasure', 'Deutsche Bö', 'Venture Week', 'presentation']"
Deutsche Boerse,2,Twitter,Twitter,Twitter: EtherDesk,2021-04-15,WisdomTree Investments Lists Its Bitcoin ETP On Deutsche Boerse’s Xetra Market.Read More: …,,WisdomTree Investments Lists Its Bitcoin ETP On Deutsche Boerse’s Xetra Market.Read More: …,neutral,0.21,0.78,0.01,neutral,0.21,0.78,0.01,True,English,"['WisdomTree Investments', 'Deutsche Boerse', 'WisdomTree Investments', 'Deutsche Boerse']","['Bitcoin ETP', 'Deutsche Boerse’s Xetra Market', 'WisdomTree Investments', 'Bitcoin ETP', 'Deutsche Boerse’s Xetra Market', 'WisdomTree Investments']"
Deutsche Boerse,2,Twitter,Twitter,Twitter: S_Edalati,2021-04-15,"Deutsche Boerse: how intermediaries can adapt to blockchain, crypto - Ledger Insights blockchain",,"Deutsche Boerse: how intermediaries can adapt to blockchain, crypto - Ledger Insights blockchain",neutral,0.0,1.0,0.0,neutral,0.0,1.0,0.0,True,English,"['Deutsche Boerse', 'Deutsche Boerse']","['crypto - Ledger Insights   blockchain', 'intermediaries', 'Deutsche Boerse', 'crypto - Ledger Insights   blockchain', 'intermediaries', 'Deutsche Boerse']"
Deutsche Boerse,2,Twitter,Twitter,Twitter: icncde_fortune,2021-04-15,WisdomTree Lists Bitcoin ETP on Deutsche Boerse as ETF Application Awaits SEC Review.Asset manager WisdomTree Inve…,,WisdomTree Lists Bitcoin ETP on Deutsche Boerse as ETF Application Awaits SEC Review.Asset manager WisdomTree Inve…,neutral,0.41,0.59,0.0,neutral,0.41,0.59,0.0,True,English,"['WisdomTree', 'WisdomTree', 'WisdomTree', 'WisdomTree']","['WisdomTree Lists Bitcoin ETP', 'Asset manager WisdomTree Inve', 'Deutsche Boerse', 'SEC Review', 'ETF Application', 'WisdomTree Lists Bitcoin ETP', 'Asset manager WisdomTree Inve', 'Deutsche Boerse', 'SEC Review', 'ETF Application']"
