﻿Searchword,Searchword_ID,API,URL,Title,Summary,Article,Title_Sentiment,Title_Positive,Title_Neutral,Title_Negative,Article_Sentiment,Article_Positive,Article_Neutral,Article_Negative,Verified,Language,NER,Topics,Date,Media,Source
EUREX,0,Google API,https://financefeeds.com/tradestation-securities-launches-micro-futures-contracts-eurex/,Tradestation Securities launches micro futures contracts from ...,"Eurex micro futures are at least ten times smaller than the regular products, giving trading participants the opportunity to hedge and gain exposure to the ...","Eurex micro futures are at least ten times smaller than the regular products, giving trading participants the opportunity to hedge and gain exposure to the ...",neutral,0.0,0.99,0.01,positive,0.63,0.31,0.06,True,English,['Tradestation Securities'],"['micro futures contracts', 'Tradestation Securities', 'times smaller', 'regular products', 'opportunity', 'trading participants', 'Eurex micro futures', 'exposure']",2021-04-28,,financefeeds.com
EUREX,0,Google API,https://www.prnewswire.com/news-releases/tradestation-supports-trading-of-micro-futures-from-eurex-301277165.html,TradeStation Supports Trading of Micro Futures from Eurex,"By supporting new products like Eurex micro futures contracts, we aim to set ourselves apart from many other platforms,"" said John Bartleman, President of ...","By supporting new products like Eurex micro futures contracts, we aim to set ourselves apart from many other platforms,"" said John Bartleman, President of ...",neutral,0.05,0.95,0.0,neutral,0.02,0.97,0.01,True,English,"['TradeStation', 'Eurex', 'Eurex']","['Trading of Micro Futures', 'TradeStation', 'Eurex', 'new products', 'Eurex micro futures contracts', 'John Bartleman', 'platforms', 'President']",2021-04-28,,prnewswire.com
EUREX,0,Google API,https://www.finextra.com/pressarticle/87317/ice-unveils-ultra-low-latency-wireless-market-data-offering-in-europe,ICE unveils ultra-low latency wireless market data offering in ...,... as well as Eurex and Xetra from Frankfurt. The use of this reliable wireless network will allow customers to leverage the benefits of a highly optimized wireless ...,... as well as Eurex and Xetra from Frankfurt. The use of this reliable wireless network will allow customers to leverage the benefits of a highly optimized wireless ...,neutral,0.0,1.0,0.0,positive,0.67,0.33,0.0,True,English,"['ICE', 'Eurex', 'Xetra']","['ultra-low latency wireless market data', 'ICE', 'optimized wireless', 'reliable wireless network', 'customers', 'benefits', 'use', 'Eurex', 'Xetra', 'Frankfurt']",2021-04-28,,finextra.com
EUREX,0,Google API,https://www.reuters.com/article/us-cboe-derivatives-idUSKBN2CG112,U.S.-based Cboe to launch Amsterdam derivatives trading in September,"Cboe faces tough competition from long-established rivals such as Deutsche Boerse's Eurex and Euronext, but hopes to grow the market overall in a region ...","Cboe faces tough competition from long-established rivals such as Deutsche Boerse's Eurex and Euronext, but hopes to grow the market overall in a region ...",neutral,0.0,1.0,0.0,negative,0.29,0.24,0.47,True,English,"['Cboe', 'Cboe', 'Deutsche Boerse', 'Eurex', 'Euronext']","['Amsterdam derivatives trading', 'based Cboe', 'long-established rivals', ""Deutsche Boerse's Eurex"", 'tough competition', 'Cboe', 'Euronext', 'market', 'region']",2021-04-30,,reuters.com
EUREX,0,Google API,https://www.directorstalkinterviews.com/deutsche-boerse-na-o.n.---consensus-indicates-potential--17.3-downside/412982803,DEUTSCHE BOERSE NA ON - Consensus Indicates Potential ...,"The company operates through seven segments: Eurex (Financial Derivatives), EEX (Commodities), 360T (Foreign Exchange), Xetra (Cash Equities), Clearstream ...","The company operates through seven segments: Eurex (Financial Derivatives), EEX (Commodities), 360T (Foreign Exchange), Xetra (Cash Equities), Clearstream ...",neutral,0.01,0.97,0.02,neutral,0.0,0.99,0.01,True,English,"['Eurex', 'EEX', '360T', 'Xetra', 'Clearstream']","['Consensus', 'DEUTSCHE BOERSE NA', 'Xetra', 'Eurex', 'Financial Derivatives', 'EEX', 'Commodities', 'Foreign Exchange', 'Cash Equities', 'segments', 'Clearstream', 'company']",2021-04-28,,directorstalkinterviews.com
EUREX,0,Google API,http://www.hedgeweek.com/2021/04/30/299548/chief-risk-officer-leave-ecc,Chief Risk Officer to leave ECC,"Previously, he held senior risk management positions at Eurex Clearing AG and Deutsche Börse AG. His appointment is still subject to the approval of the ...","Previously, he held senior risk management positions at Eurex Clearing AG and Deutsche Börse AG. His appointment is still subject to the approval of the ...",negative,0.01,0.02,0.97,neutral,0.02,0.97,0.01,True,English,"['ECC', 'Eurex Clearing AG', 'Deutsche Börse AG']","['Chief Risk Officer', 'ECC', 'Deutsche Börse AG', 'Eurex', 'senior risk management positions', 'appointment', 'approval']",2021-05-01,,hedgeweek.com
EUREX,0,Google API,https://theubj.com/business/10311/ice/,ICE Launches New Ultra-Low Latency Wireless Services In ...,"... to both cash and derivatives packages in the London triangle from ICE Futures, Euronext, CBOE Europe and LSE, similarly as Eurex and Xetra from Frankfurt.","... to both cash and derivatives packages in the London triangle from ICE Futures, Euronext, CBOE Europe and LSE, similarly as Eurex and Xetra from Frankfurt.",neutral,0.01,0.99,0.0,neutral,0.0,0.99,0.01,True,English,"['ICE', 'ICE Futures', 'Euronext', 'CBOE Europe', 'LSE', 'Eurex', 'Xetra']","['ICE Launches New Ultra-Low Latency Wireless Services', 'Euronext', 'London triangle', 'ICE Futures', 'CBOE Europe', 'LSE', 'derivatives packages', 'Eurex', 'Xetra', 'cash', 'Frankfurt']",2021-05-02,,theubj.com
EUREX,0,Google API,https://www.ft.com/content/207c5dad-2324-44cd-ac20-49492e6df18d,LME nears verdict on Ring closure after trader uproar,'The Battle of the Bund' leads to Germany's Eurex exchange seizing the market for futures on the country's long-term debt from London rival Liffe. The contracts ...,'The Battle of the Bund' leads to Germany's Eurex exchange seizing the market for futures on the country's long-term debt from London rival Liffe. The contracts ...,neutral,0.01,0.57,0.42,negative,0.01,0.24,0.75,True,English,"['LME', 'Ring', 'Eurex', 'Liffe']","['verdict', 'Ring closure', 'trader uproar', 'LME', ""country's"", 'debt', 'market', 'futures', ""Germany's Eurex exchange"", 'Bund', 'London rival Liffe', 'Battle', 'contracts']",2021-05-03,,ft.com
EUREX,0,Google API,https://www.ipe.com/news/people-moves-redington-creates-deputy-ceo-role/10052404.article,People moves: Redington creates deputy CEO role,"She was previously a fixed income sales analyst at Eurex, focussing on its listed product suite. BMO Real Estate Partners (BMO REP) – The firm, which is part of ...","She was previously a fixed income sales analyst at Eurex, focussing on its listed product suite. BMO Real Estate Partners (BMO REP) – The firm, which is part of ...",neutral,0.02,0.97,0.01,neutral,0.0,0.98,0.02,True,English,"['Eurex', 'BMO Real Estate Partners', 'BMO REP']","['Redington', 'deputy CEO role', 'People', 'BMO REP', 'BMO Real Estate Partners', 'Eurex', 'fixed income sales analyst', 'listed product suite', 'firm']",2021-04-30,,ipe.com
EUREX,0,Google API,https://www.thetradenews.com/tradetech-europe-must-shift-focus-from-lit-venues-as-trading-becomes-more-internalised/,TradeTech: Europe must shift focus from lit venues as trading ...,"... packages in the London triangle from ICE Futures, Euronext, Cboe Europe and London Stock Exchange, as well as Eurex and Xetra from Frankfurt. According ...","... packages in the London triangle from ICE Futures, Euronext, Cboe Europe and London Stock Exchange, as well as Eurex and Xetra from Frankfurt. According ...",neutral,0.01,0.99,0.0,neutral,0.05,0.93,0.02,True,English,"['ICE Futures', 'Euronext', 'Cboe Europe', 'London Stock Exchange', 'Eurex', 'Xetra']","['focus', 'Europe', 'lit venues', 'trading', 'TradeTech', 'London triangle', 'London Stock Exchange', 'Euronext', 'Cboe Europe', 'ICE Futures', 'Eurex', 'packages', 'Xetra', 'Frankfurt']",2021-04-28,,thetradenews.com
EUREX,0,Twitter,Twitter,Trade the European markets for less with the introduction of Micro Dax® and Micro Euro Stoxx 50® futures from Eurex…,nan,Trade the European markets for less with the introduction of Micro Dax® and Micro Euro Stoxx 50® futures from Eurex…,neutral,0.0,1.0,0.0,neutral,0.0,1.0,0.0,True,English,"['Eurex', 'Eurex']","['Micro Euro Stoxx', 'introduction of Micro Dax', 'futures', 'Eurex', 'European markets', 'Micro Euro Stoxx', 'introduction of Micro Dax', 'futures', 'Eurex', 'European markets']",2021-04-29,,Unknown
EUREX,0,Twitter,Twitter,This article examines the three index benchmarks covered by the new Eurex micro futures contracts and dive into sev…,nan,This article examines the three index benchmarks covered by the new Eurex micro futures contracts and dive into sev…,neutral,0.01,0.94,0.05,neutral,0.01,0.94,0.05,True,English,"['Eurex', 'Eurex']","['new Eurex micro futures contracts', 'dive', 'index benchmarks', 'sev', 'article', 'new Eurex micro futures contracts', 'dive', 'index benchmarks', 'sev', 'article']",2021-04-29,,Unknown
EUREX,0,Twitter,Twitter,"[Comment] Looking across markets into the Eurex open, feeling is that USD weakness was met with profit taking overn…",nan,"[Comment] Looking across markets into the Eurex open, feeling is that USD weakness was met with profit taking overn…",negative,0.03,0.1,0.87,negative,0.03,0.1,0.87,True,English,"['Eurex', 'Eurex']","['USD weakness', 'feeling', 'Eurex open', 'markets', 'profit', 'overn', 'Comment', 'USD weakness', 'feeling', 'Eurex open', 'markets', 'profit', 'overn', 'Comment']",2021-04-29,,Unknown
EUREX,0,Twitter,Twitter,v4 Playbook Chartbooks for EUREX Futures (v2252 Update) playbook orderflow…,nan,v4 Playbook Chartbooks for EUREX Futures (v2252 Update) playbook orderflow…,neutral,0.0,0.99,0.01,neutral,0.0,0.99,0.01,True,English,[],"['playbook  orderflow', 'v4 Playbook Chartbooks', 'EUREX Futures', 'v2252 Update', 'playbook  orderflow', 'v4 Playbook Chartbooks', 'EUREX Futures', 'v2252 Update']",2021-04-28,,Unknown
EUREX,0,Twitter,Twitter,"Thank you to our partners Eurex, Symphony, SIX, Clearstream and Broadridge and all those who participated in t…",nan,"Thank you to our partners Eurex, Symphony, SIX, Clearstream and Broadridge and all those who participated in t…",positive,0.96,0.03,0.01,positive,0.96,0.03,0.01,True,English,"['Eurex', 'Symphony', 'SIX', 'Clearstream', 'Broadridge', 'Eurex', 'Symphony', 'SIX', 'Clearstream', 'Broadridge']","['Symphony', 'Clearstream', 'partners Eurex', 'Broadridge', 'Symphony', 'Clearstream', 'partners Eurex', 'Broadridge']",2021-04-28,,Unknown
EUREX,0,Twitter,Twitter,TradeStation Adds Eurex's Micro Futures Contracts to its Offering exchange exchanges forex fx forexbroker…,nan,TradeStation Adds Eurex's Micro Futures Contracts to its Offering exchange exchanges forex fx forexbroker…,neutral,0.0,0.99,0.01,neutral,0.0,0.99,0.01,True,English,"['TradeStation', 'Eurex', 'TradeStation', 'Eurex']","['Offering exchange  exchanges  forex  fx  forexbroker', ""Eurex's Micro Futures Contracts"", 'TradeStation', 'Offering exchange  exchanges  forex  fx  forexbroker', ""Eurex's Micro Futures Contracts"", 'TradeStation']",2021-04-28,,Unknown
EUREX,0,Twitter,Twitter,"""TradeStation is among only a few U.S. brokerages supporting the Eurex micro futures contracts and we’re excited to…",nan,"""TradeStation is among only a few U.S. brokerages supporting the Eurex micro futures contracts and we’re excited to…",positive,0.77,0.21,0.02,positive,0.77,0.21,0.02,True,English,"['TradeStation', 'Eurex', 'TradeStation', 'Eurex']","['brokerages', 'Eurex micro futures contracts', 'TradeStation', 'brokerages', 'Eurex micro futures contracts', 'TradeStation']",2021-04-28,,Unknown
EUREX,0,Twitter,Twitter,Tradestation Securities launches micro futures contracts from Eurex,nan,Tradestation Securities launches micro futures contracts from Eurex,neutral,0.0,0.99,0.01,neutral,0.0,0.99,0.01,True,English,"['Tradestation Securities', 'Eurex', 'Tradestation Securities', 'Eurex']","['micro futures contracts', 'Tradestation Securities', 'Eurex', 'micro futures contracts', 'Tradestation Securities', 'Eurex']",2021-04-28,,Unknown
EUREX,0,Twitter,Twitter,Eurex DAX (FDX) is strongly tracking its seasonal tendencies Equities,nan,Eurex DAX (FDX) is strongly tracking its seasonal tendencies Equities,neutral,0.0,0.99,0.01,neutral,0.0,0.99,0.01,True,English,"['Eurex', 'Eurex']","['FDX', 'seasonal tendencies  Equities', 'Eurex DAX', 'FDX', 'seasonal tendencies  Equities', 'Eurex DAX']",2021-04-27,,Unknown
EUREX,0,Twitter,Twitter,"Register below to join Eurex, FlowTraders, MASACapital, rcmx_algos, and our Chief Market Strategist Marc Chandl…",nan,"Register below to join Eurex, FlowTraders, MASACapital, rcmx_algos, and our Chief Market Strategist Marc Chandl…",neutral,0.0,0.99,0.01,neutral,0.0,0.99,0.01,True,English,"['Eurex', 'FlowTraders', 'MASACapital', 'rcmx', 'algos', 'Eurex', 'FlowTraders', 'MASACapital', 'rcmx', 'algos']","['algos', 'rcmx', 'Chief Market Strategist Marc Chandl', 'FlowTraders', 'MASACapital', 'Eurex', 'algos', 'rcmx', 'Chief Market Strategist Marc Chandl', 'FlowTraders', 'MASACapital', 'Eurex']",2021-04-27,,Unknown
EUREX,0,Twitter,Twitter,"IBKR Shouldn't the new futures contract micro-dax 's real time data be available within ""eurex retail"" market data…",nan,"IBKR Shouldn't the new futures contract micro-dax 's real time data be available within ""eurex retail"" market data…",negative,0.0,0.09,0.91,negative,0.0,0.09,0.91,True,English,[],"['market data', 's real time data', 'new futures contract micro-dax', 'eurex retail', 'IBKR', 'market data', 's real time data', 'new futures contract micro-dax', 'eurex retail', 'IBKR']",2021-04-27,,Unknown
HSBC,1,Google API,https://www.laprensalatina.com/hsbc-profits-up-117-year-on-year-in-first-quarter/,HSBC profits up 117% year-on-year in first quarter,"In the earnings release sent Tuesday to the Hong Kong Stock Exchange, where HSBC is listed, group chief executive Noel Quinn said the figures reflect “a good ...","In the earnings release sent Tuesday to the Hong Kong Stock Exchange, where HSBC is listed, group chief executive Noel Quinn said the figures reflect “a good ...",neutral,0.0,1.0,0.0,positive,0.92,0.06,0.02,True,English,"['HSBC', 'Kong Stock Exchange', 'HSBC']","['year', 'HSBC profits', 'quarter', 'HSBC', 'group chief executive Noel Quinn', 'figures', 'Hong Kong Stock Exchange', 'earnings release']",2021-04-28,,laprensalatina.com
HSBC,1,Google API,https://dailybusinessgroup.co.uk/2021/04/hsbc-kicks-off-year-with-jump-in-profits/,HSBC kicks off year with jump in Q1 profits,HSBC has beaten analysts' expectations to post a 79% rise in pre-tax profit of $5.8 billion (£4.18bn) in the first quarter against a forecast $3.34bn (£2.41bn).,HSBC has beaten analysts' expectations to post a 79% rise in pre-tax profit of $5.8 billion (£4.18bn) in the first quarter against a forecast $3.34bn (£2.41bn).,neutral,0.01,0.88,0.11,negative,0.0,0.07,0.93,True,English,"['HSBC', 'HSBC']","['jump', 'year', 'Q1 profits', 'HSBC', 'bn', 'quarter', 'forecast', 'HSBC', ""analysts' expectations"", 'pre-tax profit']",2021-04-27,,dailybusinessgroup.co.uk
HSBC,1,Google API,https://www.bbc.com/news/business-56897458,HSBC forecasts brighter outlook as profits surge,HSBC has reported stronger than expected profits and says the economic outlook is looking brighter. Europe's biggest bank by assets reported income of $5.8bn ...,HSBC has reported stronger than expected profits and says the economic outlook is looking brighter. Europe's biggest bank by assets reported income of $5.8bn ...,positive,0.59,0.39,0.02,positive,0.96,0.02,0.02,True,English,"['HSBC', 'HSBC']","['HSBC forecasts brighter outlook', 'profits surge', 'expected profits', 'assets', 'income', ""Europe's biggest bank"", 'HSBC', 'economic outlook', 'bn']",2021-04-28,,bbc.com
HSBC,1,Google API,https://www.skysports.com/golf/news/12176/12290091/lpga-tour-inbee-park-fires-eight-under-64-to-lead-hsbc-womens-world-championship,LPGA Tour: Inbee Park fires eight-under 64 to lead HSBC Women's World Championship,"Inbee Park thrived in the stifling heat of Singapore as she fired a 64 to claim the first-round lead at the HSBC Women's World Championship. Park, twice the ...","Inbee Park thrived in the stifling heat of Singapore as she fired a 64 to claim the first-round lead at the HSBC Women's World Championship. Park, twice the ...",neutral,0.0,0.99,0.01,negative,0.0,0.0,1.0,True,English,['HSBC'],"['LPGA Tour', 'Inbee Park fires', ""HSBC Women's World Championship"", 'Inbee Park', ""HSBC Women's World Championship"", 'round lead', 'stifling heat of Singapore']",2021-05-02,,skysports.com
HSBC,1,Google API,https://golfweek.usatoday.com/2021/04/29/lpga-inbee-park-hsbc-womens-world-husband/,Inbee Park jumps out to early lead at HSBC Women’s World with husband on the bag,"With her husband on the bag, Inbee Park jumped out to the early lead at the HSBC Women's World Championship in Singapore. Park, a two-time winner of the ...","With her husband on the bag, Inbee Park jumped out to the early lead at the HSBC Women's World Championship in Singapore. Park, a two-time winner of the ...",neutral,0.12,0.72,0.16,neutral,0.19,0.76,0.05,True,English,['HSBC'],"['early lead', 'HSBC Women’s World', 'husband', 'Inbee Park', 'bag', 'Inbee Park', 'early lead', ""HSBC Women's World Championship"", 'Singapore', 'husband', 'bag', 'two-time winner']",2021-04-30,,golfweek.usatoday.com
HSBC,1,Google API,https://www.straitstimes.com/sport/golf/golf-south-koreas-park-hee-young-joins-in-bee-at-the-top-of-hsbc-womens-world-cship,Golf: Parked at the top of the HSBC Women's World C'ship ...,SINGAPORE - With the memory of a birdie putt on the final hole that put her atop the HSBC Women's World Championship leaderboard yesterday still fresh in ...,SINGAPORE - With the memory of a birdie putt on the final hole that put her atop the HSBC Women's World Championship leaderboard yesterday still fresh in ...,neutral,0.02,0.97,0.01,positive,0.67,0.3,0.03,True,English,"['HSBC', 'HSBC']","[""HSBC Women's World C'ship"", 'Golf', ""HSBC Women's World Championship leaderboard"", 'birdie putt', 'final hole', 'memory', 'SINGAPORE']",2021-05-01,,straitstimes.com
HSBC,1,Google API,https://www.golfchannel.com/news/hyo-joo-kim-fires-64-wins-hsbc-one-hannah-green-bogeys-final-two-holes,"Hyo Joo Kim fires 64, wins HSBC by one as Hannah Green ...",... of the clubhouse as Hannah Green bogeyed her final two holes to hand Kim a one-stroke victory Sunday in the LPGA's HSBC Women's World Championship.,... of the clubhouse as Hannah Green bogeyed her final two holes to hand Kim a one-stroke victory Sunday in the LPGA's HSBC Women's World Championship.,neutral,0.03,0.97,0.0,neutral,0.03,0.95,0.02,True,English,"['HSBC', 'LPGA']","['HSBC', 'Hyo Joo Kim fires', 'Hannah Green', 'stroke victory', 'holes', ""LPGA's HSBC Women's World Championship"", 'hand Kim', 'Hannah Green', 'clubhouse']",2021-05-02,,golfchannel.com
HSBC,1,Google API,https://www.skysports.com/golf/news/12176/12291974/hsbc-womens-world-championship-xiyu-lin-takes-narrow-lead-over-hannah-green-and-inbee-park,HSBC Women's World Championship: Xiyu Lin takes narrow lead over Hannah Green and Inbee Park,Xiyu Lin holds a one-shot lead over Hannah Green and Inbee Park heading into the final round of the HSBC Women's World Championship in Singapore; Lydia ...,Xiyu Lin holds a one-shot lead over Hannah Green and Inbee Park heading into the final round of the HSBC Women's World Championship in Singapore; Lydia ...,neutral,0.01,0.98,0.01,neutral,0.01,0.99,0.0,True,English,[],"['Xiyu Lin', 'narrow lead', 'Hannah Green', ""HSBC Women's World Championship"", 'Inbee Park', 'one-shot lead', ""HSBC Women's World Championship"", 'Inbee Park', 'final round', 'Hannah Green', 'Singapore', 'Lydia', 'Xiyu Lin']",2021-05-02,,skysports.com
HSBC,1,Google API,https://www.standard.co.uk/business/ftse-100-set-to-fall-despite-strong-hsbc-profits-as-india-s-covid-woes-hit-sentiment-b931859.html,FTSE 100 set to fall despite strong HSBC profits as India’s Covid woes hit sentiment,"HSBC chief executive Noel Quinn said: “The economic outlook has improved, although uncertainties remain.” The bank is one of the most heavily-weighted stocks ...","HSBC chief executive Noel Quinn said: “The economic outlook has improved, although uncertainties remain.” The bank is one of the most heavily-weighted stocks ...",neutral,0.03,0.75,0.22,negative,0.12,0.24,0.64,True,English,"['HSBC', 'Covid', 'HSBC']","['strong HSBC profits', 'India’s Covid woes', 'set', 'sentiment', 'FTSE', 'HSBC chief executive Noel Quinn', 'economic outlook', 'uncertainties', 'weighted stocks', 'bank']",2021-04-27,,standard.co.uk
HSBC,1,PyNews API,https://www.reuters.com/video/watch/idOVEAAYZYJ,"HSBC profits soar, but Archegos hits UBS, Nomura - Reuters.com","Profits are soaring at HSBC as vaccine rollouts lift the global economic outlook, but UBS and Nomura continue to suffer from the collapse of U.S. investment firm Archegos. Julian Satterthwaite reports.","Posted Profits are soaring at HSBC as vaccine rollouts lift the global economic outlook, but UBS and Nomura continue to suffer from the collapse of U.S. investment firm Archegos. Julian Satterthwai… [+10 chars]",neutral,0.02,0.94,0.04,negative,0.0,0.0,1.0,True,English,"['HSBC', 'Archegos', 'UBS', 'Nomura', 'Reuters', 'Reuters.com', 'HSBC', 'UBS', 'Nomura', 'Archegos']","['Archegos hits UBS', 'HSBC profits soar', 'Nomura -', 'global economic outlook', 'vaccine rollouts', 'collapse of', 'HSBC', 'Nomura', 'UBS', 'investment firm Archegos', 'Julian Satterthwai', 'chars', 'Profits']",2021-04-27,,reuters.com
HSBC,1,PyNews API,https://www.reuters.com/lifestyle/sports/kim-takes-hsbc-title-after-greens-bogey-finish-2021-05-02/,Kim takes HSBC title after Green's bogey finish - Reuters,Kim Hyo-joo won the HSBC Women's World Championship at Singapore's Sentosa Golf Club on Sunday as Australian Hannah Green bogeyed the last two holes to hand the South Korean victory in the $1.6 million tournament.,"Jun 22, 2019; Chaska, MN, USA; Hyo Joo Kim plays her shot from the fourth tee during the third round of the KPMG Women's PGA Championship at Hazeltine National Golf Club. Mandatory Credit: Brian Spur… [+1725 chars]",neutral,0.01,0.92,0.07,neutral,0.02,0.96,0.02,True,English,"['HSBC', 'Reuters']","['HSBC title', ""Green's bogey finish - Reuters"", 'Kim', ""KPMG Women's PGA Championship"", 'Hazeltine National Golf Club', 'Hyo Joo Kim', 'MN', 'USA', 'round', 'Brian Spur', 'shot', 'Mandatory Credit', 'Chaska']",2021-05-02,,reuters.com
HSBC,1,PyNews API,https://www.reuters.com/article/hsbc-hldg-results-headquarters-idUSL8N2MK2NO,RPT-HSBC not intending to review headquarters location in London - Reuters,"HSBC is not intending to review its headquarters location in London, the bank's Chief Executive Noel Quinn said after the lender posted better than expected first quarter results on Tuesday.","By Reuters Staff (Repeats to more subscribers) LONDON, April 27 (Reuters) - HSBC is not intending to review its headquarters location in London, the banks Chief Executive Noel Quinn said after the … [+388 chars]",neutral,0.02,0.94,0.04,neutral,0.01,0.88,0.11,True,English,"['RPT-HSBC', 'Reuters', 'Reuters', 'Reuters', 'HSBC']","['headquarters location', 'London - Reuters', 'RPT-HSBC', 'LONDON', 'Reuters Staff', 'banks Chief Executive Noel Quinn', 'headquarters location', 'Repeats', 'subscribers', 'HSBC', 'chars']",2021-04-27,,reuters.com
HSBC,1,PyNews API,https://www.reuters.com/article/us-europe-stocks-idUSKBN2CE0MS,"UPDATE 1-European shares flat as UBS unveils Archegos hit, travel stocks shine - Reuters","European stocks were largely flat on Tuesday following earnings from blue-chip companies such as HSBC and BP, while UBS became the latest bank to disclose a hit from dealing with U.S. investment firm Archegos.","(Reuters) - European stocks were largely flat on Tuesday following earnings from blue-chip companies such as HSBC and BP, while UBS became the latest bank to disclose a hit from dealing with U.S. inv… [+2146 chars]",neutral,0.0,1.0,0.0,neutral,0.0,0.98,0.02,True,English,"['UBS', 'Archegos', 'Reuters', 'Reuters', 'HSBC', 'BP', 'UBS']","['UBS', 'Archegos', 'European shares', 'travel stocks', 'Reuters', 'UPDATE', 'HSBC', 'BP', 'UBS', 'latest bank', 'European stocks', 'hit', 'earnings', 'companies', 'inv', 'Reuters']",2021-04-27,,reuters.com
HSBC,1,PyNews API,https://www.reuters.com/business/energy/adnoc-dutch-listed-oci-set-pick-citi-fab-hsbc-jv-ipo-sources-2021-04-26/,"ADNOC, Dutch-listed OCI set to pick Citi, FAB, HSBC for JV IPO - sources - Reuters","Abu Dhabi National Oil Company (ADNOC) (ADNOC.UL) and chemical producer OCI N.V. (OCI) (OCI.AS) are likely to pick First Abu Dhabi Bank, (FAB.AD) HSBC (HSBA.L) and Citigroup (C.N) to work on the public-share sale of their fertiliser joint venture Fertiglobe, …","Abu Dhabi National Oil Company (ADNOC) (ADNOC.UL) and chemical producer OCI N.V. (OCI) (OCI.AS) are likely to pick First Abu Dhabi Bank, (FAB.AD) HSBC (HSBA.L) and Citigroup (C.N) to work on the publ… [+1612 chars]",neutral,0.04,0.96,0.0,neutral,0.01,0.97,0.02,True,English,"['ADNOC', 'OCI', 'Citi', 'FAB', 'HSBC', 'Reuters', 'Abu Dhabi National Oil Company', 'ADNOC', 'ADNOC', 'UL', 'OCI N.V.', 'OCI', 'OCI.AS', 'First Abu Dhabi Bank', 'FAB', 'HSBC', 'HSBA', 'Citigroup', 'C.N']","['JV IPO - sources', 'Citi', 'HSBC', 'Dutch-listed OCI', 'ADNOC', 'Reuters', 'ADNOC', 'Abu Dhabi Bank', 'Abu Dhabi National Oil Company', 'chemical producer OCI', 'UL', 'Citigroup', 'HSBC', 'publ', 'HSBA', 'chars']",2021-04-26,,reuters.com
HSBC,1,PyNews API,https://www.reuters.com/article/global-precious-idUSL1N2MK0PE,"PRECIOUS-Gold steady ahead of Fed meeting, palladium scales record peak - Reuters","* Dollar index gains 0.2% * Palladium hits new record high of $2,960.50/oz * Palladium deficit to widen sharply in 2021: HSBC (Recasts, adds quote, updates prices) By Sethuraman N R April 27 (Reuters) - Gold prices were little changed on Tuesday ahead of the …","* Dollar index gains 0.2% * Palladium hits new record high of $2,960.50/oz * Palladium deficit to widen sharply in 2021: HSBC (Recasts, adds quote, updates prices) By Sethuraman N R April 27… [+1942 chars]",neutral,0.05,0.95,0.0,neutral,0.0,0.99,0.01,True,English,"['Fed', 'Reuters', 'HSBC']","['Fed meeting', 'palladium scales record peak - Reuters', 'PRECIOUS-Gold steady', 'Palladium deficit', 'Recasts', 'quote', 'updates prices', 'new record high', 'Sethuraman N R', 'Dollar index gains', 'chars', 'HSBC']",2021-04-27,,reuters.com
HSBC,1,Twitter,Twitter,5 May 2021: Lazada 5.5 Sale RM20 OFF with HSBC Credit Card promo malaysia,nan,5 May 2021: Lazada 5.5 Sale RM20 OFF with HSBC Credit Card promo malaysia,neutral,0.0,0.91,0.09,neutral,0.0,0.91,0.09,True,English,"['HSBC', 'HSBC']","['HSBC Credit Card   promo  malaysia', 'Sale RM20', 'Lazada', 'HSBC Credit Card   promo  malaysia', 'Sale RM20', 'Lazada']",2021-05-03,,Unknown
HSBC,1,Twitter,Twitter,HSBC is to increase the salaries of its junior investment bankers and hire more staff to share the workload as it l…,nan,HSBC is to increase the salaries of its junior investment bankers and hire more staff to share the workload as it l…,neutral,0.02,0.96,0.02,neutral,0.02,0.96,0.02,True,English,"['HSBC', 'HSBC']","['salaries', 'staff', 'junior investment bankers', 'HSBC', 'workload', 'salaries', 'staff', 'junior investment bankers', 'HSBC', 'workload']",2021-05-03,,Unknown
HSBC,1,Twitter,Twitter,Police warn of new HSBC bank scam after texts,nan,Police warn of new HSBC bank scam after texts,negative,0.0,0.0,1.0,negative,0.0,0.0,1.0,True,English,"['HSBC', 'HSBC']","['new HSBC bank scam', 'Police', 'texts', 'new HSBC bank scam', 'Police', 'texts']",2021-05-03,,Unknown
HSBC,1,Twitter,Twitter,joecousins89 Brilliant! ... I hope this letter finds its way to Senior Management of HSBC. Julie needs a good dressing down!,nan,joecousins89 Brilliant! ... I hope this letter finds its way to Senior Management of HSBC. Julie needs a good dressing down!,positive,0.99,0.01,0.0,positive,0.99,0.01,0.0,True,English,"['Senior', 'HSBC', 'Senior', 'HSBC']","['way', 'Senior Management of HSBC', 'letter', 'Julie', 'good dressing', 'joecousins89 Brilliant', 'way', 'Senior Management of HSBC', 'letter', 'Julie', 'good dressing', 'joecousins89 Brilliant']",2021-05-03,,Unknown
HSBC,1,Twitter,Twitter,Jobs at HSBC Sri Lanka🔴 Customer Service Executives🔴 Fund Administrators🔴 Fund Administration Supervisors App…,nan,Jobs at HSBC Sri Lanka🔴 Customer Service Executives🔴 Fund Administrators🔴 Fund Administration Supervisors App…,neutral,0.0,1.0,0.0,neutral,0.0,1.0,0.0,True,English,"['HSBC Sri Lanka', 'HSBC Sri Lanka']","['HSBC Sri Lanka🔴 Customer Service Executives🔴 Fund Administrators🔴 Fund Administration Supervisors App', 'Jobs', 'HSBC Sri Lanka🔴 Customer Service Executives🔴 Fund Administrators🔴 Fund Administration Supervisors App', 'Jobs']",2021-05-03,,Unknown
HSBC,1,Twitter,Twitter,HSBC Please ask from customer service team to call me back regarding credit card issue,nan,HSBC Please ask from customer service team to call me back regarding credit card issue,neutral,0.01,0.63,0.36,neutral,0.01,0.63,0.36,True,English,[],"['customer service team', 'HSBC', 'credit card issue', 'customer service team', 'HSBC', 'credit card issue']",2021-05-03,,Unknown
HSBC,1,Twitter,Twitter,LPGA Tour: Inbee Park fires eight-under 64 to lead HSBC eightunder games sports sportsnews tour womens,nan,LPGA Tour: Inbee Park fires eight-under 64 to lead HSBC eightunder games sports sportsnews tour womens,neutral,0.0,1.0,0.0,neutral,0.0,1.0,0.0,True,English,"['HSBC', 'HSBC']","['LPGA Tour', 'HSBC   eightunder  games  sports  sportsnews  tour', 'Inbee  Park  fires', 'LPGA Tour', 'HSBC   eightunder  games  sports  sportsnews  tour', 'Inbee  Park  fires']",2021-05-03,,Unknown
Morgan Stanley,2,Google API,https://www.financialexpress.com/industry/banking-finance/after-morgan-stanley-jpmorgan-prepares-to-offer-rich-clients-access-to-bitcoin-fund/2240746/,"After Morgan Stanley, JPMorgan prepares to offer rich clients access to bitcoin fund","After Morgan Stanley, JPMorgan prepares to offer rich clients access to bitcoin fund. By: Sandeep Soni |. April 26, 2021 10:57 PM. The move ...","After Morgan Stanley, JPMorgan prepares to offer rich clients access to bitcoin fund. By: Sandeep Soni |. April 26, 2021 10:57 PM. The move ...",neutral,0.12,0.88,0.0,neutral,0.06,0.93,0.01,True,English,"['Morgan Stanley', 'JPMorgan', 'Morgan Stanley', 'JPMorgan']","['rich clients access', 'JPMorgan', 'bitcoin fund', 'Morgan Stanley', 'rich clients access', 'JPMorgan', 'bitcoin fund', 'Morgan Stanley', 'Sandeep Soni']",2021-04-27,,financialexpress.com
Morgan Stanley,2,Google API,https://www.barrons.com/articles/bitcoin-is-recovering-why-jp-morgan-could-the-reason-51619453575,Why Bitcoin's Price Is Recovering Today,"Morgan Stanley (MS) started offering privately managed Bitcoin funds to high-net-worth clients in March. One of its funds, FS NYDIG Select Bitcoin Fund LP, has ...","Morgan Stanley (MS) started offering privately managed Bitcoin funds to high-net-worth clients in March. One of its funds, FS NYDIG Select Bitcoin Fund LP, has ...",neutral,0.05,0.81,0.14,neutral,0.01,0.99,0.0,True,English,"['Morgan Stanley', 'MS', 'FS NYDIG Select Bitcoin Fund LP']","[""Bitcoin's Price"", 'managed Bitcoin funds', 'Bitcoin Fund LP', 'high-net', 'FS NYDIG', 'MS', 'worth clients', 'Morgan Stanley']",2021-04-27,,barrons.com
Morgan Stanley,2,Google API,https://www.coindesk.com/jpmorgan-to-let-clients-invest-in-bitcoin-fund-for-first-time-sources,JPMorgan to Let Clients Invest in Bitcoin Fund for First Time: Sources - CoinDesk,"Galaxy and NYDIG are now offering bitcoin funds to Morgan Stanley clients. The JPMorgan fund will be for private wealth clients, a source familiar with the ...","Galaxy and NYDIG are now offering bitcoin funds to Morgan Stanley clients. The JPMorgan fund will be for private wealth clients, a source familiar with the ...",neutral,0.04,0.96,0.0,positive,0.91,0.09,0.0,True,English,"['JPMorgan', 'CoinDesk', 'Galaxy', 'NYDIG', 'Morgan Stanley', 'JPMorgan']","['Bitcoin Fund', 'Time', 'Clients', 'Sources - CoinDesk', 'JPMorgan', 'private wealth clients', 'Morgan Stanley clients', 'bitcoin funds', 'source familiar', 'JPMorgan fund', 'NYDIG', 'Galaxy']",2021-04-27,,coindesk.com
Morgan Stanley,2,Google API,https://www.barrons.com/articles/splunk-slides-as-morgan-stanley-downgrades-on-business-transition-issues-51619535003,Splunk Slides as Morgan Stanley Downgrades on Business ...,Splunk shares were trading sharply lower onTuesday after Morgan Stanley analyst Keith Weiss cut his rating on the data analytics software company to Equal ...,Splunk shares were trading sharply lower onTuesday after Morgan Stanley analyst Keith Weiss cut his rating on the data analytics software company to Equal ...,negative,0.03,0.41,0.56,neutral,0.01,0.64,0.35,True,English,"['Morgan Stanley', 'Splunk', 'Morgan Stanley', 'Equal']","['Morgan Stanley Downgrades', 'Splunk Slides', 'Business', 'rating', 'lower onTuesday', 'Morgan Stanley analyst Keith Weiss', 'data analytics software company', 'Splunk shares']",2021-04-28,,barrons.com
Morgan Stanley,2,Google API,https://www.livewiremarkets.com/wires/where-morgan-stanley-sees-value-today,Where Morgan Stanley sees value today - Glenn Freeman ...,"In his role heading Morgan Stanley's Australian wealth management research, Lim and his team keep a close watch on emerging markets and the broader ...","In his role heading Morgan Stanley's Australian wealth management research, Lim and his team keep a close watch on emerging markets and the broader ...",neutral,0.21,0.77,0.02,positive,0.54,0.45,0.01,True,English,"['Morgan Stanley', 'Morgan Stanley']","['value', 'Morgan Stanley', 'Glenn Freeman', 'Lim', ""Morgan Stanley's Australian wealth management research"", 'team', 'close watch', 'role', 'emerging markets']",2021-04-27,,livewiremarkets.com
Morgan Stanley,2,Google API,https://www.investing.com/news/morgan-stanley-stick-to-their-hold-rating-for-klatencor-2485411,Morgan Stanley Stick to Their Hold Rating for Kla-Tencor By ...,"Morgan Stanley (NYSE:MS) analyst Joseph Moore maintained a Hold rating on Kla-Tencor (NASDAQ:KLAC) on Monday, setting a price target of $349, which is ...","Morgan Stanley (NYSE:MS) analyst Joseph Moore maintained a Hold rating on Kla-Tencor (NASDAQ:KLAC) on Monday, setting a price target of $349, which is ...",neutral,0.01,0.98,0.01,neutral,0.01,0.99,0.0,True,English,"['Morgan Stanley', 'Kla-Tencor', 'Morgan Stanley', 'Kla-Tencor', 'KLAC']","['Hold Rating', 'Morgan Stanley Stick', 'Kla-Tencor', 'analyst Joseph Moore', 'Hold rating', 'NYSE', 'MS', 'Kla-Tencor', 'NASDAQ', 'Morgan Stanley', 'KLAC', 'price target']",2021-04-27,,investing.com
Morgan Stanley,2,Google API,https://www.caixinglobal.com/2021-04-29/morgan-stanley-set-to-take-greater-control-over-two-china-joint-ventures-101703926.html,Morgan Stanley Set to Take Greater Control Over Two China ...,U.S. financial services giant Morgan Stanley looks set to take almost full control of its two Chinese mainland joint ventures after a Chinese partner announced ...,U.S. financial services giant Morgan Stanley looks set to take almost full control of its two Chinese mainland joint ventures after a Chinese partner announced ...,neutral,0.11,0.88,0.01,neutral,0.01,0.98,0.01,True,English,"['Morgan Stanley', 'Morgan Stanley']","['Greater Control', 'Morgan Stanley', 'China', 'Chinese partner', 'Chinese mainland joint ventures', 'set', 'financial services giant Morgan Stanley', 'control']",2021-04-30,,caixinglobal.com
Morgan Stanley,2,Google API,https://www.reuters.com/technology/exclusive-salesforce-rival-freshworks-hires-banks-ipo-sources-2021-04-27/,EXCLUSIVE Salesforce rival Freshworks hires banks for IPO ...,"Freshworks and Morgan Stanley declined to comment. Freshworks' IPO preparations come amid a rapid expansion of the business software sector, as the COVID- ...","Freshworks and Morgan Stanley declined to comment. Freshworks' IPO preparations come amid a rapid expansion of the business software sector, as the COVID- ...",neutral,0.01,0.97,0.02,neutral,0.07,0.83,0.1,True,English,"['Salesforce', 'Freshworks', 'Freshworks', 'Morgan Stanley', 'Freshworks', 'COVID']","['EXCLUSIVE Salesforce rival Freshworks hires banks', 'IPO', 'Freshworks', 'rapid expansion', 'business software sector', 'IPO preparations', 'COVID', 'Morgan Stanley']",2021-04-28,,reuters.com
Morgan Stanley,2,Google API,https://www.timesofisrael.com/thomas-nides-morgan-stanley-executive-reportedly-to-become-us-envoy-to-israel/,Thomas Nides emerges as frontrunner to become US envoy to ...,"He is the managing director and vice chairman of Morgan Stanley and has served in multiple financial institutions, including Credit Suisse and Burson-Marsteller ...","He is the managing director and vice chairman of Morgan Stanley and has served in multiple financial institutions, including Credit Suisse and Burson-Marsteller ...",neutral,0.08,0.9,0.02,neutral,0.02,0.96,0.02,True,English,"['Morgan Stanley', 'Credit Suisse', 'Burson-Marsteller']","['frontrunner', 'Thomas Nides', 'US envoy', 'Credit Suisse', 'vice chairman of Morgan Stanley', 'multiple financial institutions', 'managing director', 'Burson-Marsteller']",2021-04-28,,timesofisrael.com
Morgan Stanley,2,PyNews API,https://www.reuters.com/article/scotland-independence-morganstanley-idUSL8N2ML2T6,Morgan Stanley sees 15% chance of Scottish independence from UK - Reuters,"There is a 15% chance of Scottish independence from the United Kingdom and a 30% risk of second independence referendum, investment bank Morgan Stanley said on Wednesday, ahead of national elections early next month.","By Reuters Staff LONDON, April 28 (Reuters) - There is a 15% chance of Scottish independence from the United Kingdom and a 30% risk of second independence referendum, investment bank Morgan Stanley … [+835 chars]",neutral,0.09,0.9,0.01,neutral,0.0,0.53,0.47,True,English,"['Morgan Stanley', 'Reuters', 'Reuters', 'Reuters', 'Morgan Stanley']","['chance of Scottish independence', 'UK - Reuters', 'Morgan Stanley', 'independence referendum', 'chance of Scottish independence', 'Reuters Staff', 'investment bank Morgan Stanley', 'risk', 'United Kingdom', 'chars', 'LONDON']",2021-04-28,,reuters.com
Morgan Stanley,2,PyNews API,https://www.reuters.com/world/uk/morgan-stanley-sees-15-chance-scottish-independence-uk-2021-04-28/,Morgan Stanley sees 15% chance of Scottish independence from UK - Reuters,"There is a 15% chance of Scottish independence from the United Kingdom and a 30% risk of second independence referendum, investment bank Morgan Stanley said on Wednesday, ahead of national elections early next month.","A sign is displayed on the Morgan Stanley building in New York U.S., July 16, 2018. REUTERS/Lucas JacksonThere is a 15% chance of Scottish independence from the United Kingdom and a 30% risk of secon… [+889 chars]",neutral,0.09,0.9,0.01,negative,0.01,0.09,0.9,True,English,"['Morgan Stanley', 'Reuters', 'Morgan Stanley', 'REUTERS']","['chance of Scottish independence', 'UK - Reuters', 'Morgan Stanley', 'Morgan Stanley building', 'United Kingdom', 'chance of Scottish independence', 'New York', 'Lucas JacksonThere', 'risk of secon', 'REUTERS', 'sign', 'chars']",2021-04-28,,reuters.com
Morgan Stanley,2,PyNews API,https://www.reuters.com/article/uk-scotland-independence-morganstanley-idUSKBN2CF0TK,UPDATE 1-Morgan Stanley sees 15% chance of Scottish independence from UK - Reuters,"Morgan Stanley analysts said on Wednesday there was a 15% chance that Scotland will leave the United Kingdom, as Britain holds regional and local elections next week with Scotland's dominant Scottish National Party hoping for a mandate for independence.","By Reuters Staff FILE PHOTO: A sign is displayed on the Morgan Stanley building in New York U.S., July 16, 2018. REUTERS/Lucas Jackson LONDON (Reuters) -Morgan Stanley analysts said on Wednesday th… [+1773 chars]",neutral,0.02,0.98,0.0,neutral,0.0,1.0,0.0,True,English,"['Reuters', 'Reuters', 'Stanley', 'REUTERS', 'Reuters']","['chance of Scottish independence', 'Morgan Stanley', 'UK - Reuters', 'UPDATE', 'Reuters Staff', 'Morgan Stanley building', 'Morgan Stanley analysts', 'sign', 'th', 'New York', 'LONDON', 'FILE PHOTO', 'Lucas Jackson', 'chars']",2021-04-28,,reuters.com
Morgan Stanley,2,PyNews API,https://www.businessinsider.com/taxes-biden-infrastructure-capital-gains-corporate-morgan-stanley-2021-4,Biden won't get all his tax increases through Congress. Here's what Morgan Stanley thinks is possible.,"Summary List PlacementPresident Joe Biden wants to increase taxes on some of the country's highest earners to pay for affordable childcare, paid family leave, and free community college. But how much will taxes actually go up? Morgan Stanley thinks Biden wi…","President Joe Biden wants to increase taxes on some of the country's highest earners to pay for affordable childcare, paid family leave, and free community college. But how much will taxes actuall… [+1960 chars]",neutral,0.21,0.64,0.15,neutral,0.13,0.83,0.04,True,English,"['Congress', 'Morgan Stanley']","['tax increases', 'Morgan Stanley thinks', 'Congress', 'Biden', 'taxes', 'paid family leave', 'affordable childcare', 'free community college', ""country's highest earners"", 'President Joe Biden', 'actuall', 'chars']",2021-04-29,,businessinsider.com
Morgan Stanley,2,Twitter,Twitter,Molson Coors Brewing Co. (TAP) surprised the market with Q3 result. Morgan Stanley changed the rating to Outperform…,nan,Molson Coors Brewing Co. (TAP) surprised the market with Q3 result. Morgan Stanley changed the rating to Outperform…,neutral,0.2,0.73,0.07,neutral,0.2,0.73,0.07,True,English,"['Molson Coors Brewing Co.', 'TAP', 'Morgan Stanley', 'Molson Coors Brewing Co.', 'TAP', 'Morgan Stanley']","['TAP', 'market', 'Molson Coors Brewing', 'Q3 result', 'Morgan Stanley', 'rating', 'TAP', 'market', 'Molson Coors Brewing', 'Q3 result', 'Morgan Stanley', 'rating']",2021-05-03,,Unknown
Morgan Stanley,2,Twitter,Twitter,Climate change is often cited as a leading ESG priority for investors. In Morgan Stanley's recent 2020 Sustainable…,nan,Climate change is often cited as a leading ESG priority for investors. In Morgan Stanley's recent 2020 Sustainable…,negative,0.02,0.33,0.65,negative,0.02,0.33,0.65,True,English,"['Morgan Stanley', 'Morgan Stanley']","['leading ESG priority', ""Morgan Stanley's recent"", 'investors', 'Climate change', 'leading ESG priority', ""Morgan Stanley's recent"", 'investors', 'Climate change']",2021-05-03,,Unknown
Morgan Stanley,2,Twitter,Twitter,"The Walt Disney Company (DIS) surprised the market with Q3 result. Morgan Stanley changed the rating to Sell, as Th…",nan,"The Walt Disney Company (DIS) surprised the market with Q3 result. Morgan Stanley changed the rating to Sell, as Th…",neutral,0.14,0.71,0.15,neutral,0.14,0.71,0.15,True,English,"['Walt Disney Company', 'DIS', 'Morgan Stanley', 'Walt Disney Company', 'DIS', 'Morgan Stanley']","['rating', 'market', 'Walt Disney Company', 'Morgan Stanley', 'Q3 result', 'Th', 'rating', 'market', 'Walt Disney Company', 'Morgan Stanley', 'Q3 result', 'Th']",2021-05-03,,Unknown
Morgan Stanley,2,Twitter,Twitter,"After Morgan Stanley, JPMorgan prepares to offer rich clients access to bitcoin fund",nan,"After Morgan Stanley, JPMorgan prepares to offer rich clients access to bitcoin fund",neutral,0.12,0.88,0.0,neutral,0.12,0.88,0.0,True,English,"['Morgan Stanley', 'JPMorgan', 'Morgan Stanley', 'JPMorgan']","['rich clients access', 'JPMorgan', 'bitcoin fund', 'Morgan Stanley', 'rich clients access', 'JPMorgan', 'bitcoin fund', 'Morgan Stanley']",2021-05-03,,Unknown
Morgan Stanley,2,Twitter,Twitter,"General Motors Co. (GM) surprised the market with Q2 result. Morgan Stanley changed the rating to Underperform, as…",nan,"General Motors Co. (GM) surprised the market with Q2 result. Morgan Stanley changed the rating to Underperform, as…",negative,0.0,0.01,0.99,negative,0.0,0.01,0.99,True,English,"['General Motors Co.', 'GM', 'Morgan Stanley', 'General Motors Co.', 'GM', 'Morgan Stanley']","['GM', 'market', 'Q2 result', 'rating', 'Morgan Stanley', 'General Motors', 'GM', 'market', 'Q2 result', 'rating', 'Morgan Stanley', 'General Motors']",2021-05-03,,Unknown
Morgan Stanley,2,Twitter,Twitter,"We don't talk about Stanley Morgan enough. ""Steamah""",nan,"We don't talk about Stanley Morgan enough. ""Steamah""",neutral,0.02,0.96,0.02,neutral,0.02,0.96,0.02,True,English,[],"['Stanley Morgan', 'Steamah', 'Stanley Morgan', 'Steamah']",2021-05-03,,Unknown
Morgan Stanley,2,Twitter,Twitter,"Paper Co. (IP) surprised the market with Q4 result. Morgan Stanley changed the rating to Underperform, as Paper Co.…",nan,"Paper Co. (IP) surprised the market with Q4 result. Morgan Stanley changed the rating to Underperform, as Paper Co.…",negative,0.0,0.02,0.98,negative,0.0,0.02,0.98,True,English,"['Paper Co.', 'IP', 'Morgan Stanley', 'Paper Co.', 'Paper Co.', 'IP', 'Morgan Stanley', 'Paper Co.']","['Paper', 'market', 'rating', 'IP', 'Q4 result', 'Morgan Stanley', 'Paper', 'market', 'rating', 'IP', 'Q4 result', 'Morgan Stanley']",2021-05-03,,Unknown
Morgan Stanley,2,Twitter,Twitter,"Axon Enterprise, Inc. (AAXN) surprised the market with Q4 result. Morgan Stanley changed the rating to Outperform,…",nan,"Axon Enterprise, Inc. (AAXN) surprised the market with Q4 result. Morgan Stanley changed the rating to Outperform,…",neutral,0.17,0.75,0.08,neutral,0.17,0.75,0.08,True,English,"['Axon Enterprise, Inc.', 'AAXN', 'Morgan Stanley', 'Axon Enterprise, Inc.', 'AAXN', 'Morgan Stanley']","['AAXN', 'market', 'Q4 result', 'rating', 'Morgan Stanley', 'Axon Enterprise', 'AAXN', 'market', 'Q4 result', 'rating', 'Morgan Stanley', 'Axon Enterprise']",2021-05-03,,Unknown
Morgan Stanley,2,Twitter,Twitter,Morgan Stanley is set to report first-quarter earnings – here’s what the Street expects …,nan,Morgan Stanley is set to report first-quarter earnings – here’s what the Street expects …,neutral,0.01,0.97,0.02,neutral,0.01,0.97,0.02,True,English,"['Morgan Stanley', 'Morgan Stanley']","['quarter earnings', 'Street', 'Morgan Stanley', 'quarter earnings', 'Street', 'Morgan Stanley']",2021-05-03,,Unknown
Morgan Stanley,2,Twitter,Twitter,"Morgan Stanley (MS) surprised the market with Q1 result. Goldman Sachs changed the rating to Outperform, as Morgan…",nan,"Morgan Stanley (MS) surprised the market with Q1 result. Goldman Sachs changed the rating to Outperform, as Morgan…",neutral,0.15,0.78,0.07,neutral,0.15,0.78,0.07,True,English,"['Morgan Stanley', 'MS', 'Goldman Sachs', 'Morgan', 'Morgan Stanley', 'MS', 'Goldman Sachs', 'Morgan']","['Morgan Stanley', 'market', 'MS', 'rating', 'Q1 result', 'Goldman Sachs', 'Morgan Stanley', 'market', 'MS', 'rating', 'Q1 result', 'Goldman Sachs']",2021-05-03,,Unknown
Morgan Stanley,2,Twitter,Twitter,zerohedge Perhaps one of the poorest researched &amp; reasoned articles I've read. The fact that this is Morgan Stanle…,nan,zerohedge Perhaps one of the poorest researched &amp; reasoned articles I've read. The fact that this is Morgan Stanle…,negative,0.0,0.01,0.99,negative,0.0,0.01,0.99,True,English,[],"['amp', 'reasoned articles', 'fact', 'Morgan Stanle', 'zerohedge', 'amp', 'reasoned articles', 'fact', 'Morgan Stanle', 'zerohedge']",2021-05-03,,Unknown
Danske Bank,3,Google API,https://www.bbc.com/news/uk-northern-ireland-56912917,Danske Bank: NI lender makes £16m pre-tax profit so far in 2021,Danske Bank in Northern Ireland made a pre-tax profit of almost £16m on turnover of £47m in the first quarter of 2021. The bank is one of four major lenders in ...,Danske Bank in Northern Ireland made a pre-tax profit of almost £16m on turnover of £47m in the first quarter of 2021. The bank is one of four major lenders in ...,neutral,0.01,0.78,0.21,negative,0.02,0.47,0.51,True,English,"['Danske Bank', 'NI', 'Danske Bank']","['NI lender', 'pre-tax profit', 'Danske Bank', 'Danske Bank', 'Northern Ireland', 'pre-tax profit', 'major lenders', 'turnover', 'quarter']",2021-04-29,,bbc.com
Danske Bank,3,Google API,https://www.ft.com/content/cae726f6-1aa6-4be2-8649-cb9ded499b2d,All charges dropped against Danske Bank chiefs,Danish prosecutors have dropped all charges against former top managers of Danske Bank including its ex-chief executive and finance director over a €200bn ...,Danish prosecutors have dropped all charges against former top managers of Danske Bank including its ex-chief executive and finance director over a €200bn ...,neutral,0.06,0.77,0.17,neutral,0.01,0.87,0.12,True,English,"['Danske Bank', 'Danske Bank']","['charges', 'Danske Bank chiefs', 'ex-chief executive', 'finance director', 'managers of Danske Bank', 'charges', 'Danish prosecutors', 'bn']",2021-04-30,,ft.com
Danske Bank,3,Google API,https://www.reuters.com/article/danske-bank-results-idUSL1N2ML0G0,UPDATE 2-Danske Bank may have to look into Estonia dirty money case again,"COPENHAGEN, April 28 (Reuters) - Danske Bank said on Wednesday it may be required by authorities to conduct a further investigation into its former Estonian ...","COPENHAGEN, April 28 (Reuters) - Danske Bank said on Wednesday it may be required by authorities to conduct a further investigation into its former Estonian ...",negative,0.0,0.0,1.0,neutral,0.0,0.99,0.01,True,English,"['Danske Bank', 'Reuters', 'Danske Bank']","['Estonia dirty money case', 'Danske Bank', 'UPDATE', 'Reuters', 'investigation', 'Danske Bank', 'authorities', 'Estonian', 'COPENHAGEN']",2021-04-29,,reuters.com
Danske Bank,3,Google API,https://www.thelocal.dk/20210426/danish-bank-to-reduce-threshold-for-negative-interest-on-savings/,Danish bank to reduce threshold for negative interest on savings,"The bank has confirmed the decision in a press statement. As such, savings of 200,000 kroner would trigger an annual payment of 600 kroner to Danske Bank.","The bank has confirmed the decision in a press statement. As such, savings of 200,000 kroner would trigger an annual payment of 600 kroner to Danske Bank.",negative,0.07,0.08,0.85,neutral,0.01,0.98,0.01,True,English,['Danske Bank'],"['threshold', 'Danish bank', 'savings', 'kroner', 'Danske Bank', 'annual payment', 'decision', 'press statement', 'savings']",2021-04-27,,thelocal.dk
Danske Bank,3,Google API,https://cphpost.dk/?p=124181,"Business Round Up: Minister condemns ""greedy"" Danske ...",Business Round Up: Minister condemns “greedy” Danske Bank for lowering its limit on negative interest-free accounts. In other news: 'sleazy' former mayor Frank ...,Business Round Up: Minister condemns “greedy” Danske Bank for lowering its limit on negative interest-free accounts. In other news: 'sleazy' former mayor Frank ...,negative,0.0,0.0,1.0,negative,0.02,0.09,0.89,True,English,['Danske Bank'],"['Minister', 'Business Round', 'Danske', 'Minister', 'limit', 'Danske Bank', 'free accounts', 'mayor Frank', 'Business Round', 'news']",2021-04-30,,cphpost.dk
Danske Bank,3,Google API,https://www.thelocal.dk/20210430/danish-police-drop-money-laundering-case-against-danske-bank-directors/,Danish police drop money laundering case against Danske Bank directors,"Denmark's economic crime unit SØIK has dropped potential charges for money laundering against three leading former directors of Danske Bank, Denmark's ...","Denmark's economic crime unit SØIK has dropped potential charges for money laundering against three leading former directors of Danske Bank, Denmark's ...",neutral,0.02,0.9,0.08,negative,0.0,0.05,0.95,True,English,"['Danske Bank', 'SØIK', 'Danske Bank']","['money laundering case', 'Danske Bank directors', 'Danish police', ""Denmark's economic crime unit SØIK"", 'potential charges', 'money laundering', 'directors of Danske Bank']",2021-05-01,,thelocal.dk
Danske Bank,3,Google API,https://finance.yahoo.com/news/danske-bank-host-earnings-call-154500254.html,Danske Bank A/S to Host Earnings Call,"NEW YORK, NY / ACCESSWIRE / April 28, 2021 / Danske Bank A/S (OTC PINK:DNKEY) will be discussing their earnings results in their 2021 First Quarter ...","NEW YORK, NY / ACCESSWIRE / April 28, 2021 / Danske Bank A/S (OTC PINK:DNKEY) will be discussing their earnings results in their 2021 First Quarter ...",neutral,0.07,0.91,0.02,neutral,0.0,0.99,0.01,True,English,"['Danske Bank A/S', 'Danske Bank A/S']","['Danske Bank', 'Host Earnings', 'ACCESSWIRE', 'OTC PINK', 'Danske Bank', 'DNKEY', 'NEW YORK', 'NY', 'earnings results', 'Quarter']",2021-04-29,,finance.yahoo.com
Danske Bank,3,Google API,https://www.wealthbriefing.com/html/article.php?id=191046,Earnings Surge At Danske Bank,"And like so many of its peers, its heavy provisions a year ago to cope with the pandemic have fallen dramatically as vaccines have been rolled out. Danske Bank, ...","And like so many of its peers, its heavy provisions a year ago to cope with the pandemic have fallen dramatically as vaccines have been rolled out. Danske Bank, ...",neutral,0.02,0.96,0.02,negative,0.0,0.0,1.0,True,English,"['Danske Bank', 'Danske Bank']","['Earnings Surge', 'Danske Bank', 'year', 'peers', 'heavy provisions', 'pandemic', 'Danske Bank', 'vaccines']",2021-04-30,,wealthbriefing.com
Danske Bank,3,Google API,https://www.ft.com/content/a95f0828-28da-4e9e-a98b-2467f76dcadf,BaFin finds fault again with Deutsche Bank’s control mechanisms,"In October, Frankfurt prosecutors fined Deutsche Bank €13.5m for the belated reporting of suspicious transactions it processed for Danske Bank's Estonian branch.","In October, Frankfurt prosecutors fined Deutsche Bank €13.5m for the belated reporting of suspicious transactions it processed for Danske Bank's Estonian branch.",negative,0.0,0.0,1.0,negative,0.0,0.0,1.0,True,English,"['BaFin', 'Deutsche Bank', 'Deutsche Bank', 'Danske Bank']","['fault', 'Deutsche Bank’s control mechanisms', 'BaFin', 'belated reporting of suspicious transactions', 'Deutsche Bank', ""Danske Bank's Estonian branch"", 'Frankfurt prosecutors']",2021-05-01,,ft.com
Danske Bank,3,Google API,https://www.newsletter.co.uk/business/consumer/danske-bank-and-business-in-the-community-launch-new-scheme-to-help-firms-get-climate-literate-3214283,Danske Bank and Business in the Community launch new scheme to help firms get ‘Climate Literate’,Danske Bank and Business in the Community launch new scheme to help firms get 'Climate Literate'. Six Northern Ireland businesses have completed carbon ...,Danske Bank and Business in the Community launch new scheme to help firms get 'Climate Literate'. Six Northern Ireland businesses have completed carbon ...,neutral,0.16,0.84,0.0,neutral,0.09,0.91,0.0,True,English,"['Danske Bank', 'Business in the Community', 'Danske Bank', 'Business in the Community']","['Community', 'firms', 'Business', 'new scheme', 'Danske Bank', 'Climate Literate', 'Community', 'firms', 'new scheme', 'Northern Ireland businesses', 'carbon', 'Danske Bank', 'Climate Literate']",2021-04-28,,newsletter.co.uk
Danske Bank,3,PyNews API,https://www.reuters.com/article/danske-bank-results-idUSL1N2ML0G0,UPDATE 2-Danske Bank may have to look into Estonia dirty money case again - Reuters,UPDATE 2-Danske Bank may have to look into Estonia dirty money case again Reuters,"* Authorities may require bank to investigate Estonia case further * Q1 net profit 3.1 bln crowns vs forecast 2.67 bln * Full-year target unchanged (Adds details on Estonia case, analyst comment, s… [+2235 chars]",negative,0.0,0.0,1.0,neutral,0.0,0.99,0.01,True,English,"['Danske Bank', 'Reuters']","['Estonia dirty money case', 'Reuters', 'Danske Bank', 'UPDATE', 'Estonia case', 'bln crowns vs forecast', 'details', 'Q1 net profit', 'analyst comment', 'year target unchanged', 'bank', 'Authorities', 'chars']",2021-04-28,,reuters.com
Danske Bank,3,PyNews API,https://www.reuters.com/article/us-danske-bk-moneylaundering-idUSKBN2CG2J5,Danish prosecutors drop money laundering charges against former Danske Bank CEO - Reuters.com,"Danish prosecutors have dropped charges against former Danske Bank chief executive Thomas Borgen and two other senior executives as part of a money laundering investigation, business daily Borsen reported on Thursday citing their lawyers.",By Reuters Staff COPENHAGEN (Reuters) - Danish prosecutors have dropped charges against former Danske Bank chief executive Thomas Borgen and two other senior executives as part of a money laundering… [+1647 chars],neutral,0.01,0.97,0.02,neutral,0.0,0.97,0.03,True,English,"['Danske Bank', 'Reuters', 'Reuters.com', 'Reuters', 'Reuters', 'Danske Bank']","['money laundering charges', 'Danske Bank CEO -', 'Danish prosecutors', 'Reuters Staff', 'Danske Bank chief executive Thomas Borgen', 'charges', 'senior executives', 'Danish prosecutors', 'money laundering', 'COPENHAGEN', 'chars']",2021-04-29,,reuters.com
Danske Bank,3,PyNews API,https://danskebank.com/news-and-insights/news-archive/press-releases/2021/pr26042021,Negative interest: Danske Bank changes threshold for personal customers,Negative interest: Danske Bank changes threshold for personal customers and standard interest rates for business customers in Denmark,"Danske Bank lowers the threshold for the charging of negative interest on personal customer deposits from DKK 250,000 to DKK 100,000 and introduces an interest rate spread of -0.75% to -1.00% p.a. fo… [+3410 chars]",negative,0.0,0.01,0.99,negative,0.0,0.35,0.65,True,English,"['Danske Bank', 'Danske Bank']","['Danske Bank changes threshold', 'personal customers', 'DKK', 'personal customer deposits', 'charging of negative', 'threshold', 'Danske Bank', 'fo', 'chars', 'rate']",2021-05-02,,danskebank.com
Danske Bank,3,PyNews API,https://seekingalpha.com/article/4422827-danske-bank-s-2021-q1-results-earnings-call-presentation,Danske Bank A/S 2021 Q1 - Results - Earnings Call Presentation,The following slide deck was published by Danske Bank A/S in conjunction with their 2021 Q1 earnings call.,The following slide deck was published by Danske Bank A/S in conjunction with their 2021 Q1 earnings call. View as PDF Click to Enlarge 139,neutral,0.0,0.99,0.01,neutral,0.01,0.98,0.01,True,English,"['Danske Bank', 'Danske Bank A/S']","['Q1 - Results', 'Earnings', 'Danske Bank', 'Presentation', 'Danske Bank', 'conjunction', 'following slide deck', 'Q1 earnings', 'View', 'PDF']",2021-04-30,,seekingalpha.com
Danske Bank,3,Twitter,Twitter,coinbureau Proud to be danish because you mention Danske Bank and not proud because of obvious reasons..,nan,coinbureau Proud to be danish because you mention Danske Bank and not proud because of obvious reasons..,negative,0.04,0.03,0.93,negative,0.04,0.03,0.93,True,English,"['Danske Bank', 'Danske Bank']","['coinbureau Proud', 'Danske Bank', 'obvious reasons', 'coinbureau Proud', 'Danske Bank', 'obvious reasons']",2021-05-03,,Unknown
Danske Bank,3,Twitter,Twitter,"Danske Bank in Denmark will charge a negative interest rate of -1% for all balances over 100,000 Kroner ($16,000)…",nan,"Danske Bank in Denmark will charge a negative interest rate of -1% for all balances over 100,000 Kroner ($16,000)…",negative,0.0,0.11,0.89,negative,0.0,0.11,0.89,True,English,"['Danske Bank', 'Danske Bank']","['Denmark', 'Danske Bank', 'rate', 'balances', 'Kroner', 'Denmark', 'Danske Bank', 'rate', 'balances', 'Kroner']",2021-05-03,,Unknown
Danske Bank,3,Twitter,Twitter,"Danske Bank in Denmark will charge a negative interest rate of -1% for all balances over 100,000 Kroner ($16,000).…",nan,"Danske Bank in Denmark will charge a negative interest rate of -1% for all balances over 100,000 Kroner ($16,000).…",negative,0.0,0.11,0.89,negative,0.0,0.11,0.89,True,English,"['Danske Bank', 'Danske Bank']","['Denmark', 'Danske Bank', 'rate', 'balances', 'Kroner', 'Denmark', 'Danske Bank', 'rate', 'balances', 'Kroner']",2021-05-03,,Unknown
Danske Bank,3,Twitter,Twitter,"JohnEDeaton1 I am Danish and my Bank is ‘Danske Bank’. They started with negative interest rate at &amp;240k, then $40…",nan,"JohnEDeaton1 I am Danish and my Bank is ‘Danske Bank’. They started with negative interest rate at &amp;240k, then $40…",negative,0.0,0.0,1.0,negative,0.0,0.0,1.0,True,English,"['Danske Bank', 'Danske Bank']","['Danske Bank', 'rate', 'amp', 'JohnEDeaton1', 'Danske Bank', 'rate', 'amp', 'JohnEDeaton1']",2021-05-03,,Unknown
Danske Bank,3,Twitter,Twitter,"Danske Bank, Denmark’s biggest lender will make retail depositors with more than 100,000 kroner ($16,000) pay 0.6%…",nan,"Danske Bank, Denmark’s biggest lender will make retail depositors with more than 100,000 kroner ($16,000) pay 0.6%…",neutral,0.0,1.0,0.0,neutral,0.0,1.0,0.0,True,English,"['Danske Bank', 'Danske Bank']","['Denmark’s biggest lender', 'retail depositors', 'Danske Bank', 'kroner', 'Denmark’s biggest lender', 'retail depositors', 'Danske Bank', 'kroner']",2021-05-03,,Unknown
Danske Bank,3,Twitter,Twitter,"BTC_Archive I live in Denmark and I'm a customer of Danske Bank. It's for balances over 250,000 DKK approx. 40000…",nan,"BTC_Archive I live in Denmark and I'm a customer of Danske Bank. It's for balances over 250,000 DKK approx. 40000…",neutral,0.03,0.96,0.01,neutral,0.03,0.96,0.01,True,English,"['Danske Bank', 'Danske Bank']","['Denmark', 'customer of Danske Bank', 'BTC', 'Archive', 'balances', 'DKK', 'Denmark', 'customer of Danske Bank', 'BTC', 'Archive', 'balances', 'DKK']",2021-05-03,,Unknown
Danske Bank,3,Twitter,Twitter,Negative interest: Danske Bank changes threshold for personal customers and standard interest rates for business cu…,nan,Negative interest: Danske Bank changes threshold for personal customers and standard interest rates for business cu…,negative,0.03,0.03,0.94,negative,0.03,0.03,0.94,True,English,"['Danske Bank', 'Danske Bank']","['personal customers', 'Danske Bank changes threshold', 'rates', 'business cu', 'personal customers', 'Danske Bank changes threshold', 'rates', 'business cu']",2021-05-02,,Unknown
Danske Bank,3,Twitter,Twitter,All charges dropped against Danske Bank chiefs,nan,All charges dropped against Danske Bank chiefs,neutral,0.06,0.77,0.17,neutral,0.06,0.77,0.17,True,English,"['Danske Bank', 'Danske Bank']","['charges', 'Danske Bank chiefs', 'charges', 'Danske Bank chiefs']",2021-05-02,,Unknown
Danske Bank,3,Twitter,Twitter,Negative interest: Danske Bank changes threshold for personal customers,nan,Negative interest: Danske Bank changes threshold for personal customers,negative,0.0,0.01,0.99,negative,0.0,0.01,0.99,True,English,"['Danske Bank', 'Danske Bank']","['Danske Bank changes threshold', 'personal customers', 'Danske Bank changes threshold', 'personal customers']",2021-05-02,,Unknown
Danske Bank,3,Twitter,Twitter,"Danske Bank in Denmark will charge a negative interest rate of -1% for all balances over $16,000,-",nan,"Danske Bank in Denmark will charge a negative interest rate of -1% for all balances over $16,000,-",negative,0.0,0.07,0.93,negative,0.0,0.07,0.93,True,English,"['Danske Bank', 'Danske Bank']","['Denmark', 'Danske Bank', 'rate', 'balances', 'Denmark', 'Danske Bank', 'rate', 'balances']",2021-05-02,,Unknown
Nomura,4,Google API,https://kfgo.com/2021/04/27/nomura-logs-biggest-quarterly-loss-in-over-a-decade-on-archegos-hit/,Nomura logs biggest quarterly loss in over a decade on ...,"TOKYO (Reuters) – Nomura Holdings Inc, Japan's biggest brokerage and investment bank, reported on Tuesday its biggest quarterly net loss since the 2008 ...","TOKYO (Reuters) – Nomura Holdings Inc, Japan's biggest brokerage and investment bank, reported on Tuesday its biggest quarterly net loss since the 2008 ...",neutral,0.02,0.83,0.15,neutral,0.0,0.95,0.05,True,English,"['Nomura', 'Reuters', 'Nomura Holdings Inc']","['quarterly loss', 'Nomura logs', 'decade', ""Japan's biggest brokerage"", 'biggest quarterly net loss', 'Nomura Holdings', 'investment bank', 'TOKYO', 'Reuters']",2021-04-28,,kfgo.com
Nomura,4,Google API,https://asia.nikkei.com/Business/Finance/Nomura-slides-to-loss-amid-2.87bn-hit-in-US-from-Archegos,Nomura slides to loss amid $2.87bn hit in US from Archegos,TOKYO -- Nomura Holdings on Tuesday said its losses from the collapse of U.S. investor Archegos Capital Management would amount to 307 billion yen ($2.87 ...,TOKYO -- Nomura Holdings on Tuesday said its losses from the collapse of U.S. investor Archegos Capital Management would amount to 307 billion yen ($2.87 ...,neutral,0.03,0.89,0.08,negative,0.0,0.0,1.0,True,English,"['Nomura', 'Archegos', 'Nomura Holdings', 'Archegos Capital Management']","['bn', 'loss', 'US', 'Nomura slides', 'Archegos', 'collapse of', 'investor Archegos Capital Management', 'losses', 'Nomura Holdings', 'TOKYO', 'yen']",2021-04-28,,asia.nikkei.com
Nomura,4,Google API,https://kfgo.com/2021/04/26/nomura-appoints-ex-jp-morgan-banker-as-co-ceo-of-americas-holding-firm/,Nomura appoints ex-JP Morgan banker as Co-CEO of ...,TOKYO (Reuters) – Nomura Holdings Inc said on Monday it will appoint Christopher Willcox as Co-CEO of the group's holding company for Americas as Japan's ...,TOKYO (Reuters) – Nomura Holdings Inc said on Monday it will appoint Christopher Willcox as Co-CEO of the group's holding company for Americas as Japan's ...,neutral,0.02,0.97,0.01,neutral,0.01,0.98,0.01,True,English,"['JP Morgan', 'Reuters', 'Nomura Holdings Inc']","['ex-JP Morgan banker', 'Co-CEO', 'Nomura', ""group's holding company"", 'Co-CEO', 'Americas', ""Japan's"", 'Christopher Willcox', 'TOKYO', 'Reuters', 'Nomura Holdings']",2021-04-27,,kfgo.com
Nomura,4,Google API,https://www.financemagnates.com/institutional-forex/nomura-reports-170-billion-yen-net-revenue-in-q4/,Nomura Reports 170 Billion Yen Net Revenue in Q4,"Nomura Holdings, a leading Japanese financial services firm, today released its financial results for the fourth quarter and full-year ended March 2021. Despite ...","Nomura Holdings, a leading Japanese financial services firm, today released its financial results for the fourth quarter and full-year ended March 2021. Despite ...",neutral,0.0,0.98,0.02,neutral,0.07,0.9,0.03,True,English,"['Nomura', 'Nomura Holdings']","['Yen Net Revenue', 'Nomura Reports', 'Q4', 'financial results', 'leading Japanese financial services firm', 'Nomura Holdings', 'quarter', 'year']",2021-04-28,,financemagnates.com
Nomura,4,Google API,https://www.caixinglobal.com/2021-04-28/economic-gap-between-north-and-south-china-set-to-further-widen-nomura-says-101700955.html,Economic Gap Between North and South China Set to Further ...,Nomura estimates that northern China's share of the national economy shrank to 35.2 percent last year from 42.9 percent in 2012. The pandemic has worsened ...,Nomura estimates that northern China's share of the national economy shrank to 35.2 percent last year from 42.9 percent in 2012. The pandemic has worsened ...,neutral,0.03,0.92,0.05,negative,0.0,0.0,1.0,True,English,[],"['South China', 'Economic Gap', 'percent', ""northern China's share"", 'national economy', 'Nomura estimates', 'year', 'pandemic']",2021-04-29,,caixinglobal.com
Nomura,4,Google API,https://www.euromoney.com/article/28gekysfy8as6x1mgyghs/opinion/wealth-will-nomuras-big-plans-for-asia-fall-short,Wealth: Will Nomura's big plans for Asia fall short?,"Since joining Nomura as head of international wealth management (IWM) in September, he has barely sat still. Being surrounded by opportunity offers no ...","Since joining Nomura as head of international wealth management (IWM) in September, he has barely sat still. Being surrounded by opportunity offers no ...",neutral,0.14,0.82,0.04,positive,0.49,0.15,0.36,True,English,['IWM'],"[""Nomura's big plans"", 'Asia', 'Wealth', 'head of international wealth management', 'IWM', 'Nomura', 'opportunity']",2021-04-28,,euromoney.com
Nomura,4,Google API,https://www.ggrasia.com/manila-lockdown-to-may-14-likely-not-enough-nomura/,GGRAsia – Manila lockdown to May 14 likely not enough ...,"A Thursday note from banking group Nomura suggested a two-week extension ... to safer levels,” wrote Nomura analysts Euben Paracuelles and Rangga Cipta.","A Thursday note from banking group Nomura suggested a two-week extension ... to safer levels,” wrote Nomura analysts Euben Paracuelles and Rangga Cipta.",neutral,0.01,0.59,0.4,positive,0.76,0.23,0.01,True,English,"['Nomura', 'Nomura']","['Manila lockdown', 'GGRAsia', 'Nomura analysts Euben Paracuelles', 'banking group Nomura', 'two-week extension', 'safer levels', 'Rangga Cipta']",2021-04-30,,ggrasia.com
Nomura,4,Google API,https://www.telecompaper.com/news/komatsu-ntt-docomo-sony-nomura-launch-earthbrain-company--1381491,"Komatsu, NTT Docomo, Sony, Nomura launch EarthBrain ...","Komatsu, NTT Docomo, Sony Semiconductor and Nomura Research Institute have agreed to launch a new company called EarthBrain, which will support digital ...","Komatsu, NTT Docomo, Sony Semiconductor and Nomura Research Institute have agreed to launch a new company called EarthBrain, which will support digital ...",neutral,0.01,0.99,0.0,neutral,0.45,0.54,0.01,True,English,"['Komatsu', 'NTT Docomo', 'Sony', 'Nomura', 'Komatsu', 'NTT Docomo', 'Sony Semiconductor', 'Nomura Research Institute', 'EarthBrain']","['Sony', 'NTT Docomo', 'Nomura launch EarthBrain', 'Komatsu', 'Sony Semiconductor', 'NTT Docomo', 'Nomura Research Institute', 'Komatsu', 'EarthBrain', 'new company']",2021-05-01,,telecompaper.com
Nomura,4,PyNews API,https://www.reuters.com/video/watch/idOVEAAYZYJ,"HSBC profits soar, but Archegos hits UBS, Nomura - Reuters.com","Profits are soaring at HSBC as vaccine rollouts lift the global economic outlook, but UBS and Nomura continue to suffer from the collapse of U.S. investment firm Archegos. Julian Satterthwaite reports.","Posted Profits are soaring at HSBC as vaccine rollouts lift the global economic outlook, but UBS and Nomura continue to suffer from the collapse of U.S. investment firm Archegos. Julian Satterthwai… [+10 chars]",neutral,0.02,0.94,0.04,negative,0.0,0.0,1.0,True,English,"['HSBC', 'Archegos', 'UBS', 'Nomura', 'Reuters', 'Reuters.com', 'HSBC', 'UBS', 'Nomura', 'Archegos']","['Archegos hits UBS', 'HSBC profits soar', 'Nomura -', 'global economic outlook', 'vaccine rollouts', 'collapse of', 'HSBC', 'Nomura', 'UBS', 'investment firm Archegos', 'Julian Satterthwai', 'chars', 'Profits']",2021-04-27,,reuters.com
Nomura,4,PyNews API,https://www.reuters.com/article/us-nomura-hldgs-results-idUSKBN2CE0HN,UPDATE 1-Nomura logs biggest quarterly loss in over a decade on Archegos hit - Reuters,"Nomura Holdings Inc, Japan's biggest brokerage and investment bank, reported on Tuesday its biggest quarterly net loss since the 2008 global financial crisis, taking a 245.7 billion yen ($2.3 billion) hit from the collapse of U.S. investment fund Archegos.","By Reuters Staff FILE PHOTO: The logo of Nomura Securities is seen at the company's Head Office in Tokyo, Japan, November 28, 2016. REUTERS/Toru Hanai/File Photo TOKYO (Reuters) - Nomura Holdings I… [+1390 chars]",neutral,0.0,0.98,0.02,neutral,0.0,1.0,0.0,True,English,"['Nomura', 'Archegos', 'Reuters', 'Reuters', 'Nomura Securities', 'REUTERS', 'Reuters', 'Nomura Holdings I']","['quarterly loss', 'decade', 'Nomura logs', 'Archegos', 'UPDATE', 'Reuters', 'FILE PHOTO', 'Tokyo', 'Reuters Staff', 'Nomura Holdings', 'logo of Nomura Securities', ""company's Head Office"", 'Japan', 'Toru Hanai', 'chars']",2021-04-27,,reuters.com
Nomura,4,PyNews API,https://www.reuters.com/business/nomura-logs-biggest-quarterly-loss-over-decade-archegos-hit-2021-04-27/,Nomura logs biggest quarterly loss in over a decade on Archegos hit - Reuters,"Nomura Holdings Inc (8604.T), Japan's biggest brokerage and investment bank, reported on Tuesday its biggest quarterly net loss since the 2008 global financial crisis, taking a 245.7 billion yen ($2.3 billion) hit from the collapse of U.S. investment fund Arc…","The logo of Nomura Securities is seen at the company's Head Office in Tokyo, Japan, November 28, 2016. REUTERS/Toru Hanai/File PhotoNomura Holdings Inc (8604.T), Japan's biggest brokerage and investm… [+1454 chars]",neutral,0.01,0.92,0.07,neutral,0.0,0.99,0.01,True,English,"['Nomura', 'Archegos', 'Reuters', 'Nomura Securities', 'REUTERS', 'PhotoNomura Holdings Inc']","['quarterly loss', 'decade', 'Archegos', 'Nomura logs', 'Reuters', 'File PhotoNomura Holdings', ""company's Head Office"", 'Toru Hanai', 'investm', ""Japan's biggest brokerage"", 'Tokyo', 'REUTERS', 'logo of Nomura Securities', 'chars']",2021-04-27,,reuters.com
Nomura,4,Twitter,Twitter,DoorHinge9 This is the fishing dad equivalent of a Tetsuya Nomura character design!,nan,DoorHinge9 This is the fishing dad equivalent of a Tetsuya Nomura character design!,neutral,0.05,0.94,0.01,neutral,0.05,0.94,0.01,True,English,[],"['fishing dad equivalent', 'Tetsuya Nomura character design', 'DoorHinge9', 'fishing dad equivalent', 'Tetsuya Nomura character design', 'DoorHinge9']",2021-05-03,,Unknown
Nomura,4,Twitter,Twitter,bombsfall I fucking knew hominids were designed by Tetsuya Nomura,nan,bombsfall I fucking knew hominids were designed by Tetsuya Nomura,negative,0.01,0.11,0.88,negative,0.01,0.11,0.88,True,English,[],"['hominids', 'Tetsuya Nomura', 'bombsfall', 'hominids', 'Tetsuya Nomura', 'bombsfall']",2021-05-03,,Unknown
Nomura,4,Twitter,Twitter,BJP’s loss in WestBengal may be seen as a referendum on the central government’s handling of the second wave outbreak - Nomura,nan,BJP’s loss in WestBengal may be seen as a referendum on the central government’s handling of the second wave outbreak - Nomura,neutral,0.01,0.62,0.37,neutral,0.01,0.62,0.37,True,English,"['BJP', 'BJP']","['central government’s handling', 'referendum', 'wave outbreak - Nomura', 'WestBengal', 'BJP’s  loss', 'central government’s handling', 'referendum', 'wave outbreak - Nomura', 'WestBengal', 'BJP’s  loss']",2021-05-03,,Unknown
Nomura,4,Twitter,Twitter,Manifesting...🕯Kingdom Hearts χ HD Movie🕯...in E3 2021 or KH 20th AnniversaryPlease Papa Nomura 🙏 We already ha…,nan,Manifesting...🕯Kingdom Hearts χ HD Movie🕯...in E3 2021 or KH 20th AnniversaryPlease Papa Nomura 🙏 We already ha…,neutral,0.22,0.77,0.01,neutral,0.22,0.77,0.01,True,English,[],"['E3', 'Kingdom Hearts χ HD Movie', 'KH', 'Manifesting', 'AnniversaryPlease Papa Nomura', 'ha', 'E3', 'Kingdom Hearts χ HD Movie', 'KH', 'Manifesting', 'AnniversaryPlease Papa Nomura', 'ha']",2021-05-03,,Unknown
Nomura,4,Twitter,Twitter,"Yusuke Nomura appeared song ""Starting Over""",nan,"Yusuke Nomura appeared song ""Starting Over""",negative,0.02,0.14,0.84,negative,0.02,0.14,0.84,True,English,[],"['Yusuke Nomura', 'song', 'Yusuke Nomura', 'song']",2021-05-03,,Unknown
Nomura,4,Twitter,Twitter,"XRP &amp; BTC Whales, Nomura CEO, Ripple IPO Plans, GKFX Arrests: Editor’s Pick - Finance Magnates",nan,"XRP &amp; BTC Whales, Nomura CEO, Ripple IPO Plans, GKFX Arrests: Editor’s Pick - Finance Magnates",neutral,0.0,0.93,0.07,neutral,0.0,0.93,0.07,True,English,"['XRP', ';', 'BTC Whales', 'Ripple', 'GKFX', 'XRP', ';', 'BTC Whales', 'Ripple', 'GKFX']","['GKFX Arrests', 'Ripple IPO Plans', 'Nomura CEO', 'BTC Whales', 'Editor’s Pick - Finance Magnates', 'amp', 'XRP', 'GKFX Arrests', 'Ripple IPO Plans', 'Nomura CEO', 'BTC Whales', 'Editor’s Pick - Finance Magnates', 'amp', 'XRP']",2021-05-03,,Unknown
Nomura,4,Twitter,Twitter,"Some people are like "" Fuck Tetsuya Nomura 😡""And the next day they are like "" Time to buy the newest Kingdom Hear…",nan,"Some people are like "" Fuck Tetsuya Nomura 😡""And the next day they are like "" Time to buy the newest Kingdom Hear…",negative,0.16,0.11,0.73,negative,0.16,0.11,0.73,True,English,[],"['Fuck Tetsuya Nomura', 'Time', 'day', 'people', 'newest Kingdom', 'Fuck Tetsuya Nomura', 'Time', 'day', 'people', 'newest Kingdom']",2021-05-03,,Unknown
Nomura,4,Twitter,Twitter,NotZachlolol BruhThat's absolute chaos. Nomura has gone mad,nan,NotZachlolol BruhThat's absolute chaos. Nomura has gone mad,negative,0.0,0.01,0.99,negative,0.0,0.01,0.99,True,English,[],"[""NotZachlolol BruhThat's absolute chaos"", 'Nomura', ""NotZachlolol BruhThat's absolute chaos"", 'Nomura']",2021-05-03,,Unknown
Nomura,4,Twitter,Twitter,"Nomura on *Indusind bank*: Maintains Buy call on Bank, target price at Rs 1135/Sh (Neutral)",nan,"Nomura on *Indusind bank*: Maintains Buy call on Bank, target price at Rs 1135/Sh (Neutral)",neutral,0.02,0.96,0.02,neutral,0.02,0.96,0.02,True,English,[],"['Indusind bank', 'Rs', 'Sh', 'target price', 'Nomura', 'Indusind bank', 'Rs', 'Sh', 'target price', 'Nomura']",2021-05-03,,Unknown
Nomura,4,Twitter,Twitter,Hello everyone! My name is Miyo Nomura.I love cats. Let's enjoy! 重ねた足跡,nan,Hello everyone! My name is Miyo Nomura.I love cats. Let's enjoy! 重ねた足跡,positive,1.0,0.0,0.0,positive,1.0,0.0,0.0,True,English,[],"['Miyo Nomura', 'cats', '重ねた足跡', 'Miyo Nomura', 'cats', '重ねた足跡']",2021-05-03,,Unknown
Nomura,4,Twitter,Twitter,BrokerageRadar | Check out the top brokerage views on RelianceIndustries' Q4 earnings.Nomura Macquarie…,nan,BrokerageRadar | Check out the top brokerage views on RelianceIndustries' Q4 earnings.Nomura Macquarie…,negative,0.01,0.11,0.88,negative,0.01,0.11,0.88,True,English,"['BrokerageRadar', 'RelianceIndustries', 'BrokerageRadar', 'RelianceIndustries']","['RelianceIndustries', 'Q4 earnings', 'brokerage views', 'Nomura Macquarie', 'BrokerageRadar', 'RelianceIndustries', 'Q4 earnings', 'brokerage views', 'Nomura Macquarie', 'BrokerageRadar']",2021-05-03,,Unknown
BNP Paribas,5,Google API,https://kfgo.com/2021/04/30/bnp-paribas-beats-expectations-for-q1-as-equity-trading-rebounds/,BNP Paribas beats expectations for Q1 as equity trading ...,"PARIS (Reuters) -France's BNP Paribas on Friday reported a better-than-expected first-quarter profit, helped by lower provisions for pandemic-related bad loans ...","PARIS (Reuters) -France's BNP Paribas on Friday reported a better-than-expected first-quarter profit, helped by lower provisions for pandemic-related bad loans ...",neutral,0.29,0.66,0.05,negative,0.08,0.04,0.88,True,English,"['BNP Paribas', 'Reuters', 'BNP Paribas']","['Q1', 'BNP Paribas beats expectations', 'equity trading', 'lower provisions', 'pandemic-related bad loans', ""France's BNP Paribas"", 'Reuters', 'PARIS', 'quarter profit']",2021-04-30,,kfgo.com
BNP Paribas,5,Google API,https://www.ft.com/content/5e4bd0b8-6b20-4fb7-965c-3d682146d85a,BNP Paribas boosted by equity trading rebound and lower provisions,"A rebound in equity trading and lower provisions for bad loans helped boost first-quarter results from BNP Paribas, although the French bank's fixed-income ...","A rebound in equity trading and lower provisions for bad loans helped boost first-quarter results from BNP Paribas, although the French bank's fixed-income ...",neutral,0.02,0.97,0.01,negative,0.1,0.24,0.66,True,English,"['BNP Paribas', 'BNP Paribas']","['equity trading rebound', 'lower provisions', 'BNP Paribas', 'lower provisions', 'bad loans', 'BNP Paribas', 'equity trading', 'quarter results', ""French bank's fixed-income"", 'rebound']",2021-05-01,,ft.com
BNP Paribas,5,Google API,https://www.reuters.com/business/finance/bnp-paribas-applies-set-up-securities-firm-china-2021-04-27/,France's BNP Paribas applies to set up a securities firm in China,"""BNP Paribas continues to explore all of its options for growth in the China market, where we have had a long-standing presence and developed a fully-fledged ...","""BNP Paribas continues to explore all of its options for growth in the China market, where we have had a long-standing presence and developed a fully-fledged ...",neutral,0.0,1.0,0.0,neutral,0.25,0.74,0.01,True,English,"['BNP Paribas', 'BNP Paribas']","['securities firm', ""France's BNP Paribas"", 'China', 'options', 'growth', 'China market', 'BNP Paribas', 'presence']",2021-04-28,,reuters.com
BNP Paribas,5,Google API,https://www.businesswire.com/news/home/20210429005760/en/%C2%A0Scotiabank-Launches-Innovative-ESG-Investment-Product-Linked-to-the-Inter-American-Development-Bank%E2%80%99s-IndexAmericas-and-jointly-structured-in-partnership-with-BNP-Paribas,Scotiabank Launches Innovative ESG Investment Product ...,BNP Paribas Sales and Structuring built a tailor-made version of the original IndexAmericas to meet Scotiabank's specific needs for the Mexican market and ...,BNP Paribas Sales and Structuring built a tailor-made version of the original IndexAmericas to meet Scotiabank's specific needs for the Mexican market and ...,neutral,0.03,0.97,0.0,neutral,0.0,1.0,0.0,True,English,"['Scotiabank', 'BNP Paribas Sales and Structuring', 'Scotiabank']","['Innovative ESG Investment Product', 'Scotiabank', ""Scotiabank's specific needs"", 'original IndexAmericas', 'tailor-made version', 'Structuring', 'BNP Paribas Sales', 'Mexican market']",2021-04-30,,businesswire.com
BNP Paribas,5,Google API,https://www.marketscreener.com/news/latest/Barclays-BNP-Paribas-see-profit-spike-from-stock-trading-frenzy--33115086/,"Barclays, BNP Paribas see profit spike from stock trading frenzy","LONDON/PARIS (Reuters) - Barclays and BNP Paribas reported bumper first-quarter profits on Friday, as an equities trading boom offset a slump in demand for ...","LONDON/PARIS (Reuters) - Barclays and BNP Paribas reported bumper first-quarter profits on Friday, as an equities trading boom offset a slump in demand for ...",neutral,0.01,0.83,0.16,neutral,0.0,0.85,0.15,True,English,"['Barclays', 'BNP Paribas', 'Reuters', 'Barclays', 'BNP Paribas']","['profit spike', 'BNP Paribas', 'stock trading frenzy', 'Barclays', 'BNP Paribas', 'Reuters', 'Barclays', 'bumper', 'slump', 'equities trading boom', 'quarter profits', 'demand', 'PARIS', 'LONDON']",2021-05-01,,marketscreener.com
BNP Paribas,5,Google API,https://www.arabnews.com/node/1851786/business-economy,Barclays and BNP Paribas report bumper Q1 profits,"LONDON: Barclays and BNP Paribas reported bumper first-quarter profits on Friday, as an equities trading boom offset a slump in demand for fixed income ...","LONDON: Barclays and BNP Paribas reported bumper first-quarter profits on Friday, as an equities trading boom offset a slump in demand for fixed income ...",neutral,0.0,0.99,0.01,neutral,0.0,0.9,0.1,True,English,"['Barclays', 'BNP Paribas', 'Barclays', 'BNP Paribas']","['BNP Paribas report bumper Q1 profits', 'Barclays', 'slump', 'BNP Paribas', 'demand', 'bumper', 'equities trading boom', 'Barclays', 'quarter profits', 'fixed income', 'LONDON']",2021-05-01,,arabnews.com
BNP Paribas,5,Google API,https://economictimes.indiatimes.com/mf/mf-news/retail-investors-could-give-new-fund-offer-of-bnp-paribas-aqua-fund-a-skip/articleshow/82296475.cms,Retail investors could give New Fund Offer of BNP Paribas Aqua Fund a skip,"The scheme will invest in units of BNP Paribas Funds Aqua (Lux), an offshore fund that invests in global companies involved in the water sector. The scheme's ...","The scheme will invest in units of BNP Paribas Funds Aqua (Lux), an offshore fund that invests in global companies involved in the water sector. The scheme's ...",neutral,0.01,0.96,0.03,neutral,0.06,0.9,0.04,True,English,"['BNP Paribas', 'BNP Paribas Funds Aqua', 'Lux']","['New Fund', 'BNP Paribas Aqua Fund', 'skip', 'Retail investors', 'Lux', 'units of BNP Paribas Funds Aqua', 'global companies', 'offshore fund', 'water sector', ""scheme's""]",2021-04-29,,economictimes.indiatimes.com
BNP Paribas,5,Google API,https://www.globaltimes.cn/page/202104/1222287.shtml,China accepts France's BNP Paribas' application to set up ...,The China Securities Regulatory Commission (CSRC) on Tuesday accepted France-based BNP Paribas' application for the establishment of a securities firm in ...,The China Securities Regulatory Commission (CSRC) on Tuesday accepted France-based BNP Paribas' application for the establishment of a securities firm in ...,neutral,0.01,0.99,0.0,neutral,0.0,1.0,0.0,True,English,"['BNP Paribas', 'China Securities Regulatory Commission', 'CSRC', 'BNP Paribas']","['application', 'China', ""France's BNP Paribas"", 'securities firm', 'China Securities Regulatory Commission', 'application', 'CSRC', 'establishment', 'France-based BNP Paribas']",2021-04-28,,globaltimes.cn
BNP Paribas,5,Google API,https://www.responsible-investor.com/articles/people-and-appointments-bnp-paribas-am-appoints-global-sustainability-research-head-partners-group-hiring-head-of-impact,People and Appointments: BNP Paribas AM appoints global ...,"Alex Bernhardt has joined BNP Paribas Asset Management as its Global Head of Sustainability Research. Bernhardt, who will also be responsible for BNPP ...","Alex Bernhardt has joined BNP Paribas Asset Management as its Global Head of Sustainability Research. Bernhardt, who will also be responsible for BNPP ...",neutral,0.02,0.97,0.01,neutral,0.06,0.93,0.01,True,English,"['BNP Paribas AM', 'BNP Paribas Asset Management', 'BNPP']","['Appointments', 'BNP Paribas', 'People', 'Alex Bernhardt', 'BNP Paribas Asset Management', 'Global Head of Sustainability Research', 'BNPP']",2021-04-27,,responsible-investor.com
BNP Paribas,5,PyNews API,https://www.reuters.com/business/finance/bnp-paribas-applies-set-up-securities-firm-china-2021-04-27/,BNP Paribas applies to set up a securities firm in China - Reuters,China's securities regulator on Tuesday received application from France's BNP Paribas (BNPP.PA) to set up a securities company in China.,China's securities regulator on Tuesday received application from France's BNP Paribas (BNPP.PA) to set up a securities company in China. The application status was revealed on the website of China … [+352 chars],neutral,0.0,1.0,0.0,neutral,0.0,0.97,0.03,True,English,"['BNP Paribas', 'Reuters', 'BNP Paribas', 'BNPP']","['securities firm', 'China - Reuters', 'BNP Paribas', 'application status', 'website of China', 'securities company', ""China's securities regulator"", ""France's BNP Paribas"", 'chars']",2021-04-27,,reuters.com
BNP Paribas,5,PyNews API,https://www.reuters.com/article/china-bnp-paribas-idUSL1N2MK0MV,UPDATE 1-France's BNP Paribas applies to set up a securities firm in China - Reuters.com,"China's securities regulator has received an application from France's BNP Paribas to set up a securities company in China, the latest foreign player to try to expand into brokerage services in the country as it opens up its capital markets.","By Reuters Staff (Adds details, background) BEIJING, April 27 (Reuters) - Chinas securities regulator has received an application from Frances BNP Paribas to set up a securities company in China, t… [+1303 chars]",neutral,0.0,1.0,0.0,neutral,0.0,1.0,0.0,True,English,"['BNP Paribas', 'Reuters', 'Reuters.com', 'Reuters', 'Reuters', 'BNP Paribas']","[""France's BNP Paribas"", 'UPDATE', 'securities firm', 'China -', 'securities company', 'Chinas securities regulator', 'Reuters Staff', 'application', 'Frances BNP Paribas', 'details', 'background', 'chars', 'BEIJING']",2021-04-27,,reuters.com
BNP Paribas,5,PyNews API,https://www.reuters.com/business/finance/bnp-paribas-beats-expectations-q1-equity-trading-rebounds-2021-04-30/,BNP Paribas beats expectations for Q1 as equity trading rebounds - Reuters,"France's BNP Paribas (BNPP.PA) on Friday reported a better-than-expected first-quarter profit, helped by lower provisions for pandemic-related bad loans and a rebound in its equity trading business.","The BNP Paribas logo is seen at a branch in Paris, France, February 4, 2020. REUTERS/Benoit TessierFrance's BNP Paribas (BNPP.PA) on Friday reported a better-than-expected first-quarter profit, helpe… [+1882 chars]",neutral,0.1,0.86,0.04,positive,0.5,0.48,0.02,True,English,"['BNP Paribas', 'Reuters', 'BNP Paribas', 'REUTERS', 'BNP Paribas', 'BNPP']","['Q1', 'equity trading rebounds - Reuters', 'BNP Paribas beats expectations', 'BNP Paribas logo', ""Benoit TessierFrance's BNP Paribas"", 'branch', 'REUTERS', 'helpe', 'quarter profit', 'Paris', 'chars']",2021-04-30,,reuters.com
BNP Paribas,5,PyNews API,https://finance.yahoo.com/news/bnp-paribas-debt-traders-bailed-045839036.html,BNP Paribas Debt Traders Are Bailed Out by Equities in Reversal,(Bloomberg) -- BNP Paribas SA relied on lower provisions for bad loans and a resurgence of its equities business to boost earnings as its fixed-income...,(Bloomberg) -- BNP Paribas SA relied on lower provisions for bad loans and a resurgence of its equities business to boost earnings as its fixed-income traders missed out on a global rally. Revenue … [+2999 chars],negative,0.0,0.02,0.98,negative,0.04,0.45,0.51,True,English,"['BNP Paribas', 'BNP Paribas SA']","['BNP Paribas Debt Traders', 'Equities', 'Reversal', 'lower provisions', 'earnings', 'resurgence', 'bad loans', 'fixed-income traders', 'BNP Paribas SA', 'equities business', 'global rally', 'Revenue', 'chars']",2021-04-30,,finance.yahoo.com
BNP Paribas,5,PyNews API,https://finance.yahoo.com/news/bnp-paribas-beats-expectations-q1-052124103.html,BNP Paribas beats expectations for Q1 as equity trading rebounds,"PARIS (Reuters) -France's BNP Paribas on Friday reported a better-than-expected first-quarter profit, helped by lower provisions for pandemic-related bad...",Photo Illustration by The Daily Beast / Photos via GettyA confession letter written by Joel Greenberg in the final months of the Trump presidency claims that he and close associate Rep. Matt Gaetz pa… [+14845 chars],neutral,0.24,0.71,0.05,neutral,0.0,0.95,0.05,True,English,"['BNP Paribas', 'The Daily Beast', 'GettyA']","['Q1', 'BNP Paribas beats expectations', 'equity trading rebounds', 'GettyA confession letter', 'close associate', 'Daily Beast', 'final months', 'Photos', 'Joel Greenberg', 'Trump presidency claims', 'Matt Gaetz pa', 'Photo Illustration', 'chars']",2021-04-30,,finance.yahoo.com
BNP Paribas,5,PyNews API,https://finance.yahoo.com/news/gencell-raises-us-14-3-181700054.html,GenCell Raises US$14.3 million from a Series of Institutional International Investors,"GenCell Energy, (TASE: GNCL), a leading Israeli-based manufacturer of fuel cell energy solutions, announces a substantial investment in the Company's shares ...","Among the Investors in GenCell, a Leader in the Green Energy Space who has Developed Ammonia-to-Energy Technologies, a Group Led by the BNP Paribas Energy Transition Fund PETAH TIKVA, Israel, April… [+5296 chars]",neutral,0.0,1.0,0.0,neutral,0.19,0.81,0.0,True,English,"['GenCell', 'GenCell', 'BNP Paribas Energy Transition Fund']","['Series of Institutional International Investors', 'US', 'GenCell', 'Energy Technologies', 'Green Energy Space', 'BNP Paribas Energy Transition Fund', 'Leader', 'Ammonia', 'Group', 'GenCell', 'PETAH TIKVA', 'Israel', 'Investors']",2021-04-29,,finance.yahoo.com
BNP Paribas,5,Twitter,Twitter,"The banks and acquirers behind the initiative include Deutsche Bank, BNP Paribas, ING, UniCredit and Santander and…",nan,"The banks and acquirers behind the initiative include Deutsche Bank, BNP Paribas, ING, UniCredit and Santander and…",neutral,0.01,0.97,0.02,neutral,0.01,0.97,0.02,True,English,"['Deutsche Bank', 'BNP Paribas', 'ING', 'UniCredit', 'Santander', 'Deutsche Bank', 'BNP Paribas', 'ING', 'UniCredit', 'Santander']","['BNP Paribas', 'initiative', 'ING', 'Deutsche Bank', 'acquirers', 'UniCredit', 'Santander', 'banks', 'BNP Paribas', 'initiative', 'ING', 'Deutsche Bank', 'acquirers', 'UniCredit', 'Santander', 'banks']",2021-05-03,,Unknown
BNP Paribas,5,Twitter,Twitter,"Manishi_R , head of Asia-Pacific equity research at BNP Paribas, tells IamPuneetW in an interview that a renewed…",nan,"Manishi_R , head of Asia-Pacific equity research at BNP Paribas, tells IamPuneetW in an interview that a renewed…",neutral,0.04,0.94,0.02,neutral,0.04,0.94,0.02,True,English,"['BNP Paribas', 'IamPuneetW', 'BNP Paribas', 'IamPuneetW']","['Pacific equity research', 'head of Asia', 'BNP Paribas', 'IamPuneetW', 'interview', 'Manishi', 'Pacific equity research', 'head of Asia', 'BNP Paribas', 'IamPuneetW', 'interview', 'Manishi']",2021-05-03,,Unknown
BNP Paribas,5,Twitter,Twitter,The first quarter BNPPResults are solid. We continue to support our clients to contribute to a successful and sust…,nan,The first quarter BNPPResults are solid. We continue to support our clients to contribute to a successful and sust…,positive,0.98,0.02,0.0,positive,0.98,0.02,0.0,True,English,[],"['quarter  BNPPResults', 'clients', 'quarter  BNPPResults', 'clients']",2021-05-03,,Unknown
BNP Paribas,5,Twitter,Twitter,BNP Paribas is looking for an Associate - Corporate Credit Management - General Industrials &amp; Consumer. See here fo…,nan,BNP Paribas is looking for an Associate - Corporate Credit Management - General Industrials &amp; Consumer. See here fo…,neutral,0.03,0.92,0.05,neutral,0.03,0.92,0.05,True,English,"['BNP Paribas', 'Industrials &', '; Consumer', 'BNP Paribas', 'Industrials &', '; Consumer']","['Associate - Corporate Credit Management - General Industrials', 'amp', 'Consumer', 'BNP Paribas', 'fo', 'Associate - Corporate Credit Management - General Industrials', 'amp', 'Consumer', 'BNP Paribas', 'fo']",2021-05-03,,Unknown
BNP Paribas,5,Twitter,Twitter,BNP Paribas. easy re-election victory. Voter turnout was lower than in a,nan,BNP Paribas. easy re-election victory. Voter turnout was lower than in a,mixed,0.5,0.18,0.32,mixed,0.5,0.18,0.32,True,English,"['BNP Paribas', 'BNP Paribas']","['easy re-election victory', 'Voter turnout', 'BNP Paribas', 'easy re-election victory', 'Voter turnout', 'BNP Paribas']",2021-05-02,,Unknown
BNP Paribas,5,Twitter,Twitter,$BNPQF $BNPQY - BNP Paribas's Q1 Results Show A Broad-Based Recovery. business markets stocks,nan,$BNPQF $BNPQY - BNP Paribas's Q1 Results Show A Broad-Based Recovery. business markets stocks,neutral,0.03,0.96,0.01,neutral,0.03,0.96,0.01,True,English,"['BNP Paribas', 'BNP Paribas']","[""BNPQY - BNP Paribas's Q1 Results"", 'BNPQF', 'Recovery', 'business  markets  stocks', ""BNPQY - BNP Paribas's Q1 Results"", 'BNPQF', 'Recovery', 'business  markets  stocks']",2021-05-02,,Unknown
BNP Paribas,5,Twitter,Twitter,$BNPQF Earnings Intelligence Analysis of recent earnings identified BNP Paribas ( OTCQX:BNPQF ) business focus on (…,nan,$BNPQF Earnings Intelligence Analysis of recent earnings identified BNP Paribas ( OTCQX:BNPQF ) business focus on (…,neutral,0.01,0.98,0.01,neutral,0.01,0.98,0.01,True,English,"['BNP Paribas', 'BNP Paribas']","['BNPQF Earnings Intelligence Analysis of recent earnings', 'OTCQX', 'BNP Paribas', 'business focus', 'BNPQF Earnings Intelligence Analysis of recent earnings', 'OTCQX', 'BNP Paribas', 'business focus']",2021-05-02,,Unknown
BNP Paribas,5,Twitter,Twitter,"Barclays, BNP Paribas See Equities Bonanza Outweigh Fixed Income Slide",nan,"Barclays, BNP Paribas See Equities Bonanza Outweigh Fixed Income Slide",neutral,0.08,0.63,0.29,neutral,0.08,0.63,0.29,True,English,"['Barclays', 'BNP Paribas', 'Barclays', 'BNP Paribas']","['Equities Bonanza', 'BNP Paribas', 'Fixed Income Slide', 'Barclays', 'Equities Bonanza', 'BNP Paribas', 'Fixed Income Slide', 'Barclays']",2021-05-02,,Unknown
BNP Paribas,5,Twitter,Twitter,Newspaper publishing BNP Paribas and the Shenandoah Valley Commuter Bus!,nan,Newspaper publishing BNP Paribas and the Shenandoah Valley Commuter Bus!,neutral,0.01,0.98,0.01,neutral,0.01,0.98,0.01,True,English,"['BNP Paribas', 'BNP Paribas']","['Newspaper publishing BNP Paribas', 'Shenandoah Valley Commuter Bus', 'Newspaper publishing BNP Paribas', 'Shenandoah Valley Commuter Bus']",2021-05-02,,Unknown
BNP Paribas,5,Twitter,Twitter,"BNPPAM_NL podcast: "" Greenbonds have grown and matured as a fixedincome segment over the past decade. The need f…",nan,"BNPPAM_NL podcast: "" Greenbonds have grown and matured as a fixedincome segment over the past decade. The need f…",positive,0.49,0.38,0.13,positive,0.49,0.38,0.13,True,English,[],"['BNPPAM', 'NL  podcast', 'Greenbonds', 'fixedincome segment', 'past decade', 'need f', 'BNPPAM', 'NL  podcast', 'Greenbonds', 'fixedincome segment', 'past decade', 'need f']",2021-05-02,,Unknown
