﻿Searchword,Searchword_ID,API,URL,Title,Summary,Article,Title_Sentiment,Title_Positive,Title_Neutral,Title_Negative,Article_Sentiment,Article_Positive,Article_Neutral,Article_Negative,Verified,Language,NER,Topics,Date,Media,Source
LCH SA,0,Google API,https://www.globenewswire.com/news-release/2021/04/29/2219322/0/en/Euronext-today-completes-the-acquisition-of-the-Borsa-Italiana-Group-and-publishes-Q1-2021-results.html,Euronext today completes the acquisition of the Borsa Italiana ...,"... in Q1 2021, resulting from the interim dividend received from Euroclear and from the contribution from LCH SA, in which Euronext owns an 11.1% stake.","... in Q1 2021, resulting from the interim dividend received from Euroclear and from the contribution from LCH SA, in which Euronext owns an 11.1% stake.",neutral,0.15,0.84,0.01,neutral,0.0,0.91,0.09,True,English,"['Euronext', 'Borsa Italiana', 'Euroclear', 'LCH SA', 'Euronext']","['acquisition', 'Borsa Italiana', 'Euronext', 'Euroclear', 'LCH SA', 'Euronext', 'contribution', 'interim dividend', 'Q1', 'stake']",2021-04-30,,globenewswire.com
BNP Paribas,1,Google API,https://kfgo.com/2021/04/30/bnp-paribas-beats-expectations-for-q1-as-equity-trading-rebounds/,BNP Paribas beats expectations for Q1 as equity trading ...,"PARIS (Reuters) -France's BNP Paribas on Friday reported a better-than-expected first-quarter profit, helped by lower provisions for pandemic-related bad loans ...","PARIS (Reuters) -France's BNP Paribas on Friday reported a better-than-expected first-quarter profit, helped by lower provisions for pandemic-related bad loans ...",neutral,0.29,0.66,0.05,negative,0.08,0.04,0.88,True,English,"['BNP Paribas', 'Reuters', 'BNP Paribas']","['Q1', 'BNP Paribas beats expectations', 'equity trading', 'lower provisions', 'pandemic-related bad loans', ""France's BNP Paribas"", 'Reuters', 'PARIS', 'quarter profit']",2021-04-30,,kfgo.com
BNP Paribas,1,Google API,https://www.ft.com/content/5e4bd0b8-6b20-4fb7-965c-3d682146d85a,BNP Paribas boosted by equity trading rebound and lower provisions,"A rebound in equity trading and lower provisions for bad loans helped boost first-quarter results from BNP Paribas, although the French bank's fixed-income ...","A rebound in equity trading and lower provisions for bad loans helped boost first-quarter results from BNP Paribas, although the French bank's fixed-income ...",neutral,0.02,0.97,0.01,negative,0.1,0.24,0.66,True,English,"['BNP Paribas', 'BNP Paribas']","['equity trading rebound', 'lower provisions', 'BNP Paribas', 'lower provisions', 'bad loans', 'BNP Paribas', 'equity trading', 'quarter results', ""French bank's fixed-income"", 'rebound']",2021-05-01,,ft.com
BNP Paribas,1,Google API,https://www.reuters.com/business/finance/bnp-paribas-applies-set-up-securities-firm-china-2021-04-27/,France's BNP Paribas applies to set up a securities firm in China,"""BNP Paribas continues to explore all of its options for growth in the China market, where we have had a long-standing presence and developed a fully-fledged ...","""BNP Paribas continues to explore all of its options for growth in the China market, where we have had a long-standing presence and developed a fully-fledged ...",neutral,0.0,1.0,0.0,neutral,0.25,0.74,0.01,True,English,"['BNP Paribas', 'BNP Paribas']","['securities firm', ""France's BNP Paribas"", 'China', 'options', 'growth', 'China market', 'BNP Paribas', 'presence']",2021-04-28,,reuters.com
BNP Paribas,1,Google API,https://www.marketscreener.com/quote/stock/BNP-PARIBAS-4618/news/WRAPUP-1-Barclays-BNP-Paribas-see-profit-spike-from-stock-trading-frenzy-33117267/,"WRAPUP 1-Barclays, BNP Paribas see profit spike from stock trading frenzy","LONDON/PARIS, April 30 (Reuters) - Barclays and BNP Paribas reported bumper first-quarter profits on Friday, as an equities trading boom offset a slump in ...","LONDON/PARIS, April 30 (Reuters) - Barclays and BNP Paribas reported bumper first-quarter profits on Friday, as an equities trading boom offset a slump in ...",neutral,0.01,0.9,0.09,neutral,0.0,0.8,0.2,True,English,"['Barclays', 'BNP Paribas', 'Reuters', 'Barclays', 'BNP Paribas']","['profit spike', 'BNP Paribas', 'Barclays', 'stock trading frenzy', 'WRAPUP', 'BNP Paribas', 'bumper', 'Reuters', 'quarter profits', 'Barclays', 'equities trading boom', 'slump', 'PARIS', 'LONDON']",2021-05-01,,marketscreener.com
BNP Paribas,1,Google API,https://www.businesswire.com/news/home/20210429005760/en/%C2%A0Scotiabank-Launches-Innovative-ESG-Investment-Product-Linked-to-the-Inter-American-Development-Bank%E2%80%99s-IndexAmericas-and-jointly-structured-in-partnership-with-BNP-Paribas,Scotiabank Launches Innovative ESG Investment Product ...,BNP Paribas Sales and Structuring built a tailor-made version of the original IndexAmericas to meet Scotiabank's specific needs for the Mexican market and ...,BNP Paribas Sales and Structuring built a tailor-made version of the original IndexAmericas to meet Scotiabank's specific needs for the Mexican market and ...,neutral,0.03,0.97,0.0,neutral,0.0,1.0,0.0,True,English,"['Scotiabank', 'BNP Paribas Sales and Structuring', 'Scotiabank']","['Innovative ESG Investment Product', 'Scotiabank', ""Scotiabank's specific needs"", 'original IndexAmericas', 'tailor-made version', 'Structuring', 'BNP Paribas Sales', 'Mexican market']",2021-04-30,,businesswire.com
BNP Paribas,1,Google API,https://investableuniverse.com/2021/04/29/gencell-energy-green-ammonia-fuel-cells-bnp-paribas-tdk-ventures/,"GenCell, an ammonia-to-energy producer, gets institutional investment","Roughly $8 million of the roughly $14.3 million equity investment comes from BNP Paribas Energy Transition Fund, which has previously invested in green ...","Roughly $8 million of the roughly $14.3 million equity investment comes from BNP Paribas Energy Transition Fund, which has previously invested in green ...",neutral,0.09,0.9,0.01,neutral,0.26,0.72,0.02,True,English,"['GenCell', 'BNP Paribas Energy Transition Fund']","['energy producer', 'ammonia', 'institutional investment', 'GenCell', 'BNP Paribas Energy Transition Fund', 'equity investment']",2021-04-30,,investableuniverse.com
BNP Paribas,1,Google API,https://www.arabnews.com/node/1851786/business-economy,Barclays and BNP Paribas report bumper Q1 profits,"LONDON: Barclays and BNP Paribas reported bumper first-quarter profits on Friday, as an equities trading boom offset a slump in demand for fixed income ...","LONDON: Barclays and BNP Paribas reported bumper first-quarter profits on Friday, as an equities trading boom offset a slump in demand for fixed income ...",neutral,0.0,0.99,0.01,neutral,0.0,0.9,0.1,True,English,"['Barclays', 'BNP Paribas', 'Barclays', 'BNP Paribas']","['BNP Paribas report bumper Q1 profits', 'Barclays', 'slump', 'BNP Paribas', 'demand', 'bumper', 'equities trading boom', 'Barclays', 'quarter profits', 'fixed income', 'LONDON']",2021-05-01,,arabnews.com
BNP Paribas,1,Google API,https://economictimes.indiatimes.com/mf/mf-news/retail-investors-could-give-new-fund-offer-of-bnp-paribas-aqua-fund-a-skip/articleshow/82296475.cms,Retail investors could give New Fund Offer of BNP Paribas Aqua Fund a skip,"The scheme will invest in units of BNP Paribas Funds Aqua (Lux), an offshore fund that invests in global companies involved in the water sector. The scheme's ...","The scheme will invest in units of BNP Paribas Funds Aqua (Lux), an offshore fund that invests in global companies involved in the water sector. The scheme's ...",neutral,0.01,0.96,0.03,neutral,0.06,0.9,0.04,True,English,"['BNP Paribas', 'BNP Paribas Funds Aqua', 'Lux']","['New Fund', 'BNP Paribas Aqua Fund', 'skip', 'Retail investors', 'Lux', 'units of BNP Paribas Funds Aqua', 'global companies', 'offshore fund', 'water sector', ""scheme's""]",2021-04-29,,economictimes.indiatimes.com
BNP Paribas,1,Google API,https://www.globaltimes.cn/page/202104/1222287.shtml,China accepts France's BNP Paribas' application to set up ...,The China Securities Regulatory Commission (CSRC) on Tuesday accepted France-based BNP Paribas' application for the establishment of a securities firm in ...,The China Securities Regulatory Commission (CSRC) on Tuesday accepted France-based BNP Paribas' application for the establishment of a securities firm in ...,neutral,0.01,0.99,0.0,neutral,0.0,1.0,0.0,True,English,"['BNP Paribas', 'China Securities Regulatory Commission', 'CSRC', 'BNP Paribas']","['application', 'China', ""France's BNP Paribas"", 'securities firm', 'China Securities Regulatory Commission', 'application', 'CSRC', 'establishment', 'France-based BNP Paribas']",2021-04-28,,globaltimes.cn
BNP Paribas,1,PyNews API,https://www.reuters.com/business/finance/bnp-paribas-applies-set-up-securities-firm-china-2021-04-27/,BNP Paribas applies to set up a securities firm in China - Reuters,China's securities regulator on Tuesday received application from France's BNP Paribas (BNPP.PA) to set up a securities company in China.,China's securities regulator on Tuesday received application from France's BNP Paribas (BNPP.PA) to set up a securities company in China. The application status was revealed on the website of China … [+352 chars],neutral,0.0,1.0,0.0,neutral,0.0,0.97,0.03,True,English,"['BNP Paribas', 'Reuters', 'BNP Paribas', 'BNPP']","['securities firm', 'China - Reuters', 'BNP Paribas', 'application status', 'website of China', 'securities company', ""China's securities regulator"", ""France's BNP Paribas"", 'chars']",2021-04-27,,reuters.com
BNP Paribas,1,PyNews API,https://www.reuters.com/article/china-bnp-paribas-idUSL1N2MK0MV,UPDATE 1-France's BNP Paribas applies to set up a securities firm in China - Reuters.com,"China's securities regulator has received an application from France's BNP Paribas to set up a securities company in China, the latest foreign player to try to expand into brokerage services in the country as it opens up its capital markets.","By Reuters Staff (Adds details, background) BEIJING, April 27 (Reuters) - Chinas securities regulator has received an application from Frances BNP Paribas to set up a securities company in China, t… [+1303 chars]",neutral,0.0,1.0,0.0,neutral,0.0,1.0,0.0,True,English,"['BNP Paribas', 'Reuters', 'Reuters.com', 'Reuters', 'Reuters', 'BNP Paribas']","[""France's BNP Paribas"", 'UPDATE', 'securities firm', 'China -', 'securities company', 'Chinas securities regulator', 'Reuters Staff', 'application', 'Frances BNP Paribas', 'details', 'background', 'chars', 'BEIJING']",2021-04-27,,reuters.com
BNP Paribas,1,PyNews API,https://www.reuters.com/business/finance/bnp-paribas-beats-expectations-q1-equity-trading-rebounds-2021-04-30/,BNP Paribas beats expectations for Q1 as equity trading rebounds - Reuters,"France's BNP Paribas (BNPP.PA) on Friday reported a better-than-expected first-quarter profit, helped by lower provisions for pandemic-related bad loans and a rebound in its equity trading business.","The BNP Paribas logo is seen at a branch in Paris, France, February 4, 2020. REUTERS/Benoit TessierFrance's BNP Paribas (BNPP.PA) on Friday reported a better-than-expected first-quarter profit, helpe… [+1882 chars]",neutral,0.1,0.86,0.04,positive,0.5,0.48,0.02,True,English,"['BNP Paribas', 'Reuters', 'BNP Paribas', 'REUTERS', 'BNP Paribas', 'BNPP']","['Q1', 'equity trading rebounds - Reuters', 'BNP Paribas beats expectations', 'BNP Paribas logo', ""Benoit TessierFrance's BNP Paribas"", 'branch', 'REUTERS', 'helpe', 'quarter profit', 'Paris', 'chars']",2021-04-30,,reuters.com
BNP Paribas,1,PyNews API,https://finance.yahoo.com/news/bnp-paribas-debt-traders-bailed-045839036.html,BNP Paribas Debt Traders Are Bailed Out by Equities in Reversal,(Bloomberg) -- BNP Paribas SA relied on lower provisions for bad loans and a resurgence of its equities business to boost earnings as its fixed-income...,(Bloomberg) -- BNP Paribas SA relied on lower provisions for bad loans and a resurgence of its equities business to boost earnings as its fixed-income traders missed out on a global rally. Revenue … [+2999 chars],negative,0.0,0.02,0.98,negative,0.04,0.45,0.51,True,English,"['BNP Paribas', 'BNP Paribas SA']","['BNP Paribas Debt Traders', 'Equities', 'Reversal', 'lower provisions', 'earnings', 'resurgence', 'bad loans', 'fixed-income traders', 'BNP Paribas SA', 'equities business', 'global rally', 'Revenue', 'chars']",2021-04-30,,finance.yahoo.com
BNP Paribas,1,PyNews API,https://finance.yahoo.com/news/bnp-paribas-beats-expectations-q1-052124103.html,BNP Paribas beats expectations for Q1 as equity trading rebounds,"PARIS (Reuters) -France's BNP Paribas on Friday reported a better-than-expected first-quarter profit, helped by lower provisions for pandemic-related bad...",Photo Illustration by The Daily Beast / Photos via GettyA confession letter written by Joel Greenberg in the final months of the Trump presidency claims that he and close associate Rep. Matt Gaetz pa… [+14845 chars],neutral,0.24,0.71,0.05,neutral,0.0,0.95,0.05,True,English,"['BNP Paribas', 'The Daily Beast', 'GettyA']","['Q1', 'BNP Paribas beats expectations', 'equity trading rebounds', 'GettyA confession letter', 'close associate', 'Daily Beast', 'final months', 'Photos', 'Joel Greenberg', 'Trump presidency claims', 'Matt Gaetz pa', 'Photo Illustration', 'chars']",2021-04-30,,finance.yahoo.com
BNP Paribas,1,PyNews API,https://finance.yahoo.com/news/gencell-raises-us-14-3-181700054.html,GenCell Raises US$14.3 million from a Series of Institutional International Investors,"GenCell Energy, (TASE: GNCL), a leading Israeli-based manufacturer of fuel cell energy solutions, announces a substantial investment in the Company's shares ...","Among the Investors in GenCell, a Leader in the Green Energy Space who has Developed Ammonia-to-Energy Technologies, a Group Led by the BNP Paribas Energy Transition Fund PETAH TIKVA, Israel, April… [+5296 chars]",neutral,0.0,1.0,0.0,neutral,0.19,0.81,0.0,True,English,"['GenCell', 'GenCell', 'BNP Paribas Energy Transition Fund']","['Series of Institutional International Investors', 'US', 'GenCell', 'Energy Technologies', 'Green Energy Space', 'BNP Paribas Energy Transition Fund', 'Leader', 'Ammonia', 'Group', 'GenCell', 'PETAH TIKVA', 'Israel', 'Investors']",2021-04-29,,finance.yahoo.com
BNP Paribas,1,Twitter,Twitter,"The banks and acquirers behind the initiative include Deutsche Bank, BNP Paribas, ING, UniCredit and Santander and…",nan,"The banks and acquirers behind the initiative include Deutsche Bank, BNP Paribas, ING, UniCredit and Santander and…",neutral,0.01,0.97,0.02,neutral,0.01,0.97,0.02,True,English,"['Deutsche Bank', 'BNP Paribas', 'ING', 'UniCredit', 'Santander', 'Deutsche Bank', 'BNP Paribas', 'ING', 'UniCredit', 'Santander']","['BNP Paribas', 'initiative', 'ING', 'Deutsche Bank', 'acquirers', 'UniCredit', 'Santander', 'banks', 'BNP Paribas', 'initiative', 'ING', 'Deutsche Bank', 'acquirers', 'UniCredit', 'Santander', 'banks']",2021-05-03,,Unknown
BNP Paribas,1,Twitter,Twitter,"Manishi_R , head of Asia-Pacific equity research at BNP Paribas, tells IamPuneetW in an interview that a renewed…",nan,"Manishi_R , head of Asia-Pacific equity research at BNP Paribas, tells IamPuneetW in an interview that a renewed…",neutral,0.04,0.94,0.02,neutral,0.04,0.94,0.02,True,English,"['BNP Paribas', 'IamPuneetW', 'BNP Paribas', 'IamPuneetW']","['Pacific equity research', 'head of Asia', 'BNP Paribas', 'IamPuneetW', 'interview', 'Manishi', 'Pacific equity research', 'head of Asia', 'BNP Paribas', 'IamPuneetW', 'interview', 'Manishi']",2021-05-03,,Unknown
BNP Paribas,1,Twitter,Twitter,The first quarter BNPPResults are solid. We continue to support our clients to contribute to a successful and sust…,nan,The first quarter BNPPResults are solid. We continue to support our clients to contribute to a successful and sust…,positive,0.98,0.02,0.0,positive,0.98,0.02,0.0,True,English,[],"['quarter  BNPPResults', 'clients', 'quarter  BNPPResults', 'clients']",2021-05-03,,Unknown
BNP Paribas,1,Twitter,Twitter,BNP Paribas is looking for an Associate - Corporate Credit Management - General Industrials &amp; Consumer. See here fo…,nan,BNP Paribas is looking for an Associate - Corporate Credit Management - General Industrials &amp; Consumer. See here fo…,neutral,0.03,0.92,0.05,neutral,0.03,0.92,0.05,True,English,"['BNP Paribas', 'Industrials &', '; Consumer', 'BNP Paribas', 'Industrials &', '; Consumer']","['Associate - Corporate Credit Management - General Industrials', 'amp', 'Consumer', 'BNP Paribas', 'fo', 'Associate - Corporate Credit Management - General Industrials', 'amp', 'Consumer', 'BNP Paribas', 'fo']",2021-05-03,,Unknown
BNP Paribas,1,Twitter,Twitter,BNP Paribas. easy re-election victory. Voter turnout was lower than in a,nan,BNP Paribas. easy re-election victory. Voter turnout was lower than in a,mixed,0.5,0.18,0.32,mixed,0.5,0.18,0.32,True,English,"['BNP Paribas', 'BNP Paribas']","['easy re-election victory', 'Voter turnout', 'BNP Paribas', 'easy re-election victory', 'Voter turnout', 'BNP Paribas']",2021-05-02,,Unknown
BNP Paribas,1,Twitter,Twitter,$BNPQF $BNPQY - BNP Paribas's Q1 Results Show A Broad-Based Recovery. business markets stocks,nan,$BNPQF $BNPQY - BNP Paribas's Q1 Results Show A Broad-Based Recovery. business markets stocks,neutral,0.03,0.96,0.01,neutral,0.03,0.96,0.01,True,English,"['BNP Paribas', 'BNP Paribas']","[""BNPQY - BNP Paribas's Q1 Results"", 'BNPQF', 'Recovery', 'business  markets  stocks', ""BNPQY - BNP Paribas's Q1 Results"", 'BNPQF', 'Recovery', 'business  markets  stocks']",2021-05-02,,Unknown
BNP Paribas,1,Twitter,Twitter,$BNPQF Earnings Intelligence Analysis of recent earnings identified BNP Paribas ( OTCQX:BNPQF ) business focus on (…,nan,$BNPQF Earnings Intelligence Analysis of recent earnings identified BNP Paribas ( OTCQX:BNPQF ) business focus on (…,neutral,0.01,0.98,0.01,neutral,0.01,0.98,0.01,True,English,"['BNP Paribas', 'BNP Paribas']","['BNPQF Earnings Intelligence Analysis of recent earnings', 'OTCQX', 'BNP Paribas', 'business focus', 'BNPQF Earnings Intelligence Analysis of recent earnings', 'OTCQX', 'BNP Paribas', 'business focus']",2021-05-02,,Unknown
BNP Paribas,1,Twitter,Twitter,"Barclays, BNP Paribas See Equities Bonanza Outweigh Fixed Income Slide",nan,"Barclays, BNP Paribas See Equities Bonanza Outweigh Fixed Income Slide",neutral,0.08,0.63,0.29,neutral,0.08,0.63,0.29,True,English,"['Barclays', 'BNP Paribas', 'Barclays', 'BNP Paribas']","['Equities Bonanza', 'BNP Paribas', 'Fixed Income Slide', 'Barclays', 'Equities Bonanza', 'BNP Paribas', 'Fixed Income Slide', 'Barclays']",2021-05-02,,Unknown
BNP Paribas,1,Twitter,Twitter,Newspaper publishing BNP Paribas and the Shenandoah Valley Commuter Bus!,nan,Newspaper publishing BNP Paribas and the Shenandoah Valley Commuter Bus!,neutral,0.01,0.98,0.01,neutral,0.01,0.98,0.01,True,English,"['BNP Paribas', 'BNP Paribas']","['Newspaper publishing BNP Paribas', 'Shenandoah Valley Commuter Bus', 'Newspaper publishing BNP Paribas', 'Shenandoah Valley Commuter Bus']",2021-05-02,,Unknown
BNP Paribas,1,Twitter,Twitter,"BNPPAM_NL podcast: "" Greenbonds have grown and matured as a fixedincome segment over the past decade. The need f…",nan,"BNPPAM_NL podcast: "" Greenbonds have grown and matured as a fixedincome segment over the past decade. The need f…",positive,0.49,0.38,0.13,positive,0.49,0.38,0.13,True,English,[],"['BNPPAM', 'NL  podcast', 'Greenbonds', 'fixedincome segment', 'past decade', 'need f', 'BNPPAM', 'NL  podcast', 'Greenbonds', 'fixedincome segment', 'past decade', 'need f']",2021-05-02,,Unknown
Citigroup,2,Google API,https://www.crainsnewyork.com/finance/citi-invests-mortgage-tech-push-close-racial-wealth-gap,Citi invests in mortgage tech in push to close racial wealth gap,Citigroup Inc. said it will invest in digital mortgage offerings as part of its pledge to improve homeownership rates among communities of color. The push to ...,Citigroup Inc. said it will invest in digital mortgage offerings as part of its pledge to improve homeownership rates among communities of color. The push to ...,negative,0.06,0.04,0.9,positive,0.55,0.43,0.02,True,English,"['Citi', 'Citigroup Inc.']","['push', 'mortgage tech', 'close racial wealth gap', 'Citi', 'pledge', 'homeownership rates', 'communities of color', 'digital mortgage offerings', 'Citigroup', 'push']",2021-04-27,,crainsnewyork.com
Citigroup,2,Google API,https://www.cnbc.com/2021/04/26/investor-campaign-pushes-citigroup-and-others-for-worker-reps-on-boards.html,Shareholder campaign pushes Citigroup and others for worker representation on boards,Citigroup shareholders will vote on whether the bank should consider a nonmanagement worker in its pool of board candidates. The bank is the latest company ...,Citigroup shareholders will vote on whether the bank should consider a nonmanagement worker in its pool of board candidates. The bank is the latest company ...,negative,0.02,0.46,0.52,neutral,0.01,0.98,0.01,True,English,"['Citigroup', 'Citigroup']","['Citigroup', 'worker representation', 'Shareholder campaign', 'boards', 'bank', 'nonmanagement worker', 'pool of board candidates', 'latest company', 'Citigroup shareholders']",2021-04-27,,cnbc.com
Citigroup,2,Google API,https://www.nasdaq.com/articles/ex-dividend-reminder%3A-realty-income-sl-green-realty-and-citigroup-2021-04-28,"Ex-Dividend Reminder: Realty Income, SL Green Realty and ...","Ex-Dividend Reminder: Realty Income, SL Green Realty and Citigroup. Contributor. BNK Invest BNK Invest. Published. Apr 28, 2021 10 ...","Ex-Dividend Reminder: Realty Income, SL Green Realty and Citigroup. Contributor. BNK Invest BNK Invest. Published. Apr 28, 2021 10 ...",neutral,0.0,1.0,0.0,neutral,0.1,0.87,0.03,True,English,"['SL Green Realty', 'SL Green Realty', 'Citigroup', 'BNK', 'BNK Invest']","['Realty Income', 'SL Green Realty', 'Ex-Dividend Reminder', 'Realty Income', 'SL Green Realty', 'BNK', 'Ex-Dividend Reminder', 'Citigroup', 'Contributor']",2021-04-29,,nasdaq.com
Citigroup,2,Google API,https://www.dallasnews.com/business/banking/2021/04/29/bank-of-america-citigroup-restrict-loans-to-the-gun-industry-so-texas-is-taking-aim-at-their-bottom-line/,"Bank of America, Citigroup restrict loans to the gun industry so Texas is taking aim at their bottom line","Bank of America and Citigroup, the top two underwriters in the $3.9 trillion municipal bond market, are at risk of getting shut out of Texas because of a push by ...","Bank of America and Citigroup, the top two underwriters in the $3.9 trillion municipal bond market, are at risk of getting shut out of Texas because of a push by ...",neutral,0.01,0.97,0.02,negative,0.0,0.01,0.99,True,English,"['Bank of America', 'Citigroup', 'Bank of America', 'Citigroup']","['loans', 'Citigroup', 'gun industry', 'aim', 'Texas', 'Bank of America', 'line', 'risk', 'municipal bond market', 'Citigroup', 'underwriters', 'Texas', 'Bank of America', 'push']",2021-04-30,,dallasnews.com
Citigroup,2,Google API,https://www.fitchratings.com/research/structured-finance/fitch-rates-citigroup-mortgage-loan-trust-2021-j1-30-04-2021,Fitch Rates Citigroup Mortgage Loan Trust 2021-J1,Fitch Ratings - New York - 30 Apr 2021: Fitch Ratings has assigned ratings to Citigroup Mortgage Loan Trust 2021-J1 (CMLTI 2021-J1).,Fitch Ratings - New York - 30 Apr 2021: Fitch Ratings has assigned ratings to Citigroup Mortgage Loan Trust 2021-J1 (CMLTI 2021-J1).,neutral,0.22,0.77,0.01,neutral,0.01,0.99,0.0,True,English,"['Fitch', 'Citigroup Mortgage Loan Trust', 'Fitch Ratings', 'Fitch Ratings', 'Citigroup Mortgage Loan Trust']","['Fitch Rates Citigroup Mortgage Loan Trust', 'J1', 'J1', 'Fitch Ratings - New York', 'Citigroup Mortgage Loan Trust', 'CMLTI']",2021-05-01,,fitchratings.com
Citigroup,2,Google API,https://www.marketwatch.com/story/citigroup-inc-stock-rises-monday-outperforms-market-01619469737-a67143350b73,"Citigroup Inc. stock rises Monday, outperforms market","Shares of Citigroup Inc. C, +1.15% advanced 1.15% to $72.20 Monday, on what proved to be an all-around mixed trading session for the stock market, with the ...","Shares of Citigroup Inc. C, +1.15% advanced 1.15% to $72.20 Monday, on what proved to be an all-around mixed trading session for the stock market, with the ...",neutral,0.21,0.78,0.01,neutral,0.01,0.98,0.01,True,English,"['Citigroup Inc.', 'Citigroup Inc.']","['stock rises', 'Citigroup', 'market', 'all-around mixed trading session', 'stock market', 'Shares of Citigroup']",2021-04-27,,marketwatch.com
Citigroup,2,Google API,https://www.marketwatch.com/story/citigroup-inc-stock-rises-thursday-outperforms-market-01619728939-16808042a9a7,"Citigroup Inc. stock rises Thursday, outperforms market","Shares of Citigroup Inc. C, +1.28% rallied 1.28% to $73.84 Thursday, on what proved to be an all-around favorable trading session for the stock market, with the ...","Shares of Citigroup Inc. C, +1.28% rallied 1.28% to $73.84 Thursday, on what proved to be an all-around favorable trading session for the stock market, with the ...",neutral,0.22,0.77,0.01,neutral,0.37,0.58,0.05,True,English,"['Citigroup Inc.', 'Citigroup Inc.']","['stock rises', 'Citigroup', 'market', 'all-around favorable trading session', 'stock market', 'Shares of Citigroup']",2021-04-30,,marketwatch.com
Citigroup,2,PyNews API,https://www.reuters.com/article/citigroup-europe-idUSL1N2MG0U7,Citigroup steps up Western European corporate banking push - Reuters,"Citigroup is expanding its commercial banking operations in Europe, Middle East and Africa (EMEA), looking to take on local banks serving mid-sized companies as part of a wider bid to capitalise on its global presence.","By Reuters Staff LONDON, April 26 (Reuters) - Citigroup is expanding its commercial banking operations in Europe, Middle East and Africa (EMEA), looking to take on local banks serving mid-sized comp… [+1916 chars]",neutral,0.01,0.99,0.0,neutral,0.0,1.0,0.0,True,English,"['Citigroup', 'Reuters', 'Reuters', 'Reuters', 'Citigroup']","['Western European corporate banking push - Reuters', 'Citigroup steps', 'Reuters Staff', 'Middle East', 'Europe', 'commercial banking operations', 'mid-sized comp', 'local banks', 'Africa', 'Citigroup', 'EMEA', 'chars']",2021-04-26,,reuters.com
Citigroup,2,PyNews API,https://www.reuters.com/business/finance/citigroup-steps-up-western-european-corporate-banking-push-2021-04-26/,Citigroup steps up Western European corporate banking push - Reuters,"Citigroup (C.N) is expanding its commercial banking operations in Europe, Middle East and Africa (EMEA), looking to take on local banks serving mid-sized companies as part of a wider bid to capitalise on its global presence.","Citigroup (C.N) is expanding its commercial banking operations in Europe, Middle East and Africa (EMEA), looking to take on local banks serving mid-sized companies as part of a wider bid to capitalis… [+1909 chars]",neutral,0.01,0.99,0.0,neutral,0.0,1.0,0.0,True,English,"['Citigroup', 'Reuters', 'Citigroup', 'C.N']","['Western European corporate banking push - Reuters', 'Citigroup steps', 'Middle East', 'Europe', 'commercial banking operations', 'mid-sized companies', 'local banks', 'Africa', 'wider bid', 'capitalis', 'EMEA', 'Citigroup']",2021-04-26,,reuters.com
Citigroup,2,PyNews API,https://www.reuters.com/business/energy/adnoc-dutch-listed-oci-set-pick-citi-fab-hsbc-jv-ipo-sources-2021-04-26/,"ADNOC, Dutch-listed OCI set to pick Citi, FAB, HSBC for JV IPO - sources - Reuters","Abu Dhabi National Oil Company (ADNOC) (ADNOC.UL) and chemical producer OCI N.V. (OCI) (OCI.AS) are likely to pick First Abu Dhabi Bank, (FAB.AD) HSBC (HSBA.L) and Citigroup (C.N) to work on the public-share sale of their fertiliser joint venture Fertiglobe, …","Abu Dhabi National Oil Company (ADNOC) (ADNOC.UL) and chemical producer OCI N.V. (OCI) (OCI.AS) are likely to pick First Abu Dhabi Bank, (FAB.AD) HSBC (HSBA.L) and Citigroup (C.N) to work on the publ… [+1612 chars]",neutral,0.04,0.96,0.0,neutral,0.01,0.97,0.02,True,English,"['ADNOC', 'OCI', 'Citi', 'FAB', 'HSBC', 'Reuters', 'Abu Dhabi National Oil Company', 'ADNOC', 'ADNOC', 'UL', 'OCI N.V.', 'OCI', 'OCI.AS', 'First Abu Dhabi Bank', 'FAB', 'HSBC', 'HSBA', 'Citigroup', 'C.N']","['JV IPO - sources', 'Citi', 'HSBC', 'Dutch-listed OCI', 'ADNOC', 'Reuters', 'ADNOC', 'Abu Dhabi Bank', 'Abu Dhabi National Oil Company', 'chemical producer OCI', 'UL', 'Citigroup', 'HSBC', 'publ', 'HSBA', 'chars']",2021-04-26,,reuters.com
Citigroup,2,PyNews API,https://www.nytimes.com/2021/04/26/nyregion/wiley-takeaways-mayor-nyc.html,"Women’s Groups Back Wiley, and McGuire Shows His Wealth","The New York City mayor’s race has eight weeks to go before the June 22 primary, and endorsements and donations are beginning to help it take shape.","Mr. McGuire, who left his position as a vice chairman at Citigroup to run for mayor, will still receive payouts from his former employer over the next four years, and has numerous investments in secu… [+1481 chars]",positive,0.87,0.1,0.03,neutral,0.02,0.95,0.03,True,English,['Citigroup'],"['Wiley', 'McGuire', 'Women’s Groups', 'Wealth', 'position', 'Citigroup', 'vice chairman', 'secu', 'years', 'numerous investments', 'mayor', 'employer', 'payouts', 'chars']",2021-04-26,,nytimes.com
Citigroup,2,Twitter,Twitter,Jimmyjude13 Ask me about my Citigroup stock in 2008.,nan,Jimmyjude13 Ask me about my Citigroup stock in 2008.,neutral,0.01,0.98,0.01,neutral,0.01,0.98,0.01,True,English,"['Citigroup', 'Citigroup']","['Jimmyjude13', 'Citigroup stock', 'Jimmyjude13', 'Citigroup stock']",2021-05-03,,Unknown
Citigroup,2,Twitter,Twitter,"Aggressive deal-making, especially for Citigroup's retail assets in Asia, can help Singapore’s biggest bank ward of…",nan,"Aggressive deal-making, especially for Citigroup's retail assets in Asia, can help Singapore’s biggest bank ward of…",neutral,0.11,0.88,0.01,neutral,0.11,0.88,0.01,True,English,"['Citigroup', 'Citigroup']","['Asia', 'Singapore’s biggest bank ward', ""Citigroup's retail assets"", 'Aggressive deal', 'Asia', 'Singapore’s biggest bank ward', ""Citigroup's retail assets"", 'Aggressive deal']",2021-05-03,,Unknown
Citigroup,2,Twitter,Twitter,"I care about PulteGroup, Inc. they are much worse than Citigroup even without voters.",nan,"I care about PulteGroup, Inc. they are much worse than Citigroup even without voters.",negative,0.0,0.0,1.0,negative,0.0,0.0,1.0,True,English,"['PulteGroup, Inc.', 'Citigroup', 'PulteGroup, Inc.', 'Citigroup']","['Citigroup', 'voters', 'PulteGroup', 'Citigroup', 'voters', 'PulteGroup']",2021-05-03,,Unknown
Citigroup,2,Twitter,Twitter,"MoonOverlord DIA - muh oracle narrative and Citigroup/EU parliament connections, low capRAY - middish cap now but…",nan,"MoonOverlord DIA - muh oracle narrative and Citigroup/EU parliament connections, low capRAY - middish cap now but…",neutral,0.01,0.97,0.02,neutral,0.01,0.97,0.02,True,English,"['Citigroup', 'EU', 'Citigroup', 'EU']","['EU parliament connections', 'Citigroup', 'MoonOverlord DIA - muh oracle narrative', 'low capRAY - middish cap', 'EU parliament connections', 'Citigroup', 'MoonOverlord DIA - muh oracle narrative', 'low capRAY - middish cap']",2021-05-03,,Unknown
Citigroup,2,Twitter,Twitter,Citigroup to exit consumer banking in 13 markets Banking via,nan,Citigroup to exit consumer banking in 13 markets Banking via,neutral,0.04,0.95,0.01,neutral,0.04,0.95,0.01,True,English,"['Citigroup', 'Citigroup']","['consumer banking', 'markets  Banking', 'Citigroup', 'consumer banking', 'markets  Banking', 'Citigroup']",2021-05-03,,Unknown
Citigroup,2,Twitter,Twitter,"No shit. really? 🤣🤣🤣 Racism has cost the U.S. $16 trillion, Citigroup finds via cbsmoneywatch",nan,"No shit. really? 🤣🤣🤣 Racism has cost the U.S. $16 trillion, Citigroup finds via cbsmoneywatch",mixed,0.27,0.05,0.68,mixed,0.27,0.05,0.68,True,English,"['Citigroup', 'Citigroup']","['Citigroup', 'cbsmoneywatch', 'shit', 'Racism', 'Citigroup', 'cbsmoneywatch', 'shit', 'Racism']",2021-05-03,,Unknown
Citigroup,2,Twitter,Twitter,Fitch Rates Citigroup Mortgage Loan Trust 2021-J1 - Fitch Ratings mortages mortgage,nan,Fitch Rates Citigroup Mortgage Loan Trust 2021-J1 - Fitch Ratings mortages mortgage,neutral,0.07,0.93,0.0,neutral,0.07,0.93,0.0,True,English,"['Fitch', 'Citigroup Mortgage Loan Trust', 'Fitch', 'Fitch', 'Citigroup Mortgage Loan Trust', 'Fitch']","['J1 - Fitch Ratings  mortages  mortgage', 'Fitch Rates Citigroup Mortgage Loan Trust', 'J1 - Fitch Ratings  mortages  mortgage', 'Fitch Rates Citigroup Mortgage Loan Trust']",2021-05-03,,Unknown
Citigroup,2,Twitter,Twitter,"Racism has cost the U.S. $16 trillion, Citigroup finds - CBS NewsDid someone say WhiteSupremacy?",nan,"Racism has cost the U.S. $16 trillion, Citigroup finds - CBS NewsDid someone say WhiteSupremacy?",negative,0.01,0.01,0.98,negative,0.01,0.01,0.98,True,English,"['Citigroup', 'CBS NewsDid', 'Citigroup', 'CBS NewsDid']","['CBS NewsDid', 'Citigroup', 'WhiteSupremacy', 'Racism', 'CBS NewsDid', 'Citigroup', 'WhiteSupremacy', 'Racism']",2021-05-02,,Unknown
Nomura,3,Google API,https://kfgo.com/2021/04/27/nomura-logs-biggest-quarterly-loss-in-over-a-decade-on-archegos-hit/,Nomura logs biggest quarterly loss in over a decade on ...,"TOKYO (Reuters) – Nomura Holdings Inc, Japan's biggest brokerage and investment bank, reported on Tuesday its biggest quarterly net loss since the 2008 ...","TOKYO (Reuters) – Nomura Holdings Inc, Japan's biggest brokerage and investment bank, reported on Tuesday its biggest quarterly net loss since the 2008 ...",neutral,0.02,0.83,0.15,neutral,0.0,0.95,0.05,True,English,"['Nomura', 'Reuters', 'Nomura Holdings Inc']","['quarterly loss', 'Nomura logs', 'decade', ""Japan's biggest brokerage"", 'biggest quarterly net loss', 'Nomura Holdings', 'investment bank', 'TOKYO', 'Reuters']",2021-04-28,,kfgo.com
Nomura,3,Google API,https://asia.nikkei.com/Business/Finance/Nomura-slides-to-loss-amid-2.87bn-hit-in-US-from-Archegos,Nomura slides to loss amid $2.87bn hit in US from Archegos,TOKYO -- Nomura Holdings on Tuesday said its losses from the collapse of U.S. investor Archegos Capital Management would amount to 307 billion yen ($2.87 ...,TOKYO -- Nomura Holdings on Tuesday said its losses from the collapse of U.S. investor Archegos Capital Management would amount to 307 billion yen ($2.87 ...,neutral,0.03,0.89,0.08,negative,0.0,0.0,1.0,True,English,"['Nomura', 'Archegos', 'Nomura Holdings', 'Archegos Capital Management']","['bn', 'loss', 'US', 'Nomura slides', 'Archegos', 'collapse of', 'investor Archegos Capital Management', 'losses', 'Nomura Holdings', 'TOKYO', 'yen']",2021-04-28,,asia.nikkei.com
Nomura,3,Google API,https://kfgo.com/2021/04/26/nomura-appoints-ex-jp-morgan-banker-as-co-ceo-of-americas-holding-firm/,Nomura appoints ex-JP Morgan banker as Co-CEO of ...,TOKYO (Reuters) – Nomura Holdings Inc said on Monday it will appoint Christopher Willcox as Co-CEO of the group's holding company for Americas as Japan's ...,TOKYO (Reuters) – Nomura Holdings Inc said on Monday it will appoint Christopher Willcox as Co-CEO of the group's holding company for Americas as Japan's ...,neutral,0.02,0.97,0.01,neutral,0.01,0.98,0.01,True,English,"['JP Morgan', 'Reuters', 'Nomura Holdings Inc']","['ex-JP Morgan banker', 'Co-CEO', 'Nomura', ""group's holding company"", 'Co-CEO', 'Americas', ""Japan's"", 'Christopher Willcox', 'TOKYO', 'Reuters', 'Nomura Holdings']",2021-04-27,,kfgo.com
Nomura,3,Google API,https://www.financemagnates.com/institutional-forex/nomura-reports-170-billion-yen-net-revenue-in-q4/,Nomura Reports 170 Billion Yen Net Revenue in Q4,"Nomura Holdings, a leading Japanese financial services firm, today released its financial results for the fourth quarter and full-year ended March 2021. Despite ...","Nomura Holdings, a leading Japanese financial services firm, today released its financial results for the fourth quarter and full-year ended March 2021. Despite ...",neutral,0.0,0.98,0.02,neutral,0.07,0.9,0.03,True,English,"['Nomura', 'Nomura Holdings']","['Yen Net Revenue', 'Nomura Reports', 'Q4', 'financial results', 'leading Japanese financial services firm', 'Nomura Holdings', 'quarter', 'year']",2021-04-28,,financemagnates.com
Nomura,3,Google API,https://www.caixinglobal.com/2021-04-28/economic-gap-between-north-and-south-china-set-to-further-widen-nomura-says-101700955.html,Economic Gap Between North and South China Set to Further ...,Nomura estimates that northern China's share of the national economy shrank to 35.2 percent last year from 42.9 percent in 2012. The pandemic has worsened ...,Nomura estimates that northern China's share of the national economy shrank to 35.2 percent last year from 42.9 percent in 2012. The pandemic has worsened ...,neutral,0.03,0.92,0.05,negative,0.0,0.0,1.0,True,English,[],"['South China', 'Economic Gap', 'percent', ""northern China's share"", 'national economy', 'Nomura estimates', 'year', 'pandemic']",2021-04-29,,caixinglobal.com
Nomura,3,Google API,https://www.euromoney.com/article/28gekysfy8as6x1mgyghs/opinion/wealth-will-nomuras-big-plans-for-asia-fall-short,Wealth: Will Nomura's big plans for Asia fall short?,"Since joining Nomura as head of international wealth management (IWM) in September, he has barely sat still. Being surrounded by opportunity offers no ...","Since joining Nomura as head of international wealth management (IWM) in September, he has barely sat still. Being surrounded by opportunity offers no ...",neutral,0.14,0.82,0.04,positive,0.49,0.15,0.36,True,English,['IWM'],"[""Nomura's big plans"", 'Asia', 'Wealth', 'head of international wealth management', 'IWM', 'Nomura', 'opportunity']",2021-04-28,,euromoney.com
Nomura,3,Google API,https://www.ggrasia.com/manila-lockdown-to-may-14-likely-not-enough-nomura/,GGRAsia – Manila lockdown to May 14 likely not enough ...,"A Thursday note from banking group Nomura suggested a two-week extension ... to safer levels,” wrote Nomura analysts Euben Paracuelles and Rangga Cipta.","A Thursday note from banking group Nomura suggested a two-week extension ... to safer levels,” wrote Nomura analysts Euben Paracuelles and Rangga Cipta.",neutral,0.01,0.59,0.4,positive,0.76,0.23,0.01,True,English,"['Nomura', 'Nomura']","['Manila lockdown', 'GGRAsia', 'Nomura analysts Euben Paracuelles', 'banking group Nomura', 'two-week extension', 'safer levels', 'Rangga Cipta']",2021-04-30,,ggrasia.com
Nomura,3,Google API,https://www.telecompaper.com/news/komatsu-ntt-docomo-sony-nomura-launch-earthbrain-company--1381491,"Komatsu, NTT Docomo, Sony, Nomura launch EarthBrain ...","Komatsu, NTT Docomo, Sony Semiconductor and Nomura Research Institute have agreed to launch a new company called EarthBrain, which will support digital ...","Komatsu, NTT Docomo, Sony Semiconductor and Nomura Research Institute have agreed to launch a new company called EarthBrain, which will support digital ...",neutral,0.01,0.99,0.0,neutral,0.45,0.54,0.01,True,English,"['Komatsu', 'NTT Docomo', 'Sony', 'Nomura', 'Komatsu', 'NTT Docomo', 'Sony Semiconductor', 'Nomura Research Institute', 'EarthBrain']","['Sony', 'NTT Docomo', 'Nomura launch EarthBrain', 'Komatsu', 'Sony Semiconductor', 'NTT Docomo', 'Nomura Research Institute', 'Komatsu', 'EarthBrain', 'new company']",2021-05-01,,telecompaper.com
Nomura,3,PyNews API,https://www.reuters.com/video/watch/idOVEAAYZYJ,"HSBC profits soar, but Archegos hits UBS, Nomura - Reuters.com","Profits are soaring at HSBC as vaccine rollouts lift the global economic outlook, but UBS and Nomura continue to suffer from the collapse of U.S. investment firm Archegos. Julian Satterthwaite reports.","Posted Profits are soaring at HSBC as vaccine rollouts lift the global economic outlook, but UBS and Nomura continue to suffer from the collapse of U.S. investment firm Archegos. Julian Satterthwai… [+10 chars]",neutral,0.02,0.94,0.04,negative,0.0,0.0,1.0,True,English,"['HSBC', 'Archegos', 'UBS', 'Nomura', 'Reuters', 'Reuters.com', 'HSBC', 'UBS', 'Nomura', 'Archegos']","['Archegos hits UBS', 'HSBC profits soar', 'Nomura -', 'global economic outlook', 'vaccine rollouts', 'collapse of', 'HSBC', 'Nomura', 'UBS', 'investment firm Archegos', 'Julian Satterthwai', 'chars', 'Profits']",2021-04-27,,reuters.com
Nomura,3,PyNews API,https://www.reuters.com/article/us-nomura-hldgs-results-idUSKBN2CE0HN,UPDATE 1-Nomura logs biggest quarterly loss in over a decade on Archegos hit - Reuters,"Nomura Holdings Inc, Japan's biggest brokerage and investment bank, reported on Tuesday its biggest quarterly net loss since the 2008 global financial crisis, taking a 245.7 billion yen ($2.3 billion) hit from the collapse of U.S. investment fund Archegos.","By Reuters Staff FILE PHOTO: The logo of Nomura Securities is seen at the company's Head Office in Tokyo, Japan, November 28, 2016. REUTERS/Toru Hanai/File Photo TOKYO (Reuters) - Nomura Holdings I… [+1390 chars]",neutral,0.0,0.98,0.02,neutral,0.0,1.0,0.0,True,English,"['Nomura', 'Archegos', 'Reuters', 'Reuters', 'Nomura Securities', 'REUTERS', 'Reuters', 'Nomura Holdings I']","['quarterly loss', 'decade', 'Nomura logs', 'Archegos', 'UPDATE', 'Reuters', 'FILE PHOTO', 'Tokyo', 'Reuters Staff', 'Nomura Holdings', 'logo of Nomura Securities', ""company's Head Office"", 'Japan', 'Toru Hanai', 'chars']",2021-04-27,,reuters.com
Nomura,3,PyNews API,https://www.reuters.com/business/nomura-logs-biggest-quarterly-loss-over-decade-archegos-hit-2021-04-27/,Nomura logs biggest quarterly loss in over a decade on Archegos hit - Reuters,"Nomura Holdings Inc (8604.T), Japan's biggest brokerage and investment bank, reported on Tuesday its biggest quarterly net loss since the 2008 global financial crisis, taking a 245.7 billion yen ($2.3 billion) hit from the collapse of U.S. investment fund Arc…","The logo of Nomura Securities is seen at the company's Head Office in Tokyo, Japan, November 28, 2016. REUTERS/Toru Hanai/File PhotoNomura Holdings Inc (8604.T), Japan's biggest brokerage and investm… [+1454 chars]",neutral,0.01,0.92,0.07,neutral,0.0,0.99,0.01,True,English,"['Nomura', 'Archegos', 'Reuters', 'Nomura Securities', 'REUTERS', 'PhotoNomura Holdings Inc']","['quarterly loss', 'decade', 'Archegos', 'Nomura logs', 'Reuters', 'File PhotoNomura Holdings', ""company's Head Office"", 'Toru Hanai', 'investm', ""Japan's biggest brokerage"", 'Tokyo', 'REUTERS', 'logo of Nomura Securities', 'chars']",2021-04-27,,reuters.com
Nomura,3,Twitter,Twitter,DoorHinge9 This is the fishing dad equivalent of a Tetsuya Nomura character design!,nan,DoorHinge9 This is the fishing dad equivalent of a Tetsuya Nomura character design!,neutral,0.05,0.94,0.01,neutral,0.05,0.94,0.01,True,English,[],"['fishing dad equivalent', 'Tetsuya Nomura character design', 'DoorHinge9', 'fishing dad equivalent', 'Tetsuya Nomura character design', 'DoorHinge9']",2021-05-03,,Unknown
Nomura,3,Twitter,Twitter,bombsfall I fucking knew hominids were designed by Tetsuya Nomura,nan,bombsfall I fucking knew hominids were designed by Tetsuya Nomura,negative,0.01,0.11,0.88,negative,0.01,0.11,0.88,True,English,[],"['hominids', 'Tetsuya Nomura', 'bombsfall', 'hominids', 'Tetsuya Nomura', 'bombsfall']",2021-05-03,,Unknown
Nomura,3,Twitter,Twitter,BJP’s loss in WestBengal may be seen as a referendum on the central government’s handling of the second wave outbreak - Nomura,nan,BJP’s loss in WestBengal may be seen as a referendum on the central government’s handling of the second wave outbreak - Nomura,neutral,0.01,0.62,0.37,neutral,0.01,0.62,0.37,True,English,"['BJP', 'BJP']","['central government’s handling', 'referendum', 'wave outbreak - Nomura', 'WestBengal', 'BJP’s  loss', 'central government’s handling', 'referendum', 'wave outbreak - Nomura', 'WestBengal', 'BJP’s  loss']",2021-05-03,,Unknown
Nomura,3,Twitter,Twitter,Manifesting...🕯Kingdom Hearts χ HD Movie🕯...in E3 2021 or KH 20th AnniversaryPlease Papa Nomura 🙏 We already ha…,nan,Manifesting...🕯Kingdom Hearts χ HD Movie🕯...in E3 2021 or KH 20th AnniversaryPlease Papa Nomura 🙏 We already ha…,neutral,0.22,0.77,0.01,neutral,0.22,0.77,0.01,True,English,[],"['E3', 'Kingdom Hearts χ HD Movie', 'KH', 'Manifesting', 'AnniversaryPlease Papa Nomura', 'ha', 'E3', 'Kingdom Hearts χ HD Movie', 'KH', 'Manifesting', 'AnniversaryPlease Papa Nomura', 'ha']",2021-05-03,,Unknown
Nomura,3,Twitter,Twitter,"Yusuke Nomura appeared song ""Starting Over""",nan,"Yusuke Nomura appeared song ""Starting Over""",negative,0.02,0.14,0.84,negative,0.02,0.14,0.84,True,English,[],"['Yusuke Nomura', 'song', 'Yusuke Nomura', 'song']",2021-05-03,,Unknown
Nomura,3,Twitter,Twitter,"XRP &amp; BTC Whales, Nomura CEO, Ripple IPO Plans, GKFX Arrests: Editor’s Pick - Finance Magnates",nan,"XRP &amp; BTC Whales, Nomura CEO, Ripple IPO Plans, GKFX Arrests: Editor’s Pick - Finance Magnates",neutral,0.0,0.93,0.07,neutral,0.0,0.93,0.07,True,English,"['XRP', ';', 'BTC Whales', 'Ripple', 'GKFX', 'XRP', ';', 'BTC Whales', 'Ripple', 'GKFX']","['GKFX Arrests', 'Ripple IPO Plans', 'Nomura CEO', 'BTC Whales', 'Editor’s Pick - Finance Magnates', 'amp', 'XRP', 'GKFX Arrests', 'Ripple IPO Plans', 'Nomura CEO', 'BTC Whales', 'Editor’s Pick - Finance Magnates', 'amp', 'XRP']",2021-05-03,,Unknown
Nomura,3,Twitter,Twitter,"Some people are like "" Fuck Tetsuya Nomura 😡""And the next day they are like "" Time to buy the newest Kingdom Hear…",nan,"Some people are like "" Fuck Tetsuya Nomura 😡""And the next day they are like "" Time to buy the newest Kingdom Hear…",negative,0.16,0.11,0.73,negative,0.16,0.11,0.73,True,English,[],"['Fuck Tetsuya Nomura', 'Time', 'day', 'people', 'newest Kingdom', 'Fuck Tetsuya Nomura', 'Time', 'day', 'people', 'newest Kingdom']",2021-05-03,,Unknown
Nomura,3,Twitter,Twitter,NotZachlolol BruhThat's absolute chaos. Nomura has gone mad,nan,NotZachlolol BruhThat's absolute chaos. Nomura has gone mad,negative,0.0,0.01,0.99,negative,0.0,0.01,0.99,True,English,[],"[""NotZachlolol BruhThat's absolute chaos"", 'Nomura', ""NotZachlolol BruhThat's absolute chaos"", 'Nomura']",2021-05-03,,Unknown
Nomura,3,Twitter,Twitter,"Nomura on *Indusind bank*: Maintains Buy call on Bank, target price at Rs 1135/Sh (Neutral)",nan,"Nomura on *Indusind bank*: Maintains Buy call on Bank, target price at Rs 1135/Sh (Neutral)",neutral,0.02,0.96,0.02,neutral,0.02,0.96,0.02,True,English,[],"['Indusind bank', 'Rs', 'Sh', 'target price', 'Nomura', 'Indusind bank', 'Rs', 'Sh', 'target price', 'Nomura']",2021-05-03,,Unknown
Nomura,3,Twitter,Twitter,Hello everyone! My name is Miyo Nomura.I love cats. Let's enjoy! 重ねた足跡,nan,Hello everyone! My name is Miyo Nomura.I love cats. Let's enjoy! 重ねた足跡,positive,1.0,0.0,0.0,positive,1.0,0.0,0.0,True,English,[],"['Miyo Nomura', 'cats', '重ねた足跡', 'Miyo Nomura', 'cats', '重ねた足跡']",2021-05-03,,Unknown
Nomura,3,Twitter,Twitter,BrokerageRadar | Check out the top brokerage views on RelianceIndustries' Q4 earnings.Nomura Macquarie…,nan,BrokerageRadar | Check out the top brokerage views on RelianceIndustries' Q4 earnings.Nomura Macquarie…,negative,0.01,0.11,0.88,negative,0.01,0.11,0.88,True,English,"['BrokerageRadar', 'RelianceIndustries', 'BrokerageRadar', 'RelianceIndustries']","['RelianceIndustries', 'Q4 earnings', 'brokerage views', 'Nomura Macquarie', 'BrokerageRadar', 'RelianceIndustries', 'Q4 earnings', 'brokerage views', 'Nomura Macquarie', 'BrokerageRadar']",2021-05-03,,Unknown
Morgan Stanley,4,Google API,https://www.financialexpress.com/industry/banking-finance/after-morgan-stanley-jpmorgan-prepares-to-offer-rich-clients-access-to-bitcoin-fund/2240746/,"After Morgan Stanley, JPMorgan prepares to offer rich clients access to bitcoin fund","After Morgan Stanley, JPMorgan prepares to offer rich clients access to bitcoin fund. By: Sandeep Soni |. April 26, 2021 10:57 PM. The move ...","After Morgan Stanley, JPMorgan prepares to offer rich clients access to bitcoin fund. By: Sandeep Soni |. April 26, 2021 10:57 PM. The move ...",neutral,0.12,0.88,0.0,neutral,0.06,0.93,0.01,True,English,"['Morgan Stanley', 'JPMorgan', 'Morgan Stanley', 'JPMorgan']","['rich clients access', 'JPMorgan', 'bitcoin fund', 'Morgan Stanley', 'rich clients access', 'JPMorgan', 'bitcoin fund', 'Morgan Stanley', 'Sandeep Soni']",2021-04-27,,financialexpress.com
Morgan Stanley,4,Google API,https://www.barrons.com/articles/bitcoin-is-recovering-why-jp-morgan-could-the-reason-51619453575,Why Bitcoin's Price Is Recovering Today,"Morgan Stanley (MS) started offering privately managed Bitcoin funds to high-net-worth clients in March. One of its funds, FS NYDIG Select Bitcoin Fund LP, has ...","Morgan Stanley (MS) started offering privately managed Bitcoin funds to high-net-worth clients in March. One of its funds, FS NYDIG Select Bitcoin Fund LP, has ...",neutral,0.05,0.81,0.14,neutral,0.01,0.99,0.0,True,English,"['Morgan Stanley', 'MS', 'FS NYDIG Select Bitcoin Fund LP']","[""Bitcoin's Price"", 'managed Bitcoin funds', 'Bitcoin Fund LP', 'high-net', 'FS NYDIG', 'MS', 'worth clients', 'Morgan Stanley']",2021-04-27,,barrons.com
Morgan Stanley,4,Google API,https://www.coindesk.com/jpmorgan-to-let-clients-invest-in-bitcoin-fund-for-first-time-sources,JPMorgan to Let Clients Invest in Bitcoin Fund for First Time: Sources - CoinDesk,"Galaxy and NYDIG are now offering bitcoin funds to Morgan Stanley clients. The JPMorgan fund will be for private wealth clients, a source familiar with the ...","Galaxy and NYDIG are now offering bitcoin funds to Morgan Stanley clients. The JPMorgan fund will be for private wealth clients, a source familiar with the ...",neutral,0.04,0.96,0.0,positive,0.91,0.09,0.0,True,English,"['JPMorgan', 'CoinDesk', 'Galaxy', 'NYDIG', 'Morgan Stanley', 'JPMorgan']","['Bitcoin Fund', 'Time', 'Clients', 'Sources - CoinDesk', 'JPMorgan', 'private wealth clients', 'Morgan Stanley clients', 'bitcoin funds', 'source familiar', 'JPMorgan fund', 'NYDIG', 'Galaxy']",2021-04-27,,coindesk.com
Morgan Stanley,4,Google API,https://www.barrons.com/articles/splunk-slides-as-morgan-stanley-downgrades-on-business-transition-issues-51619535003,Splunk Slides as Morgan Stanley Downgrades on Business ...,Splunk shares were trading sharply lower onTuesday after Morgan Stanley analyst Keith Weiss cut his rating on the data analytics software company to Equal ...,Splunk shares were trading sharply lower onTuesday after Morgan Stanley analyst Keith Weiss cut his rating on the data analytics software company to Equal ...,negative,0.03,0.41,0.56,neutral,0.01,0.64,0.35,True,English,"['Morgan Stanley', 'Splunk', 'Morgan Stanley', 'Equal']","['Morgan Stanley Downgrades', 'Splunk Slides', 'Business', 'rating', 'lower onTuesday', 'Morgan Stanley analyst Keith Weiss', 'data analytics software company', 'Splunk shares']",2021-04-28,,barrons.com
Morgan Stanley,4,Google API,https://www.livewiremarkets.com/wires/where-morgan-stanley-sees-value-today,Where Morgan Stanley sees value today - Glenn Freeman ...,"In his role heading Morgan Stanley's Australian wealth management research, Lim and his team keep a close watch on emerging markets and the broader ...","In his role heading Morgan Stanley's Australian wealth management research, Lim and his team keep a close watch on emerging markets and the broader ...",neutral,0.21,0.77,0.02,positive,0.54,0.45,0.01,True,English,"['Morgan Stanley', 'Morgan Stanley']","['value', 'Morgan Stanley', 'Glenn Freeman', 'Lim', ""Morgan Stanley's Australian wealth management research"", 'team', 'close watch', 'role', 'emerging markets']",2021-04-27,,livewiremarkets.com
Morgan Stanley,4,Google API,https://www.investing.com/news/morgan-stanley-stick-to-their-hold-rating-for-klatencor-2485411,Morgan Stanley Stick to Their Hold Rating for Kla-Tencor By ...,"Morgan Stanley (NYSE:MS) analyst Joseph Moore maintained a Hold rating on Kla-Tencor (NASDAQ:KLAC) on Monday, setting a price target of $349, which is ...","Morgan Stanley (NYSE:MS) analyst Joseph Moore maintained a Hold rating on Kla-Tencor (NASDAQ:KLAC) on Monday, setting a price target of $349, which is ...",neutral,0.01,0.98,0.01,neutral,0.01,0.99,0.0,True,English,"['Morgan Stanley', 'Kla-Tencor', 'Morgan Stanley', 'Kla-Tencor', 'KLAC']","['Hold Rating', 'Morgan Stanley Stick', 'Kla-Tencor', 'analyst Joseph Moore', 'Hold rating', 'NYSE', 'MS', 'Kla-Tencor', 'NASDAQ', 'Morgan Stanley', 'KLAC', 'price target']",2021-04-27,,investing.com
Morgan Stanley,4,Google API,https://www.caixinglobal.com/2021-04-29/morgan-stanley-set-to-take-greater-control-over-two-china-joint-ventures-101703926.html,Morgan Stanley Set to Take Greater Control Over Two China ...,U.S. financial services giant Morgan Stanley looks set to take almost full control of its two Chinese mainland joint ventures after a Chinese partner announced ...,U.S. financial services giant Morgan Stanley looks set to take almost full control of its two Chinese mainland joint ventures after a Chinese partner announced ...,neutral,0.11,0.88,0.01,neutral,0.01,0.98,0.01,True,English,"['Morgan Stanley', 'Morgan Stanley']","['Greater Control', 'Morgan Stanley', 'China', 'Chinese partner', 'Chinese mainland joint ventures', 'set', 'financial services giant Morgan Stanley', 'control']",2021-04-30,,caixinglobal.com
Morgan Stanley,4,Google API,https://www.reuters.com/technology/exclusive-salesforce-rival-freshworks-hires-banks-ipo-sources-2021-04-27/,EXCLUSIVE Salesforce rival Freshworks hires banks for IPO ...,"Freshworks and Morgan Stanley declined to comment. Freshworks' IPO preparations come amid a rapid expansion of the business software sector, as the COVID- ...","Freshworks and Morgan Stanley declined to comment. Freshworks' IPO preparations come amid a rapid expansion of the business software sector, as the COVID- ...",neutral,0.01,0.97,0.02,neutral,0.07,0.83,0.1,True,English,"['Salesforce', 'Freshworks', 'Freshworks', 'Morgan Stanley', 'Freshworks', 'COVID']","['EXCLUSIVE Salesforce rival Freshworks hires banks', 'IPO', 'Freshworks', 'rapid expansion', 'business software sector', 'IPO preparations', 'COVID', 'Morgan Stanley']",2021-04-28,,reuters.com
Morgan Stanley,4,Google API,https://www.timesofisrael.com/thomas-nides-morgan-stanley-executive-reportedly-to-become-us-envoy-to-israel/,Thomas Nides emerges as frontrunner to become US envoy to ...,"He is the managing director and vice chairman of Morgan Stanley and has served in multiple financial institutions, including Credit Suisse and Burson-Marsteller ...","He is the managing director and vice chairman of Morgan Stanley and has served in multiple financial institutions, including Credit Suisse and Burson-Marsteller ...",neutral,0.08,0.9,0.02,neutral,0.02,0.96,0.02,True,English,"['Morgan Stanley', 'Credit Suisse', 'Burson-Marsteller']","['frontrunner', 'Thomas Nides', 'US envoy', 'Credit Suisse', 'vice chairman of Morgan Stanley', 'multiple financial institutions', 'managing director', 'Burson-Marsteller']",2021-04-28,,timesofisrael.com
Morgan Stanley,4,PyNews API,https://www.reuters.com/article/scotland-independence-morganstanley-idUSL8N2ML2T6,Morgan Stanley sees 15% chance of Scottish independence from UK - Reuters,"There is a 15% chance of Scottish independence from the United Kingdom and a 30% risk of second independence referendum, investment bank Morgan Stanley said on Wednesday, ahead of national elections early next month.","By Reuters Staff LONDON, April 28 (Reuters) - There is a 15% chance of Scottish independence from the United Kingdom and a 30% risk of second independence referendum, investment bank Morgan Stanley … [+835 chars]",neutral,0.09,0.9,0.01,neutral,0.0,0.53,0.47,True,English,"['Morgan Stanley', 'Reuters', 'Reuters', 'Reuters', 'Morgan Stanley']","['chance of Scottish independence', 'UK - Reuters', 'Morgan Stanley', 'independence referendum', 'chance of Scottish independence', 'Reuters Staff', 'investment bank Morgan Stanley', 'risk', 'United Kingdom', 'chars', 'LONDON']",2021-04-28,,reuters.com
Morgan Stanley,4,PyNews API,https://www.reuters.com/world/uk/morgan-stanley-sees-15-chance-scottish-independence-uk-2021-04-28/,Morgan Stanley sees 15% chance of Scottish independence from UK - Reuters,"There is a 15% chance of Scottish independence from the United Kingdom and a 30% risk of second independence referendum, investment bank Morgan Stanley said on Wednesday, ahead of national elections early next month.","A sign is displayed on the Morgan Stanley building in New York U.S., July 16, 2018. REUTERS/Lucas JacksonThere is a 15% chance of Scottish independence from the United Kingdom and a 30% risk of secon… [+889 chars]",neutral,0.09,0.9,0.01,negative,0.01,0.09,0.9,True,English,"['Morgan Stanley', 'Reuters', 'Morgan Stanley', 'REUTERS']","['chance of Scottish independence', 'UK - Reuters', 'Morgan Stanley', 'Morgan Stanley building', 'United Kingdom', 'chance of Scottish independence', 'New York', 'Lucas JacksonThere', 'risk of secon', 'REUTERS', 'sign', 'chars']",2021-04-28,,reuters.com
Morgan Stanley,4,PyNews API,https://www.reuters.com/article/uk-scotland-independence-morganstanley-idUSKBN2CF0TK,UPDATE 1-Morgan Stanley sees 15% chance of Scottish independence from UK - Reuters,"Morgan Stanley analysts said on Wednesday there was a 15% chance that Scotland will leave the United Kingdom, as Britain holds regional and local elections next week with Scotland's dominant Scottish National Party hoping for a mandate for independence.","By Reuters Staff FILE PHOTO: A sign is displayed on the Morgan Stanley building in New York U.S., July 16, 2018. REUTERS/Lucas Jackson LONDON (Reuters) -Morgan Stanley analysts said on Wednesday th… [+1773 chars]",neutral,0.02,0.98,0.0,neutral,0.0,1.0,0.0,True,English,"['Reuters', 'Reuters', 'Stanley', 'REUTERS', 'Reuters']","['chance of Scottish independence', 'Morgan Stanley', 'UK - Reuters', 'UPDATE', 'Reuters Staff', 'Morgan Stanley building', 'Morgan Stanley analysts', 'sign', 'th', 'New York', 'LONDON', 'FILE PHOTO', 'Lucas Jackson', 'chars']",2021-04-28,,reuters.com
Morgan Stanley,4,PyNews API,https://www.businessinsider.com/taxes-biden-infrastructure-capital-gains-corporate-morgan-stanley-2021-4,Biden won't get all his tax increases through Congress. Here's what Morgan Stanley thinks is possible.,"Summary List PlacementPresident Joe Biden wants to increase taxes on some of the country's highest earners to pay for affordable childcare, paid family leave, and free community college. But how much will taxes actually go up? Morgan Stanley thinks Biden wi…","President Joe Biden wants to increase taxes on some of the country's highest earners to pay for affordable childcare, paid family leave, and free community college. But how much will taxes actuall… [+1960 chars]",neutral,0.21,0.64,0.15,neutral,0.13,0.83,0.04,True,English,"['Congress', 'Morgan Stanley']","['tax increases', 'Morgan Stanley thinks', 'Congress', 'Biden', 'taxes', 'paid family leave', 'affordable childcare', 'free community college', ""country's highest earners"", 'President Joe Biden', 'actuall', 'chars']",2021-04-29,,businessinsider.com
Morgan Stanley,4,Twitter,Twitter,Molson Coors Brewing Co. (TAP) surprised the market with Q3 result. Morgan Stanley changed the rating to Outperform…,nan,Molson Coors Brewing Co. (TAP) surprised the market with Q3 result. Morgan Stanley changed the rating to Outperform…,neutral,0.2,0.73,0.07,neutral,0.2,0.73,0.07,True,English,"['Molson Coors Brewing Co.', 'TAP', 'Morgan Stanley', 'Molson Coors Brewing Co.', 'TAP', 'Morgan Stanley']","['TAP', 'market', 'Molson Coors Brewing', 'Q3 result', 'Morgan Stanley', 'rating', 'TAP', 'market', 'Molson Coors Brewing', 'Q3 result', 'Morgan Stanley', 'rating']",2021-05-03,,Unknown
Morgan Stanley,4,Twitter,Twitter,Climate change is often cited as a leading ESG priority for investors. In Morgan Stanley's recent 2020 Sustainable…,nan,Climate change is often cited as a leading ESG priority for investors. In Morgan Stanley's recent 2020 Sustainable…,negative,0.02,0.33,0.65,negative,0.02,0.33,0.65,True,English,"['Morgan Stanley', 'Morgan Stanley']","['leading ESG priority', ""Morgan Stanley's recent"", 'investors', 'Climate change', 'leading ESG priority', ""Morgan Stanley's recent"", 'investors', 'Climate change']",2021-05-03,,Unknown
Morgan Stanley,4,Twitter,Twitter,"The Walt Disney Company (DIS) surprised the market with Q3 result. Morgan Stanley changed the rating to Sell, as Th…",nan,"The Walt Disney Company (DIS) surprised the market with Q3 result. Morgan Stanley changed the rating to Sell, as Th…",neutral,0.14,0.71,0.15,neutral,0.14,0.71,0.15,True,English,"['Walt Disney Company', 'DIS', 'Morgan Stanley', 'Walt Disney Company', 'DIS', 'Morgan Stanley']","['rating', 'market', 'Walt Disney Company', 'Morgan Stanley', 'Q3 result', 'Th', 'rating', 'market', 'Walt Disney Company', 'Morgan Stanley', 'Q3 result', 'Th']",2021-05-03,,Unknown
Morgan Stanley,4,Twitter,Twitter,"After Morgan Stanley, JPMorgan prepares to offer rich clients access to bitcoin fund",nan,"After Morgan Stanley, JPMorgan prepares to offer rich clients access to bitcoin fund",neutral,0.12,0.88,0.0,neutral,0.12,0.88,0.0,True,English,"['Morgan Stanley', 'JPMorgan', 'Morgan Stanley', 'JPMorgan']","['rich clients access', 'JPMorgan', 'bitcoin fund', 'Morgan Stanley', 'rich clients access', 'JPMorgan', 'bitcoin fund', 'Morgan Stanley']",2021-05-03,,Unknown
Morgan Stanley,4,Twitter,Twitter,"General Motors Co. (GM) surprised the market with Q2 result. Morgan Stanley changed the rating to Underperform, as…",nan,"General Motors Co. (GM) surprised the market with Q2 result. Morgan Stanley changed the rating to Underperform, as…",negative,0.0,0.01,0.99,negative,0.0,0.01,0.99,True,English,"['General Motors Co.', 'GM', 'Morgan Stanley', 'General Motors Co.', 'GM', 'Morgan Stanley']","['GM', 'market', 'Q2 result', 'rating', 'Morgan Stanley', 'General Motors', 'GM', 'market', 'Q2 result', 'rating', 'Morgan Stanley', 'General Motors']",2021-05-03,,Unknown
Morgan Stanley,4,Twitter,Twitter,"We don't talk about Stanley Morgan enough. ""Steamah""",nan,"We don't talk about Stanley Morgan enough. ""Steamah""",neutral,0.02,0.96,0.02,neutral,0.02,0.96,0.02,True,English,[],"['Stanley Morgan', 'Steamah', 'Stanley Morgan', 'Steamah']",2021-05-03,,Unknown
Morgan Stanley,4,Twitter,Twitter,"Paper Co. (IP) surprised the market with Q4 result. Morgan Stanley changed the rating to Underperform, as Paper Co.…",nan,"Paper Co. (IP) surprised the market with Q4 result. Morgan Stanley changed the rating to Underperform, as Paper Co.…",negative,0.0,0.02,0.98,negative,0.0,0.02,0.98,True,English,"['Paper Co.', 'IP', 'Morgan Stanley', 'Paper Co.', 'Paper Co.', 'IP', 'Morgan Stanley', 'Paper Co.']","['Paper', 'market', 'rating', 'IP', 'Q4 result', 'Morgan Stanley', 'Paper', 'market', 'rating', 'IP', 'Q4 result', 'Morgan Stanley']",2021-05-03,,Unknown
Morgan Stanley,4,Twitter,Twitter,"Axon Enterprise, Inc. (AAXN) surprised the market with Q4 result. Morgan Stanley changed the rating to Outperform,…",nan,"Axon Enterprise, Inc. (AAXN) surprised the market with Q4 result. Morgan Stanley changed the rating to Outperform,…",neutral,0.17,0.75,0.08,neutral,0.17,0.75,0.08,True,English,"['Axon Enterprise, Inc.', 'AAXN', 'Morgan Stanley', 'Axon Enterprise, Inc.', 'AAXN', 'Morgan Stanley']","['AAXN', 'market', 'Q4 result', 'rating', 'Morgan Stanley', 'Axon Enterprise', 'AAXN', 'market', 'Q4 result', 'rating', 'Morgan Stanley', 'Axon Enterprise']",2021-05-03,,Unknown
Morgan Stanley,4,Twitter,Twitter,Morgan Stanley is set to report first-quarter earnings – here’s what the Street expects …,nan,Morgan Stanley is set to report first-quarter earnings – here’s what the Street expects …,neutral,0.01,0.97,0.02,neutral,0.01,0.97,0.02,True,English,"['Morgan Stanley', 'Morgan Stanley']","['quarter earnings', 'Street', 'Morgan Stanley', 'quarter earnings', 'Street', 'Morgan Stanley']",2021-05-03,,Unknown
Morgan Stanley,4,Twitter,Twitter,"Morgan Stanley (MS) surprised the market with Q1 result. Goldman Sachs changed the rating to Outperform, as Morgan…",nan,"Morgan Stanley (MS) surprised the market with Q1 result. Goldman Sachs changed the rating to Outperform, as Morgan…",neutral,0.15,0.78,0.07,neutral,0.15,0.78,0.07,True,English,"['Morgan Stanley', 'MS', 'Goldman Sachs', 'Morgan', 'Morgan Stanley', 'MS', 'Goldman Sachs', 'Morgan']","['Morgan Stanley', 'market', 'MS', 'rating', 'Q1 result', 'Goldman Sachs', 'Morgan Stanley', 'market', 'MS', 'rating', 'Q1 result', 'Goldman Sachs']",2021-05-03,,Unknown
Morgan Stanley,4,Twitter,Twitter,zerohedge Perhaps one of the poorest researched &amp; reasoned articles I've read. The fact that this is Morgan Stanle…,nan,zerohedge Perhaps one of the poorest researched &amp; reasoned articles I've read. The fact that this is Morgan Stanle…,negative,0.0,0.01,0.99,negative,0.0,0.01,0.99,True,English,[],"['amp', 'reasoned articles', 'fact', 'Morgan Stanle', 'zerohedge', 'amp', 'reasoned articles', 'fact', 'Morgan Stanle', 'zerohedge']",2021-05-03,,Unknown
Deutsche Bank,5,Google API,https://www.coastreporter.net/the-mix/restructuring-deutsche-bank-shows-best-quarter-in-7-years-3672927,Restructuring Deutsche Bank shows best quarter in 7 years,FRANKFURT — Deutsche Bank saw its strongest quarterly profits in seven years as the bank's long-running restructuring achieved lower costs and as the bank ...,FRANKFURT — Deutsche Bank saw its strongest quarterly profits in seven years as the bank's long-running restructuring achieved lower costs and as the bank ...,positive,0.99,0.01,0.0,neutral,0.2,0.72,0.08,True,English,"['Deutsche Bank', 'Deutsche Bank']","['best quarter', 'Deutsche Bank', 'years', 'Deutsche Bank', 'strongest quarterly profits', ""bank's long"", 'years', 'lower costs', 'restructuring', 'FRANKFURT']",2021-04-29,,coastreporter.net
Deutsche Bank,5,Google API,https://www.ft.com/content/fa760b98-6514-425d-a208-b397a348b30c,Deutsche Bank posts highest quarterly profit since 2014,"Deutsche Bank has recorded its highest quarterly profit since 2014, thanks to a boom in bond trading, strong results in asset management and a clean exit from ...","Deutsche Bank has recorded its highest quarterly profit since 2014, thanks to a boom in bond trading, strong results in asset management and a clean exit from ...",neutral,0.01,0.98,0.01,neutral,0.28,0.72,0.0,True,English,"['Deutsche Bank', 'Deutsche Bank']","['Deutsche Bank posts highest quarterly profit', 'asset management', 'strong results', 'bond trading', 'thanks', 'boom', 'highest quarterly profit', 'Deutsche Bank', 'clean exit']",2021-04-29,,ft.com
Deutsche Bank,5,Google API,https://www.businessinsider.com/deutsche-bank-staff-flexible-work-from-home-three-days-week-2021-4,Deutsche Bank says it will let staff work from home 3 days a week when offices open,"Deutsche Bank plans to adopt a hybrid working model as its employees return to work. Staff would be able to work up to three days a week from home, Deutsche ...","Deutsche Bank plans to adopt a hybrid working model as its employees return to work. Staff would be able to work up to three days a week from home, Deutsche ...",neutral,0.01,0.98,0.01,neutral,0.03,0.95,0.02,True,English,"['Deutsche Bank', 'Deutsche Bank']","['days', 'staff', 'week', 'home', 'offices open', 'Deutsche Bank', 'work', 'Deutsche Bank plans', 'hybrid', 'days', 'model', 'employees', 'week', 'home', 'Staff']",2021-04-29,,businessinsider.com
Deutsche Bank,5,Google API,https://finance.yahoo.com/news/deutsche-bank-lloyds-earnings-prop-070337952.html,"REFILE-Deutsche Bank, Lloyds earnings prop up European shares","The pan-European STOXX 600 index rose 0.1% in early trading, with the region's banking sector up 1.1%. Deutsche Bank jumped 5.2% to the top of Germany's ...","The pan-European STOXX 600 index rose 0.1% in early trading, with the region's banking sector up 1.1%. Deutsche Bank jumped 5.2% to the top of Germany's ...",neutral,0.0,1.0,0.0,neutral,0.01,0.97,0.02,True,English,"['Deutsche Bank', 'Lloyds', 'Deutsche Bank']","['Lloyds earnings', 'Deutsche Bank', 'European shares', 'index', 'early trading', ""region's banking sector"", 'pan-European STOXX', 'Deutsche Bank', ""Germany's""]",2021-04-29,,finance.yahoo.com
Deutsche Bank,5,Google API,https://www.cnbc.com/2021/04/28/european-markets-focus-on-fed-meeting-earnings-reports.html,"European stocks close mixed with Fed, earnings in focus; Deutsche Bank up 11%","Earnings on Wednesday came from Deutsche Bank, Lloyds Banking Group and a slew of other firms. Deutsche Bank reported a 908 million euro ($1.1 billion) ...","Earnings on Wednesday came from Deutsche Bank, Lloyds Banking Group and a slew of other firms. Deutsche Bank reported a 908 million euro ($1.1 billion) ...",neutral,0.01,0.94,0.05,neutral,0.01,0.96,0.03,True,English,"['Fed', 'Deutsche Bank', 'Deutsche Bank', 'Lloyds Banking Group', 'Deutsche Bank']","['earnings', 'Fed', 'focus', 'European stocks close mixed', 'Deutsche Bank', 'Deutsche Bank', 'Lloyds Banking Group', 'slew', 'firms', 'Earnings', 'euro']",2021-04-28,,cnbc.com
Deutsche Bank,5,Google API,https://www.globalbankingandfinance.com/european-stocks-slip-as-fed-caution-offsets-upbeat-bank-earnings/,Next European stocks slip as Fed caution offsets upbeat bank ...,"Deutsche Bank jumped 6.5% to the top of STOXX 600, as strength at its investment bank helped the German bank post a better-than-expected first-quarter net ...","Deutsche Bank jumped 6.5% to the top of STOXX 600, as strength at its investment bank helped the German bank post a better-than-expected first-quarter net ...",neutral,0.18,0.77,0.05,positive,0.84,0.16,0.0,True,English,"['Fed', 'Deutsche Bank']","['Fed caution offsets upbeat bank', 'European stocks', 'German bank', 'investment bank', 'Deutsche Bank', 'strength', 'quarter net', 'STOXX']",2021-04-29,,globalbankingandfinance.com
Deutsche Bank,5,Google API,https://www.ft.com/content/a95f0828-28da-4e9e-a98b-2467f76dcadf,BaFin finds fault again with Deutsche Bank’s control mechanisms,"Germany's financial watchdog has ordered Deutsche Bank to fix its anti-money laundering controls in a move that shows Christian Sewing, chief executive, has ...","Germany's financial watchdog has ordered Deutsche Bank to fix its anti-money laundering controls in a move that shows Christian Sewing, chief executive, has ...",negative,0.0,0.0,1.0,neutral,0.19,0.67,0.14,True,English,"['BaFin', 'Deutsche Bank', 'Deutsche Bank']","['fault', 'Deutsche Bank’s control mechanisms', 'BaFin', 'Deutsche Bank', 'anti-money laundering controls', ""Germany's financial watchdog"", 'Christian Sewing', 'chief executive']",2021-05-01,,ft.com
Deutsche Bank,5,Google API,https://www.fnlondon.com/articles/why-deutsche-banks-cio-thinks-bitcoin-is-here-to-stay-20210426,Why Deutsche Bank's CIO says bitcoin is 'here to stay',"Deutsche Bank's global chief investment officer, Christian Nolting has said that arguments for cryptocurrencies as an important means of portfolio diversification ...","Deutsche Bank's global chief investment officer, Christian Nolting has said that arguments for cryptocurrencies as an important means of portfolio diversification ...",neutral,0.03,0.9,0.07,neutral,0.01,0.94,0.05,True,English,"['Deutsche Bank', 'Deutsche Bank']","[""Deutsche Bank's CIO"", 'bitcoin', 'Christian Nolting', ""Deutsche Bank's global chief investment officer"", 'cryptocurrencies', 'arguments', 'important means of portfolio diversification']",2021-04-27,,fnlondon.com
Deutsche Bank,5,Google API,https://www.scmp.com/business/markets/article/3131942/chinas-digital-currency-injects-life-it-bank-stocks-deutsche-bank,China’s digital yuan rekindles stocks in move to displace cryptocurrencies,"... Electronic Payment; CBDCs and the revolution in money transfer systems may come at the expense of some private-sector cryptocurrencies, Deutsche Bank ...","... Electronic Payment; CBDCs and the revolution in money transfer systems may come at the expense of some private-sector cryptocurrencies, Deutsche Bank ...",neutral,0.0,0.99,0.01,neutral,0.0,0.99,0.01,True,English,['Deutsche Bank'],"['stocks', 'China’s digital yuan', 'cryptocurrencies', 'revolution', 'CBDCs', 'private-sector cryptocurrencies', 'expense', 'money transfer systems', 'Deutsche Bank', 'Electronic Payment']",2021-05-03,,scmp.com
Deutsche Bank,5,Google API,https://www.investing.com/news/stock-market-news/european-stocks-higher-deutsche-bank-leads-banking-sector-higher-2487640,European Stocks Higher; Deutsche Bank Leads Banking ...,"Deutsche Bank (DE:DBKGn) stock soared over 6% after the German banking institution posted its best quarterly profit since the first quarter of 2014, as strength ...","Deutsche Bank (DE:DBKGn) stock soared over 6% after the German banking institution posted its best quarterly profit since the first quarter of 2014, as strength ...",neutral,0.01,0.98,0.01,positive,0.55,0.45,0.0,True,English,"['European', 'Deutsche Bank', 'Deutsche Bank']","['Deutsche Bank Leads Banking', 'European Stocks Higher', 'best quarterly profit', 'German banking institution', 'DBKGn', 'Deutsche Bank', 'stock', 'strength']",2021-04-29,,investing.com
Deutsche Bank,5,PyNews API,https://www.reuters.com/article/us-europe-stocks-idUSKBN2CF0SV,"REFILE-Deutsche Bank, Lloyds earnings prop up European shares - Reuters","European stocks inched higher on Wednesday on expectations of a bumper earnings season following strong results from Deutsche Bank, Lloyds Banking Group and other lenders.","By Reuters Staff The German share price index DAX graph is pictured at the stock exchange in Frankfurt, Germany, April 27, 2021. REUTERS/Staff (Corrects day of the week to Wednesday in first paragr… [+951 chars]",neutral,0.0,1.0,0.0,neutral,0.01,0.97,0.02,True,English,"['Deutsche Bank', 'Lloyds', 'Reuters', 'Reuters', 'REUTERS']","['Lloyds earnings', 'European shares - Reuters', 'Deutsche Bank', 'Reuters Staff', 'German share price index DAX graph', 'stock exchange', 'Frankfurt', 'Germany', 'week', 'paragr', 'day', 'chars']",2021-04-28,,reuters.com
Deutsche Bank,5,PyNews API,https://www.reuters.com/video/watch/idOVEAFYY6J,Deutsche Bank profit surge tops Wall St rivals - Reuters,"Deutsche Bank just enjoyed its best quarter since 2014, with profits driven higher by investment banking business that outperformed U.S. rivals. Julian Satterthwaite reports.","Posted Deutsche Bank just enjoyed its best quarter since 2014, with profits driven higher by investment banking business that outperformed U.S. rivals. Julian Satterthwaite reports.",neutral,0.01,0.98,0.01,positive,0.96,0.03,0.01,True,English,"['Deutsche Bank', 'Wall St', 'Reuters', 'Deutsche Bank']","['Deutsche Bank profit surge tops Wall St rivals - Reuters', 'profits', 'investment banking business', 'best quarter', 'rivals', 'Deutsche Bank', 'Julian Satterthwaite reports']",2021-04-28,,reuters.com
Deutsche Bank,5,PyNews API,https://www.reuters.com/article/europe-stocks-idUSL4N2ML2D4,European stocks slip as Fed caution offsets upbeat bank earnings - Reuters,"* Deutsche Bank records best qtr since 2014 (Adds comment, updates details)","(For a Reuters live blog on U.S., UK and European stock markets, click LIVE/ or type LIVE/ in a news window) * STOXX 600 slips after opening gains * Travel stocks ease from record highs * Deutsche… [+2244 chars]",neutral,0.04,0.94,0.02,neutral,0.04,0.96,0.0,True,English,"['Fed', 'Reuters', 'Reuters']","['Fed caution offsets upbeat bank earnings - Reuters', 'European stocks', 'Reuters live blog', 'UK', 'European stock markets', 'record highs', 'Travel stocks ease', 'STOXX', 'slips', 'gains', 'news window', 'chars']",2021-04-28,,reuters.com
Deutsche Bank,5,PyNews API,https://www.reuters.com/business/finance/deutsche-bank-swings-q1-profit-investment-bank-strength-2021-04-28/,Deutsche Bank swings to Q1 profit on investment bank strength - Reuters,Deutsche Bank (DBKGn.DE) swung to better-than-expected net profit in the first quarter of 2021 as strength at the investment bank helped offset the headwinds of an ongoing restructuring program and the coronavirus pandemic.,"The logo of Deutsche bank is seen in Hong Kong, China July 8, 2019. REUTERS/Tyrone SiuDeutsche Bank (DBKGn.DE) swung to better-than-expected net profit in the first quarter of 2021 as strength at the… [+945 chars]",neutral,0.14,0.83,0.03,neutral,0.18,0.82,0.0,True,English,"['Deutsche Bank', 'Reuters', 'Deutsche bank', 'Bank', 'DBKGn', 'DE']","['Deutsche Bank swings', 'investment bank strength - Reuters', 'Q1 profit', 'Tyrone SiuDeutsche Bank', 'logo of Deutsche bank', 'Hong Kong', 'quarter', 'net profit', 'REUTERS', 'China', 'strength', 'chars']",2021-04-28,,reuters.com
Deutsche Bank,5,PyNews API,https://www.reuters.com/breakingviews/deutsche-salvation-lies-traders-slippery-hands-2021-04-28/,Deutsche salvation lies in traders' slippery hands - Reuters,"In 2019, Christian Sewing unveiled plans to reduce Deutsche Bank’s (DBKGn.DE) reliance on investment banking. Less than two years later, the 23 billion euro lender’s chief executive is pinning his hopes on fixed-income traders to hit an all-important 8% retur…","Christian Sewing, CEO of Deutsche Bank AG in Frankfurt, Germany January 30, 2020. REUTERS/Ralph Orlowski/File PhotoIn 2019, Christian Sewing unveiled plans to reduce Deutsche Banks (DBKGn.DE) relianc… [+3413 chars]",negative,0.0,0.02,0.98,neutral,0.0,1.0,0.0,True,English,"['Reuters', 'Deutsche Bank AG', 'REUTERS', 'Deutsche Banks', 'DBKGn', 'DE']","[""traders' slippery hands - Reuters"", 'Deutsche salvation', 'Christian Sewing', 'Deutsche Banks', 'CEO of Deutsche Bank AG', 'File PhotoIn', 'Frankfurt', 'plans', 'Ralph Orlowski', 'REUTERS', 'Germany', 'relianc']",2021-04-28,,reuters.com
Deutsche Bank,5,PyNews API,https://www.reuters.com/article/us-deutsche-bank-bafin-idUSKBN2CH2CW,German regulator orders Deutsche Bank to do more to prevent money laundering - Reuters,"The German financial regulator BaFin has ordered Deutsche Bank to enact further safeguards to prevent money laundering, BaFin said on Friday, a blow to the nation's largest lender as it tries to repair its reputation.","By Reuters Staff FILE PHOTO: The headquarters of Germany's Deutsche Bank are pictured in Frankfurt, Germany, September 21, 2020. REUTERS/Ralph Orlowski FRANKFURT (Reuters) -The German financial reg… [+1329 chars]",neutral,0.02,0.92,0.06,neutral,0.0,1.0,0.0,True,English,"['Deutsche Bank', 'Reuters', 'Reuters', 'Deutsche Bank', 'REUTERS', 'Reuters']","['German regulator orders Deutsche Bank', 'money laundering - Reuters', 'Frankfurt', 'Reuters Staff', ""headquarters of Germany's Deutsche Bank"", 'German financial reg', 'FILE PHOTO', 'chars', 'Ralph Orlowski']",2021-04-30,,reuters.com
Deutsche Bank,5,PyNews API,https://www.businessinsider.com/deutsche-bank-q1-results-most-profit-since-2014-investment-bank-2021-4,Booming investment bank carries Deutsche Bank to its most profitable quarter since 2014 in the first quarter,"Summary List PlacementDeutsche Bank had its most profitable quarter since 2014 in the first quarter of 2021, the bank's earnings release on Wednesday showed. In large part, this was due to the firm's investment banking arm, which reported a 32% rise in net re…","Deutsche Bank had its most profitable quarter since 2014 in the first quarter of 2021, the bank's earnings release on Wednesday showed. In large part, this was due to the firm's investment banking ar… [+2191 chars]",neutral,0.09,0.91,0.0,neutral,0.13,0.72,0.15,True,English,"['Deutsche Bank', 'Deutsche Bank']","['Deutsche Bank', 'Booming investment bank', 'profitable quarter', 'profitable quarter', ""firm's investment banking ar"", 'Deutsche Bank', ""bank's earnings release"", 'chars']",2021-04-28,,businessinsider.com
Deutsche Bank,5,PyNews API,https://www.marketwatch.com/story/european-stocks-struggle-higher-on-fed-day-but-deutsche-bank-leads-banks-higher-on-blowout-results-11619600093,"Europe Markets: Fed day keeps investors on the sidelines, but Deutsche Bank climbs after blowout results","European stocks were off to a sluggish start, though several stocks were climbing after upbeat results, including Deutsche Bank and WPP. A Fed decision due later was keeping a few investors on the sidelines.",European stocks traded mixed and U.S. equity futures slipped ahead of a Federal Reserve policy decision and as bond yields crept higher. Deutsche Bank shares surged after the bank reported its best q… [+3877 chars],neutral,0.03,0.79,0.18,positive,0.96,0.04,0.0,True,English,"['Fed', 'Deutsche Bank', 'Federal Reserve', 'Deutsche Bank']","['investors', 'sidelines', 'Deutsche Bank climbs', 'Fed day', 'Europe Markets', 'blowout results', 'Deutsche Bank shares', 'Federal Reserve policy decision', 'bond yields', 'equity futures', 'European stocks', 'best q', 'chars']",2021-04-28,,marketwatch.com
Deutsche Bank,5,Twitter,Twitter,Was Deutsche Bank Seeking a Merger with Wirecard to Bury Its Debt/Dead?,nan,Was Deutsche Bank Seeking a Merger with Wirecard to Bury Its Debt/Dead?,negative,0.0,0.0,1.0,negative,0.0,0.0,1.0,True,English,"['Deutsche Bank', 'Wirecard', 'Deutsche Bank', 'Wirecard']","['Wirecard', 'Merger', 'Debt', 'Deutsche Bank', 'Dead', 'Wirecard', 'Merger', 'Debt', 'Deutsche Bank', 'Dead']",2021-05-03,,Unknown
Deutsche Bank,5,Twitter,Twitter,"ScottMStedman Access to docs and his father’s activities at the bank, Deutsche funded trump when no one would touc…",nan,"ScottMStedman Access to docs and his father’s activities at the bank, Deutsche funded trump when no one would touc…",neutral,0.04,0.82,0.14,neutral,0.04,0.82,0.14,True,English,[],"['father’s activities', 'Deutsche funded trump', 'bank', 'docs', 'ScottMStedman Access', 'touc', 'father’s activities', 'Deutsche funded trump', 'bank', 'docs', 'ScottMStedman Access', 'touc']",2021-05-03,,Unknown
Deutsche Bank,5,Twitter,Twitter,"Apple Inc. (AAPL) surprised the market with Q4 result. Deutsche bank changed the rating to Hold, as Apple Inc. (AAP…",nan,"Apple Inc. (AAPL) surprised the market with Q4 result. Deutsche bank changed the rating to Hold, as Apple Inc. (AAP…",neutral,0.02,0.95,0.03,neutral,0.02,0.95,0.03,True,English,"['Apple Inc.', 'AAPL', 'Deutsche bank', 'Apple Inc.', 'AAP', 'Apple Inc.', 'AAPL', 'Deutsche bank', 'Apple Inc.', 'AAP']","['Apple', 'market', 'rating', 'AAPL', 'Q4 result', 'Deutsche bank', 'Apple', 'market', 'rating', 'AAPL', 'Q4 result', 'Deutsche bank']",2021-05-03,,Unknown
Deutsche Bank,5,Twitter,Twitter,"Paper Co. (IP) surprised the market with Q3 result. Deutsche bank changed the rating to Hold, as Paper Co. (IP) has…",nan,"Paper Co. (IP) surprised the market with Q3 result. Deutsche bank changed the rating to Hold, as Paper Co. (IP) has…",neutral,0.02,0.92,0.06,neutral,0.02,0.92,0.06,True,English,"['Paper Co.', 'IP', 'Deutsche bank', 'Paper Co.', 'IP', 'Paper Co.', 'IP', 'Deutsche bank', 'Paper Co.', 'IP']","['IP', 'Paper', 'rating', 'market', 'Q3 result', 'Deutsche bank', 'IP', 'Paper', 'rating', 'market', 'Q3 result', 'Deutsche bank']",2021-05-03,,Unknown
Deutsche Bank,5,Twitter,Twitter,"The banks and acquirers behind the initiative include Deutsche Bank, BNP Paribas, ING, UniCredit and Santander and…",nan,"The banks and acquirers behind the initiative include Deutsche Bank, BNP Paribas, ING, UniCredit and Santander and…",neutral,0.01,0.97,0.02,neutral,0.01,0.97,0.02,True,English,"['Deutsche Bank', 'BNP Paribas', 'ING', 'UniCredit', 'Santander', 'Deutsche Bank', 'BNP Paribas', 'ING', 'UniCredit', 'Santander']","['BNP Paribas', 'initiative', 'ING', 'Deutsche Bank', 'acquirers', 'UniCredit', 'Santander', 'banks', 'BNP Paribas', 'initiative', 'ING', 'Deutsche Bank', 'acquirers', 'UniCredit', 'Santander', 'banks']",2021-05-03,,Unknown
Deutsche Bank,5,Twitter,Twitter,"Microsoft Corp. (MSFT) surprised the market with Q2 result. Deutsche bank changed the rating to Underperform, as Mi…",nan,"Microsoft Corp. (MSFT) surprised the market with Q2 result. Deutsche bank changed the rating to Underperform, as Mi…",negative,0.0,0.01,0.99,negative,0.0,0.01,0.99,True,English,"['Microsoft Corp.', 'MSFT', 'Deutsche bank', 'Microsoft Corp.', 'MSFT', 'Deutsche bank']","['rating', 'MSFT', 'market', 'Q2 result', 'Deutsche bank', 'Microsoft', 'rating', 'MSFT', 'market', 'Q2 result', 'Deutsche bank', 'Microsoft']",2021-05-03,,Unknown
Deutsche Bank,5,Twitter,Twitter,"this former deutsche bank executive deleted her thread about how people making $500k per year don't feel ""rich"". i'…",nan,"this former deutsche bank executive deleted her thread about how people making $500k per year don't feel ""rich"". i'…",negative,0.0,0.0,1.0,negative,0.0,0.0,1.0,True,English,[],"['thread', 'deutsche bank executive', 'people', 'year', 'thread', 'deutsche bank executive', 'people', 'year']",2021-05-03,,Unknown
Deutsche Bank,5,Twitter,Twitter,I’m trying to get my social workers - who actually contribute something to the world but don’t make Deutsche Bank m…,nan,I’m trying to get my social workers - who actually contribute something to the world but don’t make Deutsche Bank m…,neutral,0.04,0.69,0.27,neutral,0.04,0.69,0.27,True,English,"['Deutsche Bank', 'Deutsche Bank']","['world', 'Deutsche Bank', 'social workers', 'world', 'Deutsche Bank', 'social workers']",2021-05-03,,Unknown
Deutsche Bank,5,Twitter,Twitter,$DB NEW ARTICLE : Germany's BaFin Orders Deutsche Bank To Increase AML Safeguards Get all t…,nan,$DB NEW ARTICLE : Germany's BaFin Orders Deutsche Bank To Increase AML Safeguards Get all t…,neutral,0.02,0.98,0.0,neutral,0.02,0.98,0.0,True,English,"['BaFin', 'Deutsche Bank', 'BaFin', 'Deutsche Bank']","[""Germany's BaFin Orders Deutsche Bank"", 'DB NEW ARTICLE', 'AML Safeguards', ""Germany's BaFin Orders Deutsche Bank"", 'DB NEW ARTICLE', 'AML Safeguards']",2021-05-03,,Unknown
