﻿Searchword,Searchword_ID,API,URL,Title,Summary,Article,Title_Sentiment,Title_Positive,Title_Neutral,Title_Negative,Article_Sentiment,Article_Positive,Article_Neutral,Article_Negative,Verified,Language,NER,Topics,Date,Source
Morgan Stanley,1,Google API,https://www.financialexpress.com/industry/banking-finance/after-morgan-stanley-jpmorgan-prepares-to-offer-rich-clients-access-to-bitcoin-fund/2240746/,"After Morgan Stanley, JPMorgan prepares to offer rich clients access to bitcoin fund","After Morgan Stanley, JPMorgan prepares to offer rich clients access to bitcoin fund. By: Sandeep Soni |. April 26, 2021 10:57 PM. The move ...","After Morgan Stanley, JPMorgan prepares to offer rich clients access to bitcoin fund. By: Sandeep Soni |. April 26, 2021 10:57 PM. The move ...",neutral,0.12,0.88,0.0,neutral,0.06,0.93,0.01,True,English,"['Morgan Stanley', 'JPMorgan', 'Morgan Stanley', 'JPMorgan']","['rich clients access', 'JPMorgan', 'bitcoin fund', 'Morgan Stanley', 'rich clients access', 'JPMorgan', 'bitcoin fund', 'Morgan Stanley', 'Sandeep Soni']",2021-04-27,financialexpress.com
Morgan Stanley,1,Google API,https://www.barrons.com/articles/bitcoin-is-recovering-why-jp-morgan-could-the-reason-51619453575,Why Bitcoin's Price Is Recovering Today,"Morgan Stanley (MS) started offering privately managed Bitcoin funds to high-net-worth clients in March. One of its funds, FS NYDIG Select Bitcoin Fund LP, has ...","Morgan Stanley (MS) started offering privately managed Bitcoin funds to high-net-worth clients in March. One of its funds, FS NYDIG Select Bitcoin Fund LP, has ...",neutral,0.05,0.81,0.14,neutral,0.01,0.99,0.0,True,English,"['Morgan Stanley', 'MS', 'FS NYDIG Select Bitcoin Fund LP']","[""Bitcoin's Price"", 'managed Bitcoin funds', 'Bitcoin Fund LP', 'high-net', 'FS NYDIG', 'MS', 'worth clients', 'Morgan Stanley']",2021-04-27,barrons.com
Morgan Stanley,1,Google API,https://www.coindesk.com/jpmorgan-to-let-clients-invest-in-bitcoin-fund-for-first-time-sources,JPMorgan to Let Clients Invest in Bitcoin Fund for First Time: Sources - CoinDesk,"Galaxy and NYDIG are now offering bitcoin funds to Morgan Stanley clients. The JPMorgan fund will be for private wealth clients, a source familiar with the ...","Galaxy and NYDIG are now offering bitcoin funds to Morgan Stanley clients. The JPMorgan fund will be for private wealth clients, a source familiar with the ...",neutral,0.04,0.96,0.0,positive,0.91,0.09,0.0,True,English,"['JPMorgan', 'CoinDesk', 'Galaxy', 'NYDIG', 'Morgan Stanley', 'JPMorgan']","['Bitcoin Fund', 'Time', 'Clients', 'Sources - CoinDesk', 'JPMorgan', 'private wealth clients', 'Morgan Stanley clients', 'bitcoin funds', 'source familiar', 'JPMorgan fund', 'NYDIG', 'Galaxy']",2021-04-27,coindesk.com
Morgan Stanley,1,Google API,https://www.barrons.com/articles/splunk-slides-as-morgan-stanley-downgrades-on-business-transition-issues-51619535003,Splunk Slides as Morgan Stanley Downgrades on Business ...,Splunk shares were trading sharply lower onTuesday after Morgan Stanley analyst Keith Weiss cut his rating on the data analytics software company to Equal ...,Splunk shares were trading sharply lower onTuesday after Morgan Stanley analyst Keith Weiss cut his rating on the data analytics software company to Equal ...,negative,0.03,0.41,0.56,neutral,0.01,0.64,0.35,True,English,"['Morgan Stanley', 'Splunk', 'Morgan Stanley', 'Equal']","['Morgan Stanley Downgrades', 'Splunk Slides', 'Business', 'rating', 'lower onTuesday', 'Morgan Stanley analyst Keith Weiss', 'data analytics software company', 'Splunk shares']",2021-04-28,barrons.com
Morgan Stanley,1,Google API,https://www.livewiremarkets.com/wires/where-morgan-stanley-sees-value-today,Where Morgan Stanley sees value today - Glenn Freeman ...,"In his role heading Morgan Stanley's Australian wealth management research, Lim and his team keep a close watch on emerging markets and the broader ...","In his role heading Morgan Stanley's Australian wealth management research, Lim and his team keep a close watch on emerging markets and the broader ...",neutral,0.21,0.77,0.02,positive,0.54,0.45,0.01,True,English,"['Morgan Stanley', 'Morgan Stanley']","['value', 'Morgan Stanley', 'Glenn Freeman', 'Lim', ""Morgan Stanley's Australian wealth management research"", 'team', 'close watch', 'role', 'emerging markets']",2021-04-27,livewiremarkets.com
Morgan Stanley,1,Google API,https://www.investing.com/news/morgan-stanley-stick-to-their-hold-rating-for-klatencor-2485411,Morgan Stanley Stick to Their Hold Rating for Kla-Tencor By ...,"Morgan Stanley (NYSE:MS) analyst Joseph Moore maintained a Hold rating on Kla-Tencor (NASDAQ:KLAC) on Monday, setting a price target of $349, which is ...","Morgan Stanley (NYSE:MS) analyst Joseph Moore maintained a Hold rating on Kla-Tencor (NASDAQ:KLAC) on Monday, setting a price target of $349, which is ...",neutral,0.01,0.98,0.01,neutral,0.01,0.99,0.0,True,English,"['Morgan Stanley', 'Kla-Tencor', 'Morgan Stanley', 'Kla-Tencor', 'KLAC']","['Hold Rating', 'Morgan Stanley Stick', 'Kla-Tencor', 'analyst Joseph Moore', 'Hold rating', 'NYSE', 'MS', 'Kla-Tencor', 'NASDAQ', 'Morgan Stanley', 'KLAC', 'price target']",2021-04-27,investing.com
Morgan Stanley,1,Google API,https://www.caixinglobal.com/2021-04-29/morgan-stanley-set-to-take-greater-control-over-two-china-joint-ventures-101703926.html,Morgan Stanley Set to Take Greater Control Over Two China ...,U.S. financial services giant Morgan Stanley looks set to take almost full control of its two Chinese mainland joint ventures after a Chinese partner announced ...,U.S. financial services giant Morgan Stanley looks set to take almost full control of its two Chinese mainland joint ventures after a Chinese partner announced ...,neutral,0.11,0.88,0.01,neutral,0.01,0.98,0.01,True,English,"['Morgan Stanley', 'Morgan Stanley']","['Greater Control', 'Morgan Stanley', 'China', 'Chinese partner', 'Chinese mainland joint ventures', 'set', 'financial services giant Morgan Stanley', 'control']",2021-04-30,caixinglobal.com
Morgan Stanley,1,Google API,https://www.reuters.com/technology/exclusive-salesforce-rival-freshworks-hires-banks-ipo-sources-2021-04-27/,EXCLUSIVE Salesforce rival Freshworks hires banks for IPO ...,"Freshworks and Morgan Stanley declined to comment. Freshworks' IPO preparations come amid a rapid expansion of the business software sector, as the COVID- ...","Freshworks and Morgan Stanley declined to comment. Freshworks' IPO preparations come amid a rapid expansion of the business software sector, as the COVID- ...",neutral,0.01,0.97,0.02,neutral,0.07,0.83,0.1,True,English,"['Salesforce', 'Freshworks', 'Freshworks', 'Morgan Stanley', 'Freshworks', 'COVID']","['EXCLUSIVE Salesforce rival Freshworks hires banks', 'IPO', 'Freshworks', 'rapid expansion', 'business software sector', 'IPO preparations', 'COVID', 'Morgan Stanley']",2021-04-28,reuters.com
Morgan Stanley,1,Google API,https://www.timesofisrael.com/thomas-nides-morgan-stanley-executive-reportedly-to-become-us-envoy-to-israel/,Thomas Nides emerges as frontrunner to become US envoy to ...,"He is the managing director and vice chairman of Morgan Stanley and has served in multiple financial institutions, including Credit Suisse and Burson-Marsteller ...","He is the managing director and vice chairman of Morgan Stanley and has served in multiple financial institutions, including Credit Suisse and Burson-Marsteller ...",neutral,0.08,0.9,0.02,neutral,0.02,0.96,0.02,True,English,"['Morgan Stanley', 'Credit Suisse', 'Burson-Marsteller']","['frontrunner', 'Thomas Nides', 'US envoy', 'Credit Suisse', 'vice chairman of Morgan Stanley', 'multiple financial institutions', 'managing director', 'Burson-Marsteller']",2021-04-28,timesofisrael.com
Morgan Stanley,1,PyNews API,https://www.reuters.com/article/scotland-independence-morganstanley-idUSL8N2ML2T6,Morgan Stanley sees 15% chance of Scottish independence from UK - Reuters,"There is a 15% chance of Scottish independence from the United Kingdom and a 30% risk of second independence referendum, investment bank Morgan Stanley said on Wednesday, ahead of national elections early next month.","By Reuters Staff LONDON, April 28 (Reuters) - There is a 15% chance of Scottish independence from the United Kingdom and a 30% risk of second independence referendum, investment bank Morgan Stanley … [+835 chars]",neutral,0.09,0.9,0.01,neutral,0.0,0.53,0.47,True,English,"['Morgan Stanley', 'Reuters', 'Reuters', 'Reuters', 'Morgan Stanley']","['chance of Scottish independence', 'UK - Reuters', 'Morgan Stanley', 'independence referendum', 'chance of Scottish independence', 'Reuters Staff', 'investment bank Morgan Stanley', 'risk', 'United Kingdom', 'chars', 'LONDON']",2021-04-28,reuters.com
Morgan Stanley,1,PyNews API,https://www.reuters.com/world/uk/morgan-stanley-sees-15-chance-scottish-independence-uk-2021-04-28/,Morgan Stanley sees 15% chance of Scottish independence from UK - Reuters,"There is a 15% chance of Scottish independence from the United Kingdom and a 30% risk of second independence referendum, investment bank Morgan Stanley said on Wednesday, ahead of national elections early next month.","A sign is displayed on the Morgan Stanley building in New York U.S., July 16, 2018. REUTERS/Lucas JacksonThere is a 15% chance of Scottish independence from the United Kingdom and a 30% risk of secon… [+889 chars]",neutral,0.09,0.9,0.01,negative,0.01,0.09,0.9,True,English,"['Morgan Stanley', 'Reuters', 'Morgan Stanley', 'REUTERS']","['chance of Scottish independence', 'UK - Reuters', 'Morgan Stanley', 'Morgan Stanley building', 'United Kingdom', 'chance of Scottish independence', 'New York', 'Lucas JacksonThere', 'risk of secon', 'REUTERS', 'sign', 'chars']",2021-04-28,reuters.com
Morgan Stanley,1,PyNews API,https://www.reuters.com/article/uk-scotland-independence-morganstanley-idUSKBN2CF0TK,UPDATE 1-Morgan Stanley sees 15% chance of Scottish independence from UK - Reuters,"Morgan Stanley analysts said on Wednesday there was a 15% chance that Scotland will leave the United Kingdom, as Britain holds regional and local elections next week with Scotland's dominant Scottish National Party hoping for a mandate for independence.","By Reuters Staff FILE PHOTO: A sign is displayed on the Morgan Stanley building in New York U.S., July 16, 2018. REUTERS/Lucas Jackson LONDON (Reuters) -Morgan Stanley analysts said on Wednesday th… [+1773 chars]",neutral,0.02,0.98,0.0,neutral,0.0,1.0,0.0,True,English,"['Reuters', 'Reuters', 'Stanley', 'REUTERS', 'Reuters']","['chance of Scottish independence', 'Morgan Stanley', 'UK - Reuters', 'UPDATE', 'Reuters Staff', 'Morgan Stanley building', 'Morgan Stanley analysts', 'sign', 'th', 'New York', 'LONDON', 'FILE PHOTO', 'Lucas Jackson', 'chars']",2021-04-28,reuters.com
Morgan Stanley,1,PyNews API,https://www.businessinsider.com/taxes-biden-infrastructure-capital-gains-corporate-morgan-stanley-2021-4,Biden won't get all his tax increases through Congress. Here's what Morgan Stanley thinks is possible.,"Summary List PlacementPresident Joe Biden wants to increase taxes on some of the country's highest earners to pay for affordable childcare, paid family leave, and free community college. But how much will taxes actually go up? Morgan Stanley thinks Biden wi…","President Joe Biden wants to increase taxes on some of the country's highest earners to pay for affordable childcare, paid family leave, and free community college. But how much will taxes actuall… [+1960 chars]",neutral,0.21,0.64,0.15,neutral,0.13,0.83,0.04,True,English,"['Congress', 'Morgan Stanley']","['tax increases', 'Morgan Stanley thinks', 'Congress', 'Biden', 'taxes', 'paid family leave', 'affordable childcare', 'free community college', ""country's highest earners"", 'President Joe Biden', 'actuall', 'chars']",2021-04-29,businessinsider.com
Morgan Stanley,1,Twitter,Twitter,Molson Coors Brewing Co. (TAP) surprised the market with Q3 result. Morgan Stanley changed the rating to Outperform…,nan,Molson Coors Brewing Co. (TAP) surprised the market with Q3 result. Morgan Stanley changed the rating to Outperform…,neutral,0.2,0.73,0.07,neutral,0.2,0.73,0.07,True,English,"['Molson Coors Brewing Co.', 'TAP', 'Morgan Stanley', 'Molson Coors Brewing Co.', 'TAP', 'Morgan Stanley']","['TAP', 'market', 'Molson Coors Brewing', 'Q3 result', 'Morgan Stanley', 'rating', 'TAP', 'market', 'Molson Coors Brewing', 'Q3 result', 'Morgan Stanley', 'rating']",2021-05-03,Unknown
Morgan Stanley,1,Twitter,Twitter,Climate change is often cited as a leading ESG priority for investors. In Morgan Stanley's recent 2020 Sustainable…,nan,Climate change is often cited as a leading ESG priority for investors. In Morgan Stanley's recent 2020 Sustainable…,negative,0.02,0.33,0.65,negative,0.02,0.33,0.65,True,English,"['Morgan Stanley', 'Morgan Stanley']","['leading ESG priority', ""Morgan Stanley's recent"", 'investors', 'Climate change', 'leading ESG priority', ""Morgan Stanley's recent"", 'investors', 'Climate change']",2021-05-03,Unknown
Morgan Stanley,1,Twitter,Twitter,"The Walt Disney Company (DIS) surprised the market with Q3 result. Morgan Stanley changed the rating to Sell, as Th…",nan,"The Walt Disney Company (DIS) surprised the market with Q3 result. Morgan Stanley changed the rating to Sell, as Th…",neutral,0.14,0.71,0.15,neutral,0.14,0.71,0.15,True,English,"['Walt Disney Company', 'DIS', 'Morgan Stanley', 'Walt Disney Company', 'DIS', 'Morgan Stanley']","['rating', 'market', 'Walt Disney Company', 'Morgan Stanley', 'Q3 result', 'Th', 'rating', 'market', 'Walt Disney Company', 'Morgan Stanley', 'Q3 result', 'Th']",2021-05-03,Unknown
Morgan Stanley,1,Twitter,Twitter,"After Morgan Stanley, JPMorgan prepares to offer rich clients access to bitcoin fund",nan,"After Morgan Stanley, JPMorgan prepares to offer rich clients access to bitcoin fund",neutral,0.12,0.88,0.0,neutral,0.12,0.88,0.0,True,English,"['Morgan Stanley', 'JPMorgan', 'Morgan Stanley', 'JPMorgan']","['rich clients access', 'JPMorgan', 'bitcoin fund', 'Morgan Stanley', 'rich clients access', 'JPMorgan', 'bitcoin fund', 'Morgan Stanley']",2021-05-03,Unknown
Morgan Stanley,1,Twitter,Twitter,"General Motors Co. (GM) surprised the market with Q2 result. Morgan Stanley changed the rating to Underperform, as…",nan,"General Motors Co. (GM) surprised the market with Q2 result. Morgan Stanley changed the rating to Underperform, as…",negative,0.0,0.01,0.99,negative,0.0,0.01,0.99,True,English,"['General Motors Co.', 'GM', 'Morgan Stanley', 'General Motors Co.', 'GM', 'Morgan Stanley']","['GM', 'market', 'Q2 result', 'rating', 'Morgan Stanley', 'General Motors', 'GM', 'market', 'Q2 result', 'rating', 'Morgan Stanley', 'General Motors']",2021-05-03,Unknown
Morgan Stanley,1,Twitter,Twitter,"We don't talk about Stanley Morgan enough. ""Steamah""",nan,"We don't talk about Stanley Morgan enough. ""Steamah""",neutral,0.02,0.96,0.02,neutral,0.02,0.96,0.02,True,English,[],"['Stanley Morgan', 'Steamah', 'Stanley Morgan', 'Steamah']",2021-05-03,Unknown
Morgan Stanley,1,Twitter,Twitter,"Paper Co. (IP) surprised the market with Q4 result. Morgan Stanley changed the rating to Underperform, as Paper Co.…",nan,"Paper Co. (IP) surprised the market with Q4 result. Morgan Stanley changed the rating to Underperform, as Paper Co.…",negative,0.0,0.02,0.98,negative,0.0,0.02,0.98,True,English,"['Paper Co.', 'IP', 'Morgan Stanley', 'Paper Co.', 'Paper Co.', 'IP', 'Morgan Stanley', 'Paper Co.']","['Paper', 'market', 'rating', 'IP', 'Q4 result', 'Morgan Stanley', 'Paper', 'market', 'rating', 'IP', 'Q4 result', 'Morgan Stanley']",2021-05-03,Unknown
Morgan Stanley,1,Twitter,Twitter,"Axon Enterprise, Inc. (AAXN) surprised the market with Q4 result. Morgan Stanley changed the rating to Outperform,…",nan,"Axon Enterprise, Inc. (AAXN) surprised the market with Q4 result. Morgan Stanley changed the rating to Outperform,…",neutral,0.17,0.75,0.08,neutral,0.17,0.75,0.08,True,English,"['Axon Enterprise, Inc.', 'AAXN', 'Morgan Stanley', 'Axon Enterprise, Inc.', 'AAXN', 'Morgan Stanley']","['AAXN', 'market', 'Q4 result', 'rating', 'Morgan Stanley', 'Axon Enterprise', 'AAXN', 'market', 'Q4 result', 'rating', 'Morgan Stanley', 'Axon Enterprise']",2021-05-03,Unknown
Morgan Stanley,1,Twitter,Twitter,Morgan Stanley is set to report first-quarter earnings – here’s what the Street expects …,nan,Morgan Stanley is set to report first-quarter earnings – here’s what the Street expects …,neutral,0.01,0.97,0.02,neutral,0.01,0.97,0.02,True,English,"['Morgan Stanley', 'Morgan Stanley']","['quarter earnings', 'Street', 'Morgan Stanley', 'quarter earnings', 'Street', 'Morgan Stanley']",2021-05-03,Unknown
Morgan Stanley,1,Twitter,Twitter,"Morgan Stanley (MS) surprised the market with Q1 result. Goldman Sachs changed the rating to Outperform, as Morgan…",nan,"Morgan Stanley (MS) surprised the market with Q1 result. Goldman Sachs changed the rating to Outperform, as Morgan…",neutral,0.15,0.78,0.07,neutral,0.15,0.78,0.07,True,English,"['Morgan Stanley', 'MS', 'Goldman Sachs', 'Morgan', 'Morgan Stanley', 'MS', 'Goldman Sachs', 'Morgan']","['Morgan Stanley', 'market', 'MS', 'rating', 'Q1 result', 'Goldman Sachs', 'Morgan Stanley', 'market', 'MS', 'rating', 'Q1 result', 'Goldman Sachs']",2021-05-03,Unknown
Morgan Stanley,1,Twitter,Twitter,zerohedge Perhaps one of the poorest researched &amp; reasoned articles I've read. The fact that this is Morgan Stanle…,nan,zerohedge Perhaps one of the poorest researched &amp; reasoned articles I've read. The fact that this is Morgan Stanle…,negative,0.0,0.01,0.99,negative,0.0,0.01,0.99,True,English,[],"['amp', 'reasoned articles', 'fact', 'Morgan Stanle', 'zerohedge', 'amp', 'reasoned articles', 'fact', 'Morgan Stanle', 'zerohedge']",2021-05-03,Unknown
Bank of America,2,Google API,https://www.thetradenews.com/bank-of-america-credit-suisse-and-credit-agricole-fined-e28-million-for-role-in-bond-trading-cartel/,"Bank of America, Credit Suisse and Credit Agricole fined €28 ...","Bank of America Merrill Lynch, Credit Agricole and Credit Suisse have been fined a total of €28 million in Europe after colluding on bond trading activity as a ...","Bank of America Merrill Lynch, Credit Agricole and Credit Suisse have been fined a total of €28 million in Europe after colluding on bond trading activity as a ...",neutral,0.01,0.52,0.47,negative,0.01,0.09,0.9,True,English,"['Bank of America', 'Credit Suisse', 'Credit Agricole', 'Bank of America Merrill Lynch', 'Credit Agricole', 'Credit Suisse']","['Credit Suisse', 'Credit Agricole', 'Bank of America', 'Credit Agricole', 'Credit Suisse', 'Bank of America Merrill Lynch', 'Europe', 'bond trading activity', 'total']",2021-04-29,thetradenews.com
Bank of America,2,Google API,https://www.wsj.com/articles/credit-suisse-bank-of-america-credit-agricole-fined-by-eu-for-bond-trading-cartel-11619610283,"Credit Suisse, Bank of America, Credit Agricole Fined by EU for Bond-Trading Cartel","Credit Suisse, Bank of America, Credit Agricole Fined by EU for Bond-Trading Cartel. Three banks fined a combined total of $34.4 million. Deutsche Bank avoided ...","Credit Suisse, Bank of America, Credit Agricole Fined by EU for Bond-Trading Cartel. Three banks fined a combined total of $34.4 million. Deutsche Bank avoided ...",neutral,0.01,0.57,0.42,negative,0.0,0.04,0.96,True,English,"['Credit Suisse', 'Bank of America', 'Credit Agricole', 'EU', 'Credit Suisse', 'Bank of America', 'Credit Agricole', 'EU', 'Deutsche Bank']","['Credit Agricole', 'Credit Suisse', 'EU', 'Bank of America', 'Bond-Trading Cartel', 'Credit Agricole', 'Credit Suisse', 'Bank of America', 'Deutsche Bank', 'Bond-Trading Cartel', 'banks', 'combined total']",2021-04-29,wsj.com
Bank of America,2,Google API,https://www.panthers.com/news/new-playing-surface-bank-of-america-stadium,New playing surface coming to Bank of America Stadium ...,"CHARLOTTE - Bank of America Stadium's hosting another professional sports team soon. That requires some changes to the 26-year-old building, from the ...","CHARLOTTE - Bank of America Stadium's hosting another professional sports team soon. That requires some changes to the 26-year-old building, from the ...",neutral,0.06,0.92,0.02,neutral,0.02,0.98,0.0,True,English,['Bank of America'],"['New playing surface', 'Bank of America Stadium', ""America Stadium's hosting"", 'professional sports team', 'CHARLOTTE - Bank', 'year-old building', 'changes']",2021-04-29,panthers.com
Bank of America,2,Google API,https://boston.cbslocal.com/2021/04/26/mlk-memorial-effort-in-boston-gets-1m-from-bank-of-america/,MLK Memorial Effort In Boston Gets $1M From Bank of America,"Martin Luther King Jr. and Coretta Scott King in Boston is getting a $1 million grant from Bank of America, company officials said Monday. The grant to King Boston ...","Martin Luther King Jr. and Coretta Scott King in Boston is getting a $1 million grant from Bank of America, company officials said Monday. The grant to King Boston ...",neutral,0.3,0.69,0.01,neutral,0.08,0.91,0.01,True,English,"['MLK', 'Bank of America', 'Bank of America']","['Boston', 'MLK Memorial Effort', 'Bank of America', 'King Boston', 'grant', 'Coretta Scott King', 'Martin Luther King', 'Bank of America', 'company officials']",2021-04-27,boston.cbslocal.com
Bank of America,2,Google API,https://finance.yahoo.com/news/bank-america-announces-redemption-3-201500276.html,"Bank of America Announces Redemption of 3.499% Fixed/Floating Rate Senior Notes, due May 2022","Bank of America is one of the world's leading financial institutions, serving individual consumers, small and middle-market businesses and large corporations with ...","Bank of America is one of the world's leading financial institutions, serving individual consumers, small and middle-market businesses and large corporations with ...",neutral,0.01,0.98,0.01,neutral,0.0,0.98,0.02,True,English,"['Bank of America', 'Bank of America']","['Floating Rate Senior Notes', 'Redemption', 'Bank of America', 'individual consumers', 'middle-market businesses', ""world's leading financial institutions"", 'large corporations', 'Bank of America']",2021-04-29,finance.yahoo.com
Bank of America,2,Google API,https://www.fool.com/investing/2021/04/27/got-1000-2-reasons-to-buy-shares-of-bank-of-americ/,"Got $1,000? 2 Reasons to Buy Shares of Bank of America","It's a market leader. Bank of America is one of the biggest names in banking -- the second-biggest, in fact, with $3 trillion in assets under management as ...","It's a market leader. Bank of America is one of the biggest names in banking -- the second-biggest, in fact, with $3 trillion in assets under management as ...",neutral,0.08,0.65,0.27,neutral,0.05,0.93,0.02,True,English,"['Bank of America', 'Bank of America']","['Shares of Bank', 'Reasons', 'America', 'biggest names', 'banking', 'assets', 'Bank of America', 'fact', 'market leader', 'management']",2021-04-28,fool.com
Bank of America,2,Google API,https://finance.yahoo.com/news/bank-america-announces-redemption-c-201500237.html,"Bank of America Announces Redemption of C$500,000,000 Fixed to Floating Rate Subordinated Notes Due May 30, 2022","Bank of America is one of the world's leading financial institutions, serving individual consumers, small and middle-market businesses and large corporations with ...","Bank of America is one of the world's leading financial institutions, serving individual consumers, small and middle-market businesses and large corporations with ...",neutral,0.0,0.99,0.01,neutral,0.0,0.98,0.02,True,English,"['Bank of America', 'Bank of America']","['Redemption of C', 'Floating Rate Subordinated Notes', 'Bank of America', 'individual consumers', 'middle-market businesses', ""world's leading financial institutions"", 'large corporations', 'Bank of America']",2021-04-28,finance.yahoo.com
Bank of America,2,Google API,https://cointelegraph.com/news/ethereum-hits-3-000-for-the-first-time-now-larger-than-bank-of-america,"Ethereum hits $3,000 for the first time, now larger than Bank of America",The surge has helped Ethereum overtake institutions such as The Walt Disney Company and Bank of America in terms of total market cap. The world's largest ...,The surge has helped Ethereum overtake institutions such as The Walt Disney Company and Bank of America in terms of total market cap. The world's largest ...,neutral,0.07,0.87,0.06,positive,0.77,0.22,0.01,True,English,"['Bank of America', 'Ethereum', 'The Walt Disney Company', 'Bank of America']","['time', 'Bank of America', 'Ethereum hits', 'Bank of America', 'terms of total market', 'Walt Disney Company', 'institutions', ""world's largest"", 'Ethereum', 'surge']",2021-05-03,cointelegraph.com
Bank of America,2,Google API,https://www.bizjournals.com/buffalo/news/2021/04/27/bank-america-anthony-saad-buffalo-housing-market.html,Bank of America lending expert talks about Buffalo's roaring ...,"Welcome to Buffalo homebuying. It's a lot different than it used to be. Bank of America's leading local mortgage banker, Anthony Saad, said the bank's credit ...","Welcome to Buffalo homebuying. It's a lot different than it used to be. Bank of America's leading local mortgage banker, Anthony Saad, said the bank's credit ...",neutral,0.02,0.97,0.01,positive,0.92,0.07,0.01,True,English,"['Bank of America', 'Bank of America']","['Bank of America lending expert talks', ""Buffalo's roaring"", 'Anthony Saad', ""Bank of America's leading local mortgage banker"", ""bank's credit"", 'Welcome', 'Buffalo homebuying', 'lot different']",2021-04-28,bizjournals.com
Bank of America,2,PyNews API,https://www.reuters.com/article/eu-banks-cartel-idUSL8N2ML3Y2,"EU fines Bank of America Merrill Lynch, C. Agricole, Credit Suisse 28.5 mln euros - Reuters","EU antitrust regulators on Wednesday fined Bank of America Merrill Lynch, Credit Agricole and Credit Suisse a total of 28.5 million euros ($34.4 million) for taking part in a bond cartel.","By Reuters Staff BRUSSELS, April 28 (Reuters) - EU antitrust regulators on Wednesday fined Bank of America Merrill Lynch, Credit Agricole and Credit Suisse a total of 28.5 million euros ($34.4 milli… [+316 chars]",neutral,0.01,0.84,0.15,neutral,0.0,0.6,0.4,True,English,"['EU', 'Bank of America Merrill Lynch', 'C. Agricole', 'Credit Suisse', 'Reuters', 'Reuters', 'Reuters', 'EU', 'Bank of America Merrill Lynch', 'Credit Agricole', 'Credit Suisse']","['Agricole', 'Credit Suisse', 'EU fines Bank of America Merrill Lynch', 'mln euros - Reuters', 'Credit Agricole', 'Credit Suisse', 'Reuters Staff', 'fined Bank of America Merrill Lynch', 'EU antitrust regulators', 'total', 'euros', 'milli', 'chars', 'BRUSSELS']",2021-04-28,reuters.com
Bank of America,2,PyNews API,https://www.reuters.com/business/finance/eu-fines-bank-america-merrill-lynch-c-agricole-credit-suisse-285-mln-euros-2021-04-28/,"EU fines Bank of America Merrill Lynch, C. Agricole, Credit Suisse 28.5 mln euros - Reuters","EU antitrust regulators on Wednesday fined Bank of America Merrill Lynch, Credit Agricole (CAGR.PA) and Credit Suisse (CSAG.UL) a total of 28.5 million euros ($34.4 million) for taking part in a bond cartel.","EU antitrust regulators on Wednesday fined Bank of America Merrill Lynch, Credit Agricole (CAGR.PA) and Credit Suisse (CSAG.UL) a total of 28.5 million euros ($34.4 million) for taking part in a bond… [+373 chars]",neutral,0.01,0.84,0.15,neutral,0.03,0.69,0.28,True,English,"['EU', 'Bank of America Merrill Lynch', 'C. Agricole', 'Credit Suisse', 'Reuters', 'EU', 'Bank of America Merrill Lynch', 'Credit Agricole', 'CAGR', 'PA', 'Credit Suisse', 'CSAG', 'UL']","['Agricole', 'Credit Suisse', 'EU fines Bank of America Merrill Lynch', 'mln euros - Reuters', 'Credit Agricole', 'Credit Suisse', 'fined Bank of America Merrill Lynch', 'EU antitrust regulators', 'CSAG', 'total', 'chars', 'bond', 'euros']",2021-04-28,reuters.com
Bank of America,2,PyNews API,http://techcrunch.com/2021/04/27/kids-focused-fintech-greenlight-raises-260m-in-a16z-led-series-d-nearly-doubles-valuation-to-2-3b/,"Kids-focused fintech Greenlight raises $260M in a16z-led Series D, nearly doubles valuation to $2.3B","Greenlight, the fintech company that pitches parents on kid-friendly bank accounts, has raised $260 million in a Series D funding round that nearly doubles its valuation to $2.3 billion. The funding comes just months after the Atlanta-based startup landed $21…","Greenlight, the fintech company that pitches parents on kid-friendly bank accounts, has raised $260 million in a Series D funding round that nearly doubles its valuation to $2.3 billion. The funding… [+3105 chars]",neutral,0.0,0.99,0.01,neutral,0.01,0.98,0.01,True,English,"['Greenlight', 'Greenlight']","['valuation', 'a16z', 'Series D', 'Kids-focused fintech', 'Series D funding round', 'parents', 'kid-friendly bank accounts', 'fintech company', 'valuation', 'chars']",2021-04-27,techcrunch.com
Bank of America,2,PyNews API,https://www.reuters.com/business/finance/bank-canadas-hawks-unlikely-fly-too-far-ahead-fed-2021-05-02/,Analysis: Bank of Canada's hawks unlikely to fly too far ahead of Fed - Reuters,"The Bank of Canada's signal that it may begin hiking interest rates before the Federal Reserve has lit a fire under the Canadian dollar, but past tightening cycles show faster liftoff may not be sustained, particularly if the loonie overshoots.","The Bank of Canada's signal that it may begin hiking interest rates before the Federal Reserve has lit a fire under the Canadian dollar, but past tightening cycles show faster liftoff may not be sust… [+3101 chars]",neutral,0.01,0.65,0.34,positive,0.83,0.09,0.08,True,English,"['Bank of Canada', 'Fed', 'Reuters', 'Bank of Canada', 'Federal Reserve']","['Analysis', ""Bank of Canada's hawks unlikely"", 'Fed - Reuters', 'past tightening cycles', 'faster liftoff', 'Canadian dollar', ""Bank of Canada's signal"", 'rates', 'Federal Reserve', 'chars']",2021-05-02,reuters.com
Bank of America,2,PyNews API,https://www.reuters.com/world/europe/great-exit-central-banks-line-up-taper-emergency-stimulus-2021-04-28/,The great exit: central banks line up to taper emergency stimulus - Reuters,"The Bank of Canada set the taper ball rolling last week, becoming the first major central bank to cut back on pandemic-era money-printing stimulus programmes. So who's next?","The Bank of Canada set the taper ball rolling last week, becoming the first major central bank to cut back on pandemic-era money-printing stimulus programmes. So who's next? The big guns of central … [+6129 chars]",positive,0.97,0.03,0.0,neutral,0.06,0.91,0.03,True,English,"['Reuters', 'Bank of Canada']","['central banks line', 'great exit', 'emergency stimulus - Reuters', 'major central bank', 'Bank of Canada', 'big guns of central', 'pandemic-era money-printing stimulus programmes', 'taper ball', 'week', 'chars']",2021-04-28,reuters.com
Bank of America,2,PyNews API,https://www.businessinsider.com/bank-of-america-asking-employees-voluntarily-disclose-covid-vaccination-status-2021-4,"Bank of America is asking employees to voluntarily disclose vaccine status, as Wall Street looks to get staffers back in the office (BAC)","Summary List PlacementBank of America is asking staff to voluntarily disclose whether they have received a COVID-19 vaccine, two people familiar with the matter said, a step that underscores Wall Street's moves to gradually shift people back into the offices …","Bank of America is asking staff to voluntarily disclose whether they have received a COVID-19 vaccine, two people familiar with the matter said, a step that underscores Wall Street's moves to gradual… [+2396 chars]",neutral,0.0,0.97,0.03,neutral,0.01,0.77,0.22,True,English,"['Bank of America', 'Wall Street', 'Bank of America', 'Wall Street']","['employees', 'staffers', 'vaccine status', 'Wall Street', 'Bank of America', 'office', 'BAC', 'step', ""Wall Street's moves"", 'people familiar', 'vaccine', 'matter', 'Bank of America', 'staff', 'COVID', 'chars']",2021-04-28,businessinsider.com
Bank of America,2,PyNews API,https://www.businessinsider.com/personal-finance/city-first-bank-review,City First Bank review: Black-owned bank in Los Angeles and DC with high interest rates,"Summary List Placement<ul><li>City First Bank (Member FDIC) is a Black-owned bank in Los Angeles and Washington, DC.</li><li>It pays higher rates than most brick-and-mortar banks, and it's easy to waive monthly fees.</li><li>The checking accounts, savings …","This post was last reviewed and updated on April 30, 2021. The bottom line: City First Bank has strong checking accounts, savings accounts, and CDs, but the money market account is its weak spot.… [+4518 chars]",neutral,0.44,0.53,0.03,negative,0.0,0.01,0.99,True,English,"['City First Bank', 'City First Bank']","['Bank review', 'Black-owned bank', 'Los Angeles', 'DC', 'rates', 'City', 'savings accounts', 'CDs', 'money market account', 'weak spot', 'line', 'City', 'Bank', 'post', 'chars']",2021-04-30,businessinsider.com
Bank of America,2,PyNews API,https://www.reuters.com/breakingviews/running-wells-fargo-just-got-even-more-thankless-2021-04-27/,Running Wells Fargo just got even more thankless - Reuters,"The banking world’s most thankless job just got more so. Wells Fargo’s (WFC.N) executive pay plan won approval on Tuesday from a scant 57% of shareholders, based on a preliminary count at the lender’s annual meeting – a level so low that it’s tantamount to fa…","Wells Fargo CEO Charlie Scharf testifies before a House Financial Services Committee on Capitol Hill in Washington, March 10, 2020. REUTERS/Carlos Barria The banking worlds most thankless job just go… [+3327 chars]",negative,0.01,0.03,0.96,negative,0.01,0.1,0.89,True,English,"['Wells Fargo', 'Reuters', 'Wells Fargo', 'House Financial Services Committee', 'REUTERS']","['thankless - Reuters', 'Wells Fargo', 'House Financial Services Committee', 'banking worlds', 'Capitol Hill', 'Carlos Barria', 'Wells Fargo CEO Charlie Scharf', 'thankless job', 'REUTERS', 'Washington', 'chars']",2021-04-27,reuters.com
Bank of America,2,PyNews API,https://www.reuters.com/article/emerging-markets-asia-idUSL4N2MJ1PB,EMERGING MARKETS-Asian FX firm as dollar slips; Indian shares rebound on ICICI Bank result - Reuters,* Graphic: World FX rates  * Asian stock markets:  * Asian currencies strengthen on weaker U.S dollar * Indian shares climb after ICICI Bank posts robust results * Investors eye Fed meeting later this week By …,* Graphic: World FX rates tmsnrt.rs/2RBWI5E * Asian stock markets: tmsnrt.rs/2zpUAr4 * Asian currencies strengthen on weaker U.S dollar * Indian shares climb after ICICI Bank posts robust resul… [+3629 chars],neutral,0.0,1.0,0.0,neutral,0.02,0.97,0.01,True,English,"['ICICI Bank', 'Reuters', 'ICICI Bank']","['Indian shares', 'dollar slips', 'EMERGING MARKETS-Asian FX firm', 'ICICI Bank result - Reuters', 'Asian currencies', 'Asian stock markets', 'ICICI Bank posts robust resul', 'weaker U', 'Indian shares', 'World FX rates', 'S dollar', 'Graphic', '2RBWI5E', '2zpUAr4']",2021-04-26,reuters.com
Bank of America,2,PyNews API,https://www.reuters.com/article/us-wells-fargo-compensation-breakingview-idUSKBN2CE2HE,Running Wells Fargo just got even more thankless - Reuters,"The banking world’s most thankless job just got more so. Wells Fargo’s executive pay plan won approval on Tuesday from a scant 57% of shareholders, based on a preliminary count at the lender’s annual meeting – a level so low that it’s tantamount to failure. C…","NEW YORK (Reuters Breakingviews) - The banking worlds most thankless job just got more so. Wells Fargos executive pay plan won approval on Tuesday from a scant 57% of shareholders, based on a prelimi… [+3417 chars]",negative,0.01,0.03,0.96,negative,0.01,0.1,0.89,True,English,"['Wells Fargo', 'Reuters', 'Reuters Breakingviews', 'Wells Fargos']","['thankless - Reuters', 'Wells Fargo', 'approval', 'Reuters Breakingviews', 'banking worlds', 'Wells Fargos executive pay plan', 'NEW YORK', 'thankless job', 'prelimi', 'shareholders', 'chars']",2021-04-27,reuters.com
Bank of America,2,PyNews API,https://www.reuters.com/article/us-usa-bonds-banks-idUSKBN2CD1VX,U.S. bank appetite for Treasuries unfazed after Fed ends regulatory relief - Reuters,"U.S. banks' demand for Treasury securities has not dimmed, contrary to expectations, since the Federal Reserve let expire a waiver to a capital adequacy regulation granted early in the pandemic, even as firms seek to raise more capital via debt issuance inste…","NEW YORK (Reuters) - U.S. banks demand for Treasury securities has not dimmed, contrary to expectations, since the Federal Reserve let expire a waiver to a capital adequacy regulation granted early i… [+3798 chars]",neutral,0.33,0.61,0.06,neutral,0.03,0.89,0.08,True,English,"['Treasuries', 'Fed', 'Reuters', 'Reuters', 'Treasury', 'Federal Reserve']","['Fed', 'Treasuries unfazed', 'regulatory relief - Reuters', 'bank appetite', 'early i', 'waiver', 'capital adequacy regulation', 'banks demand', 'Reuters', 'Treasury securities', 'Federal Reserve', 'expectations', 'NEW YORK', 'chars']",2021-04-26,reuters.com
Bank of America,2,Twitter,Twitter,"Ethereum breaks $3,000—it’s now more valued than Bank of America instaico instaeth newcryptocurrency ath…",nan,"Ethereum breaks $3,000—it’s now more valued than Bank of America instaico instaeth newcryptocurrency ath…",positive,0.8,0.12,0.08,positive,0.8,0.12,0.08,True,English,"['Bank of America', 'instaico', 'Bank of America', 'instaico']","['Bank of America instaico  instaeth  newcryptocurrency  ath', 'Ethereum', 'Bank of America instaico  instaeth  newcryptocurrency  ath', 'Ethereum']",2021-05-03,Unknown
Bank of America,2,Twitter,Twitter,"Ethereum breaks $3,000—it’s now more valued than Bank of America instacrypto ripple altcoin altcoins investor…",nan,"Ethereum breaks $3,000—it’s now more valued than Bank of America instacrypto ripple altcoin altcoins investor…",positive,0.67,0.24,0.09,positive,0.67,0.24,0.09,True,English,"['Bank of America', 'Bank of America']","['Bank of America instacrypto  ripple  altcoin  altcoins  investor', 'Ethereum', 'Bank of America instacrypto  ripple  altcoin  altcoins  investor', 'Ethereum']",2021-05-03,Unknown
Bank of America,2,Twitter,Twitter,"Ethereum breaks $3,000—it’s now more valued than Bank of America instabtc blockchain bittrex IoT…",nan,"Ethereum breaks $3,000—it’s now more valued than Bank of America instabtc blockchain bittrex IoT…",positive,0.77,0.15,0.08,positive,0.77,0.15,0.08,True,English,"['Bank of America', 'Bank of America']","['Bank of America instabtc  blockchain  bittrex  IoT', 'Ethereum', 'Bank of America instabtc  blockchain  bittrex  IoT', 'Ethereum']",2021-05-03,Unknown
Bank of America,2,Twitter,Twitter,"Ethereum Price Hits Record High, ETH Crosses $350 Billion Market Cap ETH is now more valuable than Bank of Americ…",nan,"Ethereum Price Hits Record High, ETH Crosses $350 Billion Market Cap ETH is now more valuable than Bank of Americ…",neutral,0.36,0.64,0.0,neutral,0.36,0.64,0.0,True,English,"['ETH', 'ETH', 'Bank of Americ', 'ETH', 'ETH', 'Bank of Americ']","['ETH Crosses', 'Market Cap ETH', 'Ethereum Price Hits Record High', 'Bank of Americ', 'ETH Crosses', 'Market Cap ETH', 'Ethereum Price Hits Record High', 'Bank of Americ']",2021-05-03,Unknown
Bank of America,2,Twitter,Twitter,"News: Ethereum Hits All-Time High, Valued More Than Bank Of AmericaOn Monday, the price of Ethereum, the world'…",nan,"News: Ethereum Hits All-Time High, Valued More Than Bank Of AmericaOn Monday, the price of Ethereum, the world'…",positive,0.95,0.05,0.0,positive,0.95,0.05,0.0,True,English,"['Bank Of  AmericaOn', 'Bank Of  AmericaOn']","['price of Ethereum', 'Ethereum Hits All-Time High', 'News', 'Bank Of  AmericaOn', 'world', 'price of Ethereum', 'Ethereum Hits All-Time High', 'News', 'Bank Of  AmericaOn', 'world']",2021-05-03,Unknown
Bank of America,2,Twitter,Twitter,Ethereum has surpassed Bank Of America and PayPal in market cap .,nan,Ethereum has surpassed Bank Of America and PayPal in market cap .,neutral,0.06,0.93,0.01,neutral,0.06,0.93,0.01,True,English,"['Bank Of America', 'PayPal', 'Bank Of America', 'PayPal']","['Bank Of America', 'PayPal', 'market cap', 'Ethereum', 'Bank Of America', 'PayPal', 'market cap', 'Ethereum']",2021-05-03,Unknown
Bank of America,2,Twitter,Twitter,Please help Thomas reach his fundraising goals for the Bank of America Chicago Marathon!,nan,Please help Thomas reach his fundraising goals for the Bank of America Chicago Marathon!,neutral,0.05,0.95,0.0,neutral,0.05,0.95,0.0,True,English,[],"['fundraising goals', 'Bank of America Chicago Marathon', 'Thomas', 'fundraising goals', 'Bank of America Chicago Marathon', 'Thomas']",2021-05-03,Unknown
Bank of America,2,Twitter,Twitter,Ethereum market cap just surpassed Bank of America 🔥🔥,nan,Ethereum market cap just surpassed Bank of America 🔥🔥,neutral,0.31,0.67,0.02,neutral,0.31,0.67,0.02,True,English,"['Bank of America', 'Bank of America']","['surpassed Bank of America', 'Ethereum market cap', 'surpassed Bank of America', 'Ethereum market cap']",2021-05-03,Unknown
Bank of America,2,Twitter,Twitter,"Ethereum breaks $3,000—it’s now more valued than Bank of America cryptocurrency feedly",nan,"Ethereum breaks $3,000—it’s now more valued than Bank of America cryptocurrency feedly",positive,0.91,0.04,0.05,positive,0.91,0.04,0.05,True,English,"['Bank of America', 'Bank of America']","['Bank of America   cryptocurrency', 'Ethereum', 'Bank of America   cryptocurrency', 'Ethereum']",2021-05-03,Unknown
Bank of America,2,Twitter,Twitter,"Ethereum breaks $3,000—it’s now more valued than Bank of America",nan,"Ethereum breaks $3,000—it’s now more valued than Bank of America",positive,0.92,0.03,0.05,positive,0.92,0.03,0.05,True,English,"['Bank of America', 'Bank of America']","['Bank of America', 'Ethereum', 'Bank of America', 'Ethereum']",2021-05-03,Unknown
JPMorgan Chase,3,Google API,https://www.fool.com/investing/2021/04/27/report-jpmorgan-chase-creating-bitcoin-fund/,Report: JPMorgan Chase Creating Bitcoin Fund,"In yet another acknowledgement by Big Finance that cryptocurrencies are here to stay, JPMorgan Chase (NYSE:JPM) is apparently forming a Bitcoin ...","In yet another acknowledgement by Big Finance that cryptocurrencies are here to stay, JPMorgan Chase (NYSE:JPM) is apparently forming a Bitcoin ...",neutral,0.03,0.95,0.02,neutral,0.06,0.49,0.45,True,English,"['JPMorgan Chase', 'Big Finance', 'JPMorgan Chase', 'JPM']","['Bitcoin Fund', 'Report', 'JPMorgan Chase', 'cryptocurrencies', 'JPMorgan Chase', 'acknowledgement', 'Big Finance', 'NYSE', 'Bitcoin']",2021-04-28,fool.com
JPMorgan Chase,3,Google API,https://www.marketwatch.com/story/jpmorgan-to-offer-wealthy-clients-access-to-bitcoin-fund-report-11619460709,JPMorgan to offer wealthy clients access to bitcoin fund: report,"JPMorgan Chase & Co. is set to join the parade of big banks offering clients access to a bitcoin fund, according to a Monday news report. The move would give ...","JPMorgan Chase & Co. is set to join the parade of big banks offering clients access to a bitcoin fund, according to a Monday news report. The move would give ...",neutral,0.08,0.91,0.01,neutral,0.01,0.99,0.0,True,English,"['JPMorgan', 'JPMorgan Chase & Co.']","['wealthy clients access', 'bitcoin fund', 'report', 'JPMorgan', 'clients access', 'parade of big banks', 'bitcoin fund', 'news report', 'JPMorgan Chase']",2021-04-27,marketwatch.com
JPMorgan Chase,3,Google API,https://www.ft.com/content/0dd2a0a9-19b5-4904-b624-d7bf613b2ef8,JPMorgan calls US bankers back to the office from July,JPMorgan Chase told all of its US bankers on Tuesday that they should start to make arrangements to be back in the office on a rotational basis by early July.,JPMorgan Chase told all of its US bankers on Tuesday that they should start to make arrangements to be back in the office on a rotational basis by early July.,neutral,0.01,0.98,0.01,neutral,0.05,0.9,0.05,True,English,"['JPMorgan', 'JPMorgan Chase']","['JPMorgan calls US bankers', 'office', 'office', 'rotational basis', 'JPMorgan Chase', 'US bankers', 'arrangements']",2021-04-28,ft.com
JPMorgan Chase,3,Google API,https://www.cnbc.com/2021/04/27/jpmorgan-tells-us-employees-they-are-expected-back-to-the-office-on-a-rotating-basis-by-july.html,JPMorgan Chase tells U.S. employees they are expected back to the office on a rotating basis by July,"The JP Morgan Chase & Co. headquarters, The JP Morgan Chase Tower in Park Avenue, Midtown, Manhattan, New York. Tim Clayton - Corbis | Corbis Sport | ...","The JP Morgan Chase & Co. headquarters, The JP Morgan Chase Tower in Park Avenue, Midtown, Manhattan, New York. Tim Clayton - Corbis | Corbis Sport | ...",neutral,0.05,0.94,0.01,neutral,0.01,0.99,0.0,True,English,"['JPMorgan Chase', 'JP Morgan Chase & Co.', 'Corbis', 'Corbis Sport']","['JPMorgan Chase', 'employees', 'office', 'rotating basis', 'JP Morgan Chase Tower', 'Corbis Sport', 'Tim Clayton - Corbis', 'Park Avenue', 'Midtown', 'headquarters', 'Manhattan', 'New York']",2021-04-28,cnbc.com
JPMorgan Chase,3,Google API,https://www.chicagobusiness.com/commercial-real-estate/jpmorgan-tells-us-staff-theyre-due-back-office-july,JPMorgan Chase to require workers to return to office in July,(Bloomberg)—JPMorgan Chase & Co. became the first major U.S. bank to mandate a return to offices for its entire U.S. workforce as soon as July. The lender's ...,(Bloomberg)—JPMorgan Chase & Co. became the first major U.S. bank to mandate a return to offices for its entire U.S. workforce as soon as July. The lender's ...,neutral,0.05,0.83,0.12,neutral,0.01,0.97,0.02,True,English,"['JPMorgan Chase', 'JPMorgan Chase & Co.']","['workers', 'JPMorgan Chase', 'office', 'offices', 'return', 'bank', 'JPMorgan Chase', 'Bloomberg', 'workforce', ""lender's""]",2021-04-28,chicagobusiness.com
JPMorgan Chase,3,Google API,https://finance.yahoo.com/news/jpmorgan-chase-announcement-concerning-preferred-204800850.html,JPMorgan Chase Announcement Concerning Preferred Stock,JPMorgan Chase & Co. (NYSE: JPM) is a leading global financial services firm with assets of $3.7 trillion and operations worldwide. The Firm is a leader in ...,JPMorgan Chase & Co. (NYSE: JPM) is a leading global financial services firm with assets of $3.7 trillion and operations worldwide. The Firm is a leader in ...,positive,0.52,0.46,0.02,neutral,0.0,1.0,0.0,True,English,"['JPMorgan Chase', 'JPMorgan Chase & Co.', 'JPM']","['Preferred Stock', 'JPMorgan Chase Announcement', 'leading global financial services firm', 'assets', 'NYSE', 'JPMorgan Chase', 'operations', 'leader']",2021-05-01,finance.yahoo.com
JPMorgan Chase,3,Google API,https://www.thepublicopinion.com/ap/business/jpmorgan-chase-expands-second-chance-hiring-efforts-in-columbus/article_e3f29278-cef5-590b-84e5-827f47b44a75.html,JPMorgan Chase Expands Second Chance Hiring Efforts in ...,JPMorgan Chase announced today it is launching a community-based hiring model in Columbus to help remove barriers for qualified people with criminal ...,JPMorgan Chase announced today it is launching a community-based hiring model in Columbus to help remove barriers for qualified people with criminal ...,neutral,0.09,0.88,0.03,neutral,0.21,0.66,0.13,True,English,"['JPMorgan Chase', 'JPMorgan Chase']","['Chance Hiring Efforts', 'JPMorgan Chase', 'Columbus', 'barriers', 'community-based hiring model', 'qualified people', 'criminal', 'JPMorgan Chase']",2021-04-27,thepublicopinion.com
JPMorgan Chase,3,Google API,https://www.theatlantavoice.com/articles/hawks-jpmorgan-chase-and-junior-achievement-strike-partnership-on-joint-finance-program-for-high-school-and-college-students-students/,"Hawks, JPMorgan Chase, and Junior Achievement strike ...","The Atlanta Hawks Basketball Club and Chase, the U.S. consumer and commercial banking business of JPMorgan Chase & Co, and the official bank partner of ...","The Atlanta Hawks Basketball Club and Chase, the U.S. consumer and commercial banking business of JPMorgan Chase & Co, and the official bank partner of ...",negative,0.03,0.43,0.54,neutral,0.01,0.99,0.0,True,English,"['Hawks', 'JPMorgan Chase', 'Junior Achievement', 'Atlanta Hawks Basketball Club', 'Chase', 'JPMorgan Chase & Co']","['JPMorgan Chase', 'Junior Achievement strike', 'Hawks', 'commercial banking business of JPMorgan Chase', 'consumer', 'Atlanta Hawks Basketball Club', 'official bank partner']",2021-04-30,theatlantavoice.com
JPMorgan Chase,3,PyNews API,https://www.reuters.com/video/watch/idOVEAAZE6J,JPMorgan to bring office workers back in July - Reuters.com,"JPMorgan Chase, America's largest bank, told employees in a memo to prepare to return to the office on a rotational basis starting in July. Conway G. Gittens has the details.","Posted JPMorgan Chase, America's largest bank, told employees in a memo to prepare to return to the office on a rotational basis starting in July. Conway G. Gittens has the details.",neutral,0.03,0.96,0.01,neutral,0.02,0.96,0.02,True,English,"['JPMorgan', 'Reuters', 'Reuters.com', 'com', 'JPMorgan Chase']","['JPMorgan', 'office workers', ""America's largest bank"", 'employees', 'JPMorgan Chase', 'office', 'rotational basis', 'Conway', 'Gittens', 'details', 'memo']",2021-04-27,reuters.com
JPMorgan Chase,3,PyNews API,https://www.reuters.com/video/watch/idPJUS?now=true,JPMorgan to bring office workers back in July - Reuters,"JPMorgan Chase, America's largest bank, told employees in a memo to prepare to return to the office on a rotational basis starting in July. Conway G. Gittens has the details.","Posted JPMorgan Chase, America's largest bank, told employees in a memo to prepare to return to the office on a rotational basis starting in July. Conway G. Gittens has the details.",neutral,0.03,0.96,0.01,neutral,0.02,0.96,0.02,True,English,"['JPMorgan', 'Reuters', 'JPMorgan Chase']","['office workers', 'JPMorgan', 'Reuters', ""America's largest bank"", 'employees', 'JPMorgan Chase', 'office', 'rotational basis', 'Conway', 'Gittens', 'details', 'memo']",2021-04-27,reuters.com
JPMorgan Chase,3,PyNews API,https://www.reuters.com/business/finance/jpmorgan-bring-us-staff-back-office-rotational-basis-july-2021-04-27/,JPMorgan to bring U.S. staff back to office on rotational basis from July - Reuters,"JPMorgan Chase & Co (JPM.N), the largest U.S. bank, is planning to bring all of its U.S. staff back to office on a rotational basis from July, according to a memo from the bank's operating committee that was viewed by Reuters on Tuesday.","JPMorgan Chase &amp; Co (JPM.N), the largest U.S. bank, is planning to bring all of its U.S. staff back to office on a rotational basis from July, according to a memo from the bank's operating commit… [+583 chars]",neutral,0.02,0.97,0.01,neutral,0.0,0.99,0.01,True,English,"['JPMorgan', 'Reuters', 'JPMorgan Chase &amp; Co', 'JPM', 'N),']","['staff', 'rotational basis', 'office', 'Reuters', 'JPMorgan', 'amp', ""bank's operating commit"", 'office', 'memo', 'rotational basis', 'JPMorgan Chase', 'staff', 'chars']",2021-04-27,reuters.com
JPMorgan Chase,3,PyNews API,https://www.marketwatch.com/story/is-the-u-s-student-loan-program-facing-a-500-billion-hole-one-banker-thinks-so-11619798995,The Wall Street Journal: Is the U.S. student loan program facing a $500 billion hole? One banker thinks so.,"In 2018, Betsy DeVos, then U.S. education secretary, called JPMorgan Chase & Co. Chief Executive Jamie Dimon for help.","In 2018, Betsy DeVos, then U.S. education secretary, called JPMorgan Chase &amp; Co. JPM, -1.15% Chief Executive Jamie Dimon for help. Repayments on federal student loans had come in persisten… [+576 chars]",neutral,0.14,0.81,0.05,neutral,0.04,0.92,0.04,True,English,"['The Wall Street Journal', 'JPMorgan Chase &amp; Co', 'JPM']","['student loan program', 'Wall Street Journal', 'hole', 'banker', 'education secretary', 'persisten', 'federal student loans', 'Chief Executive Jamie Dimon', 'help', 'JPMorgan Chase', 'Repayments', 'Betsy DeVos', 'amp', 'chars']",2021-04-30,marketwatch.com
JPMorgan Chase,3,PyNews API,https://www.marketwatch.com/story/jpmorgan-to-offer-wealthy-clients-access-to-bitcoin-fund-report-11619460709,Market Extra: JPMorgan to offer wealthy clients access to bitcoin fund: report,"JPMorgan Chase & Co. is set to join the parade of big banks offering clients access to a bitcoin fund, according to a Monday news report.","JPMorgan Chase &amp; Co. is set to join the parade of big banks offering clients access to a bitcoin fund, according to a Monday news report. The move would give wealthy clients access to an activel… [+1409 chars]",neutral,0.07,0.92,0.01,neutral,0.03,0.94,0.03,True,English,"['JPMorgan', 'JPMorgan Chase &amp; Co.']","['wealthy clients access', 'JPMorgan', 'bitcoin fund', 'report', 'Market Extra', 'wealthy clients access', 'parade of big banks', 'activel', 'bitcoin fund', 'JPMorgan Chase', 'amp', 'news report', 'chars']",2021-04-26,marketwatch.com
JPMorgan Chase,3,Twitter,Twitter,"JPMorgan is set to launch a UK current account later this year, with sources saying the US bank is preparing to unv…",nan,"JPMorgan is set to launch a UK current account later this year, with sources saying the US bank is preparing to unv…",neutral,0.01,0.98,0.01,neutral,0.01,0.98,0.01,True,English,"['JPMorgan', 'JPMorgan']","['year', 'sources', 'UK current account', 'US bank', 'unv', 'JPMorgan', 'year', 'sources', 'UK current account', 'US bank', 'unv', 'JPMorgan']",2021-05-03,Unknown
JPMorgan Chase,3,Twitter,Twitter,$GAHC to release details on new non toxic credit line from JPMorgan Chase$PRTA $OTEX $DDS $DCP,nan,$GAHC to release details on new non toxic credit line from JPMorgan Chase$PRTA $OTEX $DDS $DCP,neutral,0.06,0.93,0.01,neutral,0.06,0.93,0.01,True,English,"['JPMorgan Chase', 'JPMorgan Chase']","['PRTA', 'JPMorgan Chase', 'toxic credit line', 'OTEX', 'details', 'DDS', 'DCP', 'GAHC', 'PRTA', 'JPMorgan Chase', 'toxic credit line', 'OTEX', 'details', 'DDS', 'DCP', 'GAHC']",2021-05-03,Unknown
JPMorgan Chase,3,Twitter,Twitter,"“Senior management now realizes that data is the lifeblood of organizations.” Rob Casper, JPMorgan Chase",nan,"“Senior management now realizes that data is the lifeblood of organizations.” Rob Casper, JPMorgan Chase",negative,0.0,0.04,0.96,negative,0.0,0.04,0.96,True,English,"['JPMorgan Chase', 'JPMorgan Chase']","['data', 'Rob Casper', 'JPMorgan Chase', 'Senior management', 'lifeblood of organizations', 'data', 'Rob Casper', 'JPMorgan Chase', 'Senior management', 'lifeblood of organizations']",2021-05-03,Unknown
JPMorgan Chase,3,Twitter,Twitter,"According to Jamie Dimon, chairman and CEO of JPMorgan Chase, the most successful leaders have certain key traits.…",nan,"According to Jamie Dimon, chairman and CEO of JPMorgan Chase, the most successful leaders have certain key traits.…",neutral,0.33,0.63,0.04,neutral,0.33,0.63,0.04,True,English,"['JPMorgan Chase', 'JPMorgan Chase']","['successful leaders', 'CEO of JPMorgan Chase', 'chairman', 'certain key traits', 'Jamie Dimon', 'successful leaders', 'CEO of JPMorgan Chase', 'chairman', 'certain key traits', 'Jamie Dimon']",2021-05-03,Unknown
JPMorgan Chase,3,Twitter,Twitter,P/B among largest financials bank insurance $XLF1. 🇺🇸 BERKSHIRE HATHAWAY I. $BRK.B: 1.422. 🇺🇸 JPMORGAN CHASE &amp;…,nan,P/B among largest financials bank insurance $XLF1. 🇺🇸 BERKSHIRE HATHAWAY I. $BRK.B: 1.422. 🇺🇸 JPMORGAN CHASE &amp;…,neutral,0.02,0.97,0.01,neutral,0.02,0.97,0.01,True,English,[],"['largest  financials  bank  insurance', 'XLF1', 'BERKSHIRE HATHAWAY', 'BRK', 'JPMORGAN CHASE', 'amp', 'largest  financials  bank  insurance', 'XLF1', 'BERKSHIRE HATHAWAY', 'BRK', 'JPMORGAN CHASE', 'amp']",2021-05-03,Unknown
JPMorgan Chase,3,Twitter,Twitter,$F to release details on new non toxic credit line from JPMorgan Chase$VTR $PLUG $ARGQ $IFAN $BIDU $BMRN,nan,$F to release details on new non toxic credit line from JPMorgan Chase$VTR $PLUG $ARGQ $IFAN $BIDU $BMRN,neutral,0.08,0.91,0.01,neutral,0.08,0.91,0.01,True,English,"['JPMorgan Chase', 'JPMorgan Chase']","['VTR', 'JPMorgan Chase', 'toxic credit line', 'ARGQ', 'PLUG', 'IFAN', 'details', 'BIDU', 'BMRN', 'VTR', 'JPMorgan Chase', 'toxic credit line', 'ARGQ', 'PLUG', 'IFAN', 'details', 'BIDU', 'BMRN']",2021-05-03,Unknown
JPMorgan Chase,3,Twitter,Twitter,"Hiring Software Engineering at JPMorgan Chase Bank, N.A. (Wilmington, DE) WilmingtonJobs DEJobs ProgrammingJobs",nan,"Hiring Software Engineering at JPMorgan Chase Bank, N.A. (Wilmington, DE) WilmingtonJobs DEJobs ProgrammingJobs",neutral,0.01,0.98,0.01,neutral,0.01,0.98,0.01,True,English,"['JPMorgan Chase Bank, N.A.', 'JPMorgan Chase Bank, N.A.']","['JPMorgan Chase Bank', 'Software Engineering', 'WilmingtonJobs  DEJobs  ProgrammingJobs', 'JPMorgan Chase Bank', 'Software Engineering', 'WilmingtonJobs  DEJobs  ProgrammingJobs']",2021-05-03,Unknown
JPMorgan Chase,3,Twitter,Twitter,"Hiring Application Lead for Fixed income Big Data platform at JPMorgan Chase Bank, N.A. (Jersey City, NJ)…",nan,"Hiring Application Lead for Fixed income Big Data platform at JPMorgan Chase Bank, N.A. (Jersey City, NJ)…",neutral,0.01,0.98,0.01,neutral,0.01,0.98,0.01,True,English,"['JPMorgan Chase Bank', 'JPMorgan Chase Bank']","['Fixed income Big Data platform', 'JPMorgan Chase Bank', 'Application Lead', 'Jersey City', 'NJ', 'Fixed income Big Data platform', 'JPMorgan Chase Bank', 'Application Lead', 'Jersey City', 'NJ']",2021-05-03,Unknown
JPMorgan Chase,3,Twitter,Twitter,"Hiring Software Engineering at JPMorgan Chase Bank, N.A. (Jersey City, NJ) JerseyCityJobs NJJobs Recruiting",nan,"Hiring Software Engineering at JPMorgan Chase Bank, N.A. (Jersey City, NJ) JerseyCityJobs NJJobs Recruiting",neutral,0.01,0.98,0.01,neutral,0.01,0.98,0.01,True,English,"['JPMorgan Chase Bank, N.A.', 'JPMorgan Chase Bank, N.A.']","['Jersey City', 'JPMorgan Chase Bank', 'JerseyCityJobs  NJJobs  Recruiting', 'Software Engineering', 'Jersey City', 'JPMorgan Chase Bank', 'JerseyCityJobs  NJJobs  Recruiting', 'Software Engineering']",2021-05-03,Unknown
JPMorgan Chase,3,Twitter,Twitter,"Hiring JAVA-Microservices Software Engineer at JPMorgan Chase Bank, N.A. (Wilmington, DE)…",nan,"Hiring JAVA-Microservices Software Engineer at JPMorgan Chase Bank, N.A. (Wilmington, DE)…",neutral,0.01,0.98,0.01,neutral,0.01,0.98,0.01,True,English,"['JAVA-Microservices', 'JPMorgan Chase Bank', 'JAVA-Microservices', 'JPMorgan Chase Bank']","['JPMorgan Chase Bank', 'JAVA-Microservices Software Engineer', 'Wilmington', 'JPMorgan Chase Bank', 'JAVA-Microservices Software Engineer', 'Wilmington']",2021-05-03,Unknown
JPMorgan Chase,3,Twitter,Twitter,"Hiring Full Stack Adobe Experience Manager Developer/Architect at JPMorgan Chase Bank, N.A. (Jersey City, NJ)…",nan,"Hiring Full Stack Adobe Experience Manager Developer/Architect at JPMorgan Chase Bank, N.A. (Jersey City, NJ)…",neutral,0.01,0.99,0.0,neutral,0.01,0.99,0.0,True,English,"['Adobe', 'JPMorgan Chase Bank', 'Adobe', 'JPMorgan Chase Bank']","['Architect', 'JPMorgan Chase Bank', 'Stack Adobe Experience Manager Developer', 'Jersey City', 'NJ', 'Architect', 'JPMorgan Chase Bank', 'Stack Adobe Experience Manager Developer', 'Jersey City', 'NJ']",2021-05-03,Unknown
JPMorgan Chase,3,Twitter,Twitter,"Hiring Product Manager SIEM Platform at JPMorgan Chase Bank, N.A. (Wilmington, DE)…",nan,"Hiring Product Manager SIEM Platform at JPMorgan Chase Bank, N.A. (Wilmington, DE)…",neutral,0.01,0.98,0.01,neutral,0.01,0.98,0.01,True,English,"['JPMorgan Chase Bank', 'N.A.', 'JPMorgan Chase Bank', 'N.A.']","['JPMorgan Chase Bank', 'Product Manager SIEM Platform', 'Wilmington', 'JPMorgan Chase Bank', 'Product Manager SIEM Platform', 'Wilmington']",2021-05-03,Unknown
Barclays,4,Google API,https://kfgo.com/2021/04/30/barclays-disperses-1-4-million-of-covid-medical-supplies-in-india/,Barclays disperses $1.4 million of COVID medical supplies in ...,LONDON (Reuters) – British bank Barclays has rushed out 1 million pounds ($1.39 million) worth of medical supplies to staff in India in the past week in the face ...,LONDON (Reuters) – British bank Barclays has rushed out 1 million pounds ($1.39 million) worth of medical supplies to staff in India in the past week in the face ...,neutral,0.0,0.99,0.01,neutral,0.0,0.66,0.34,True,English,"['Barclays', 'COVID', 'Reuters', 'Barclays']","['COVID medical supplies', 'Barclays', 'staff', 'India', 'British bank Barclays', 'Reuters', 'past week', 'worth of medical supplies', 'LONDON', 'pounds', 'face']",2021-05-01,kfgo.com
Barclays,4,Google API,https://www.ft.com/content/28c5a404-db8a-4976-addb-412fefa3db54,Barclays’ quarterly profit almost triples as outlook brightens,"Barclays' first-quarter net profit almost tripled, powered by a brighter economic outlook for the UK and US and another strong performance at the investment ...","Barclays' first-quarter net profit almost tripled, powered by a brighter economic outlook for the UK and US and another strong performance at the investment ...",positive,0.7,0.28,0.02,positive,0.49,0.48,0.03,True,English,"['Barclays', 'Barclays']","['triples', 'outlook', 'Barclays’ quarterly profit', 'UK', 'US', 'brighter economic outlook', 'quarter net profit', 'strong performance', ""Barclays'"", 'investment']",2021-05-01,ft.com
Barclays,4,Google API,https://www.bkreader.com/2021/04/26/thousands-gather-outside-barclays-center-in-brooklyn-for-dmx-memorial/,Thousands Gather Outside Barclays Center In Brooklyn For ...,"Thousands gathered outside the Barclays Center on Saturday for a memorial for legendary rapper DMX. The 50-year-old Yonkers native, born Earl Simmons, ...","Thousands gathered outside the Barclays Center on Saturday for a memorial for legendary rapper DMX. The 50-year-old Yonkers native, born Earl Simmons, ...",neutral,0.03,0.96,0.01,neutral,0.03,0.97,0.0,True,English,[],"['Thousands', 'Barclays Center', 'Brooklyn', 'memorial', 'year-old Yonkers native', 'Earl Simmons', 'Barclays Center', 'legendary rapper DMX', 'Thousands']",2021-04-27,bkreader.com
Barclays,4,Google API,https://dailybusinessgroup.co.uk/2021/04/barclays-profits-double-omega-test-latest/,Darktrace soars on IPO debut; Barclays profits double,"Barclays was the worst performer, down 7%, despite posting a record quarterly profit figure as credit impairment charges were reduced. Cybersecurity firm ...","Barclays was the worst performer, down 7%, despite posting a record quarterly profit figure as credit impairment charges were reduced. Cybersecurity firm ...",neutral,0.02,0.97,0.01,negative,0.0,0.0,1.0,True,English,"['Darktrace', 'Barclays', 'Barclays']","['IPO debut', 'Darktrace soars', 'Barclays profits', 'record quarterly profit figure', 'credit impairment charges', 'Barclays', 'worst performer', 'Cybersecurity firm']",2021-05-01,dailybusinessgroup.co.uk
Barclays,4,Google API,https://www.paymentssource.com/news/barclays-amount-add-installment-loans-for-cobranded-credit-cards,"Barclays, Amount add installment loans","Barclays US, which offers a range of cobranded credit cards targeting middle-income consumers, is adding a buy nowithpay later option for its merchant partners.","Barclays US, which offers a range of cobranded credit cards targeting middle-income consumers, is adding a buy nowithpay later option for its merchant partners.",neutral,0.04,0.94,0.02,neutral,0.01,0.97,0.02,True,English,"['Barclays', 'Barclays US']","['Barclays', 'installment loans', 'middle-income consumers', 'range of cobranded credit cards', 'later option', 'buy', 'merchant partners', 'Barclays US']",2021-04-28,paymentssource.com
Barclays,4,Google API,https://www.finextra.com/newsarticle/37952/barclays-us-and-amount-launch-white-label-bnpl-suite,Barclays US and Amount launch white label BNPL suite,"Barclays US is joining forces with fintech firm Amount to offer merchants a white label point-of-sale buy now, pay later financing service. As the BNPL market ...","Barclays US is joining forces with fintech firm Amount to offer merchants a white label point-of-sale buy now, pay later financing service. As the BNPL market ...",neutral,0.01,0.99,0.0,neutral,0.09,0.87,0.04,True,English,"['Barclays US', 'Amount', 'BNPL', 'Barclays US', 'Amount']","['white label BNPL suite', 'Barclays US', 'sale', 'fintech firm', 'merchants', 'white label point', 'forces', 'Barclays US', 'later financing service', 'BNPL market']",2021-04-28,finextra.com
Barclays,4,Google API,https://www.cityam.com/linkedin-barclays-tesco-and-natwest-ranked-top-three-uk-workplaces/,"LinkedIn: Barclays, Tesco and NatWest ranked top three UK workplaces","Barclays has been crowned the best company to work for, followed by Tesco and NatWest, according to LinkedIn's list of the 25 top workplaces in the UK.","Barclays has been crowned the best company to work for, followed by Tesco and NatWest, according to LinkedIn's list of the 25 top workplaces in the UK.",neutral,0.01,0.98,0.01,positive,0.93,0.07,0.0,True,English,"['LinkedIn', 'Barclays', 'Tesco', 'NatWest', 'Barclays', 'Tesco', 'NatWest', 'LinkedIn']","['NatWest', 'Tesco', 'LinkedIn', 'Barclays', 'UK workplaces', ""LinkedIn's list"", 'workplaces', 'NatWest', 'Barclays', 'best company', 'Tesco', 'UK']",2021-04-29,cityam.com
Barclays,4,Google API,https://www.marketwatch.com/story/barclays-beats-views-as-impairment-charges-tumble-2021-04-30,Barclays beats views as impairment charges tumble,"Barclays PLC is the latest U.K. bank that beat first-quarter expectations, and once again provisions for soured loans played a key role. The bank posted Friday a ...","Barclays PLC is the latest U.K. bank that beat first-quarter expectations, and once again provisions for soured loans played a key role. The bank posted Friday a ...",neutral,0.19,0.79,0.02,negative,0.05,0.3,0.65,True,English,"['Barclays', 'Barclays PLC']","['Barclays', 'views', 'impairment charges', 'bank', 'provisions', 'soured loans', 'key role', 'Barclays PLC', 'quarter expectations']",2021-05-01,marketwatch.com
Barclays,4,Google API,https://www.cmcmarkets.com/en-gb/news-and-analysis/barclays-share-price-continues-to-rise-ahead-of-q1-results,Barclays’ share price continues to rise ahead of Q1 results,"The Barclays share price has been recovering steadily over the last year, hitting its highest levels since late 2019. This positive movement comes on the back of ...","The Barclays share price has been recovering steadily over the last year, hitting its highest levels since late 2019. This positive movement comes on the back of ...",neutral,0.02,0.96,0.02,neutral,0.08,0.88,0.04,True,English,"['Barclays', 'Barclays']","['Barclays’ share price', 'Q1 results', 'year', 'highest levels', 'Barclays', 'price', 'positive movement']",2021-04-29,cmcmarkets.com
Barclays,4,PyNews API,https://www.reuters.com/business/finance/barclays-q1-profit-more-than-doubles-bad-loans-shrink-2021-04-30/,Barclays Q1 profit more than doubles as bad loans shrink - Reuters,"Barclays (BARC.L) reported first quarter profits more than doubled, despite not releasing cash set aside to cover bad loans from the COVID-19 pandemic as its British peers had done.","Barclays (BARC.L) reported first quarter profits more than doubled, despite not releasing cash set aside to cover bad loans from the COVID-19 pandemic as its British peers had done. Barclays booked … [+1108 chars]",negative,0.0,0.0,1.0,negative,0.0,0.01,0.99,True,English,"['Barclays', 'Reuters', 'Barclays', 'BARC', 'L)', 'Barclays']","['doubles', 'bad loans', 'Barclays Q1 profit', 'Reuters', 'Barclays', 'pandemic', 'COVID', 'bad loans', 'British peers', 'cash', 'quarter profits', 'chars']",2021-04-30,reuters.com
Barclays,4,PyNews API,https://www.reuters.com/article/uk-britain-stocks-idUSKBN2CH0QX,"AstraZeneca, Smurfit Kappa pull FTSE 100 higher; Darktrace soars on debut - Reuters","London's FTSE 100 index outshone its European rivals on Friday, boosted by earnings updates from AstraZeneca and Smurfit Kappa which help offset a slump in Barclays shares due to a cautious outlook despite profits beating expectations.","(Reuters) - Londons FTSE 100 index outshone its European rivals on Friday, boosted by earnings updates from AstraZeneca and Smurfit Kappa which help offset a slump in Barclays shares due to a cautiou… [+3103 chars]",neutral,0.0,1.0,0.0,neutral,0.02,0.96,0.02,True,English,"['AstraZeneca', 'Smurfit Kappa', 'Darktrace', 'Reuters', 'Reuters', 'AstraZeneca', 'Smurfit Kappa', 'Barclays']","['FTSE', 'Darktrace soars', 'Smurfit Kappa', 'debut - Reuters', 'AstraZeneca', 'index', 'Smurfit Kappa', 'Londons FTSE', 'earnings updates', 'European rivals', 'AstraZeneca', 'slump', 'Reuters', 'cautiou', 'Barclays']",2021-04-30,reuters.com
Barclays,4,PyNews API,https://markets.businessinsider.com/news/stocks/barclays-ceo-jes-staley-performance-uk-economy-hybrid-work-archegos-2021-4-1030371042,"Barclays CEO Jes Staley discussed his bank's performance, the Archegos debacle, and growth in the UK economy in a new interview. Here are the 8 best quotes. (BCLYF, BCS)","Summary List PlacementBarclays CEO Jes Staley sat down with Bloomberg on Friday to discuss his company's first-quarter performance, growth seen in the UK and US economies, India's battle with COVID, the hybrid work environment, and more.In the interview, Sta…","Traders work on the trading floor of Barclays Bank at Canary Wharf in London, Britain December 7, 2018. REUTERS/Simon Dawson Barclays CEO Jes Staley sat down with Bloomberg on Friday to discuss his… [+3484 chars]",positive,1.0,0.0,0.0,neutral,0.0,0.99,0.01,True,English,"['Barclays', 'BCLYF', 'BCS', 'Barclays Bank', 'REUTERS', 'Barclays', 'Bloomberg']","[""bank's performance"", 'Barclays CEO Jes Staley', 'UK economy', 'Archegos debacle', 'growth', 'new interview', 'best quotes', 'BCLYF', 'BCS', 'trading floor of Barclays Bank', 'Barclays CEO Jes Staley', 'Canary Wharf', 'London', 'Traders work', 'Bloomberg', 'Britain', 'REUTERS', 'Simon Dawson', 'chars']",2021-04-30,markets.businessinsider.com
Barclays,4,PyNews API,https://news.yahoo.com/barclays-boss-predicts-biggest-economic-063128157.html,Barclays boss predicts biggest economic boom since 1948,Jes Staley gives his upbeat assessment on the day Barclays reveals profits have more than doubled.,A surge of Covid-19 in a bastion of support for the Indian prime minister has been met with cover-ups and intimidation as his party workers scramble to limit political damage from the crisis during l… [+5431 chars],neutral,0.02,0.95,0.03,neutral,0.05,0.52,0.43,True,English,['Barclays'],"['biggest economic boom', 'Barclays boss', 'party workers', 'cover-ups', 'Indian prime minister', 'political damage', 'bastion of support', 'intimidation', 'crisis', 'surge of Covid', 'chars']",2021-04-30,news.yahoo.com
Barclays,4,Twitter,Twitter,"✔️Slides 1000/= weareone wearamask staysafe Visit us today in Juja, stretch between Barclays Bank and Northgate…",nan,"✔️Slides 1000/= weareone wearamask staysafe Visit us today in Juja, stretch between Barclays Bank and Northgate…",neutral,0.01,0.99,0.0,neutral,0.01,0.99,0.0,True,English,[],"['Juja', 'weareone  wearamask  staysafe', 'Barclays Bank', '️Slides', 'Northgate', 'Juja', 'weareone  wearamask  staysafe', 'Barclays Bank', '️Slides', 'Northgate']",2021-05-03,Unknown
Barclays,4,Twitter,Twitter,"UK economy to boom and grow fastest since 1948: Barclays boss, Jes StaleyRead more: uk…",nan,"UK economy to boom and grow fastest since 1948: Barclays boss, Jes StaleyRead more: uk…",positive,0.63,0.36,0.01,positive,0.63,0.36,0.01,True,English,"['Barclays', 'Barclays']","['UK economy', 'Jes StaleyRead', 'Barclays boss', 'UK economy', 'Jes StaleyRead', 'Barclays boss']",2021-05-03,Unknown
Barclays,4,Twitter,Twitter,nozzy62 Nigel_Farage I can read perfectly well and that is not what you said at all - you did not mention Barclays Bank.,nan,nozzy62 Nigel_Farage I can read perfectly well and that is not what you said at all - you did not mention Barclays Bank.,positive,0.79,0.0,0.21,positive,0.79,0.0,0.21,True,English,"['Barclays Bank', 'Barclays Bank']","['nozzy62 Nigel', 'Farage', 'Barclays Bank', 'nozzy62 Nigel', 'Farage', 'Barclays Bank']",2021-05-03,Unknown
Barclays,4,Twitter,Twitter,Whom do 1) Murdoch?2)The Barclays?3) The Russians 4) CarrieAntionette want? r4today,nan,Whom do 1) Murdoch?2)The Barclays?3) The Russians 4) CarrieAntionette want? r4today,neutral,0.05,0.92,0.03,neutral,0.05,0.92,0.03,True,English,"['Barclays', 'r4today', 'Barclays', 'r4today']","['Barclays', 'Russians', 'Murdoch', 'CarrieAntionette', 'r4today', 'Barclays', 'Russians', 'Murdoch', 'CarrieAntionette', 'r4today']",2021-05-03,Unknown
Barclays,4,Twitter,Twitter,nozzy62 CarlRAlban Nigel_Farage And the boom Barclays (or at least one of their execs) isn’t Brexit related . Mo…,nan,nozzy62 CarlRAlban Nigel_Farage And the boom Barclays (or at least one of their execs) isn’t Brexit related . Mo…,positive,0.44,0.43,0.13,positive,0.44,0.43,0.13,True,English,"['Barclays', 'Barclays']","['Farage', 'nozzy62 CarlRAlban Nigel', 'boom Barclays', 'execs', 'Brexit', 'Mo', 'Farage', 'nozzy62 CarlRAlban Nigel', 'boom Barclays', 'execs', 'Brexit', 'Mo']",2021-05-03,Unknown
Barclays,4,Twitter,Twitter,Barclays boss predicts biggest economic boom since 1948,nan,Barclays boss predicts biggest economic boom since 1948,neutral,0.02,0.95,0.03,neutral,0.02,0.95,0.03,True,English,"['Barclays', 'Barclays']","['biggest economic boom', 'Barclays boss', 'biggest economic boom', 'Barclays boss']",2021-05-03,Unknown
Barclays,4,Twitter,Twitter,Barclays Pulls Out of Prison-Bond Deal After Controversy $CXW,nan,Barclays Pulls Out of Prison-Bond Deal After Controversy $CXW,negative,0.0,0.02,0.98,negative,0.0,0.02,0.98,True,English,"['Barclays', 'Barclays']","['Prison-Bond Deal', 'Controversy', 'CXW', 'Barclays', 'Prison-Bond Deal', 'Controversy', 'CXW', 'Barclays']",2021-05-03,Unknown
Barclays,4,Twitter,Twitter,Barclays Kicked Out of Business Group Over Prison-Bond Work $CXW,nan,Barclays Kicked Out of Business Group Over Prison-Bond Work $CXW,negative,0.0,0.04,0.96,negative,0.0,0.04,0.96,True,English,"['Barclays', 'Barclays']","['Business Group', 'Prison-Bond Work', 'CXW', 'Barclays', 'Business Group', 'Prison-Bond Work', 'CXW', 'Barclays']",2021-05-03,Unknown
Barclays,4,Twitter,Twitter,JDC_01 Imagine playing in the Barclays arena ?,nan,JDC_01 Imagine playing in the Barclays arena ?,neutral,0.07,0.86,0.07,neutral,0.07,0.86,0.07,True,English,"['Barclays', 'Barclays']","['Barclays arena', 'JDC', 'Barclays arena', 'JDC']",2021-05-03,Unknown
Barclays,4,Twitter,Twitter,$WNBD to receive boost from upcoming Barclays price target hike$BLLB $XLNX $UITA $ABT,nan,$WNBD to receive boost from upcoming Barclays price target hike$BLLB $XLNX $UITA $ABT,neutral,0.47,0.52,0.01,neutral,0.47,0.52,0.01,True,English,"['Barclays', 'Barclays']","['BLLB', 'upcoming Barclays price target hike', 'XLNX', 'boost', 'UITA', 'ABT', 'WNBD', 'BLLB', 'upcoming Barclays price target hike', 'XLNX', 'boost', 'UITA', 'ABT', 'WNBD']",2021-05-03,Unknown
BNP Paribas,5,Google API,https://kfgo.com/2021/04/30/bnp-paribas-beats-expectations-for-q1-as-equity-trading-rebounds/,BNP Paribas beats expectations for Q1 as equity trading ...,"PARIS (Reuters) -France's BNP Paribas on Friday reported a better-than-expected first-quarter profit, helped by lower provisions for pandemic-related bad loans ...","PARIS (Reuters) -France's BNP Paribas on Friday reported a better-than-expected first-quarter profit, helped by lower provisions for pandemic-related bad loans ...",neutral,0.29,0.66,0.05,negative,0.08,0.04,0.88,True,English,"['BNP Paribas', 'Reuters', 'BNP Paribas']","['Q1', 'BNP Paribas beats expectations', 'equity trading', 'lower provisions', 'pandemic-related bad loans', ""France's BNP Paribas"", 'Reuters', 'PARIS', 'quarter profit']",2021-04-30,kfgo.com
BNP Paribas,5,Google API,https://www.ft.com/content/5e4bd0b8-6b20-4fb7-965c-3d682146d85a,BNP Paribas boosted by equity trading rebound and lower provisions,"A rebound in equity trading and lower provisions for bad loans helped boost first-quarter results from BNP Paribas, although the French bank's fixed-income ...","A rebound in equity trading and lower provisions for bad loans helped boost first-quarter results from BNP Paribas, although the French bank's fixed-income ...",neutral,0.02,0.97,0.01,negative,0.1,0.24,0.66,True,English,"['BNP Paribas', 'BNP Paribas']","['equity trading rebound', 'lower provisions', 'BNP Paribas', 'lower provisions', 'bad loans', 'BNP Paribas', 'equity trading', 'quarter results', ""French bank's fixed-income"", 'rebound']",2021-05-01,ft.com
BNP Paribas,5,Google API,https://www.reuters.com/business/finance/bnp-paribas-applies-set-up-securities-firm-china-2021-04-27/,France's BNP Paribas applies to set up a securities firm in China,"""BNP Paribas continues to explore all of its options for growth in the China market, where we have had a long-standing presence and developed a fully-fledged ...","""BNP Paribas continues to explore all of its options for growth in the China market, where we have had a long-standing presence and developed a fully-fledged ...",neutral,0.0,1.0,0.0,neutral,0.25,0.74,0.01,True,English,"['BNP Paribas', 'BNP Paribas']","['securities firm', ""France's BNP Paribas"", 'China', 'options', 'growth', 'China market', 'BNP Paribas', 'presence']",2021-04-28,reuters.com
BNP Paribas,5,Google API,https://www.businesswire.com/news/home/20210429005760/en/%C2%A0Scotiabank-Launches-Innovative-ESG-Investment-Product-Linked-to-the-Inter-American-Development-Bank%E2%80%99s-IndexAmericas-and-jointly-structured-in-partnership-with-BNP-Paribas,Scotiabank Launches Innovative ESG Investment Product ...,BNP Paribas Sales and Structuring built a tailor-made version of the original IndexAmericas to meet Scotiabank's specific needs for the Mexican market and ...,BNP Paribas Sales and Structuring built a tailor-made version of the original IndexAmericas to meet Scotiabank's specific needs for the Mexican market and ...,neutral,0.03,0.97,0.0,neutral,0.0,1.0,0.0,True,English,"['Scotiabank', 'BNP Paribas Sales and Structuring', 'Scotiabank']","['Innovative ESG Investment Product', 'Scotiabank', ""Scotiabank's specific needs"", 'original IndexAmericas', 'tailor-made version', 'Structuring', 'BNP Paribas Sales', 'Mexican market']",2021-04-30,businesswire.com
BNP Paribas,5,Google API,https://www.marketscreener.com/news/latest/Barclays-BNP-Paribas-see-profit-spike-from-stock-trading-frenzy--33115086/,"Barclays, BNP Paribas see profit spike from stock trading frenzy","LONDON/PARIS (Reuters) - Barclays and BNP Paribas reported bumper first-quarter profits on Friday, as an equities trading boom offset a slump in demand for ...","LONDON/PARIS (Reuters) - Barclays and BNP Paribas reported bumper first-quarter profits on Friday, as an equities trading boom offset a slump in demand for ...",neutral,0.01,0.83,0.16,neutral,0.0,0.85,0.15,True,English,"['Barclays', 'BNP Paribas', 'Reuters', 'Barclays', 'BNP Paribas']","['profit spike', 'BNP Paribas', 'stock trading frenzy', 'Barclays', 'BNP Paribas', 'Reuters', 'Barclays', 'bumper', 'slump', 'equities trading boom', 'quarter profits', 'demand', 'PARIS', 'LONDON']",2021-05-01,marketscreener.com
BNP Paribas,5,Google API,https://www.arabnews.com/node/1851786/business-economy,Barclays and BNP Paribas report bumper Q1 profits,"LONDON: Barclays and BNP Paribas reported bumper first-quarter profits on Friday, as an equities trading boom offset a slump in demand for fixed income ...","LONDON: Barclays and BNP Paribas reported bumper first-quarter profits on Friday, as an equities trading boom offset a slump in demand for fixed income ...",neutral,0.0,0.99,0.01,neutral,0.0,0.9,0.1,True,English,"['Barclays', 'BNP Paribas', 'Barclays', 'BNP Paribas']","['BNP Paribas report bumper Q1 profits', 'Barclays', 'slump', 'BNP Paribas', 'demand', 'bumper', 'equities trading boom', 'Barclays', 'quarter profits', 'fixed income', 'LONDON']",2021-05-01,arabnews.com
BNP Paribas,5,Google API,https://economictimes.indiatimes.com/mf/mf-news/retail-investors-could-give-new-fund-offer-of-bnp-paribas-aqua-fund-a-skip/articleshow/82296475.cms,Retail investors could give New Fund Offer of BNP Paribas Aqua Fund a skip,"The scheme will invest in units of BNP Paribas Funds Aqua (Lux), an offshore fund that invests in global companies involved in the water sector. The scheme's ...","The scheme will invest in units of BNP Paribas Funds Aqua (Lux), an offshore fund that invests in global companies involved in the water sector. The scheme's ...",neutral,0.01,0.96,0.03,neutral,0.06,0.9,0.04,True,English,"['BNP Paribas', 'BNP Paribas Funds Aqua', 'Lux']","['New Fund', 'BNP Paribas Aqua Fund', 'skip', 'Retail investors', 'Lux', 'units of BNP Paribas Funds Aqua', 'global companies', 'offshore fund', 'water sector', ""scheme's""]",2021-04-29,economictimes.indiatimes.com
BNP Paribas,5,Google API,https://www.globaltimes.cn/page/202104/1222287.shtml,China accepts France's BNP Paribas' application to set up ...,The China Securities Regulatory Commission (CSRC) on Tuesday accepted France-based BNP Paribas' application for the establishment of a securities firm in ...,The China Securities Regulatory Commission (CSRC) on Tuesday accepted France-based BNP Paribas' application for the establishment of a securities firm in ...,neutral,0.01,0.99,0.0,neutral,0.0,1.0,0.0,True,English,"['BNP Paribas', 'China Securities Regulatory Commission', 'CSRC', 'BNP Paribas']","['application', 'China', ""France's BNP Paribas"", 'securities firm', 'China Securities Regulatory Commission', 'application', 'CSRC', 'establishment', 'France-based BNP Paribas']",2021-04-28,globaltimes.cn
BNP Paribas,5,Google API,https://www.responsible-investor.com/articles/people-and-appointments-bnp-paribas-am-appoints-global-sustainability-research-head-partners-group-hiring-head-of-impact,People and Appointments: BNP Paribas AM appoints global ...,"Alex Bernhardt has joined BNP Paribas Asset Management as its Global Head of Sustainability Research. Bernhardt, who will also be responsible for BNPP ...","Alex Bernhardt has joined BNP Paribas Asset Management as its Global Head of Sustainability Research. Bernhardt, who will also be responsible for BNPP ...",neutral,0.02,0.97,0.01,neutral,0.06,0.93,0.01,True,English,"['BNP Paribas AM', 'BNP Paribas Asset Management', 'BNPP']","['Appointments', 'BNP Paribas', 'People', 'Alex Bernhardt', 'BNP Paribas Asset Management', 'Global Head of Sustainability Research', 'BNPP']",2021-04-27,responsible-investor.com
BNP Paribas,5,PyNews API,https://www.reuters.com/business/finance/bnp-paribas-applies-set-up-securities-firm-china-2021-04-27/,BNP Paribas applies to set up a securities firm in China - Reuters,China's securities regulator on Tuesday received application from France's BNP Paribas (BNPP.PA) to set up a securities company in China.,China's securities regulator on Tuesday received application from France's BNP Paribas (BNPP.PA) to set up a securities company in China. The application status was revealed on the website of China … [+352 chars],neutral,0.0,1.0,0.0,neutral,0.0,0.97,0.03,True,English,"['BNP Paribas', 'Reuters', 'BNP Paribas', 'BNPP']","['securities firm', 'China - Reuters', 'BNP Paribas', 'application status', 'website of China', 'securities company', ""China's securities regulator"", ""France's BNP Paribas"", 'chars']",2021-04-27,reuters.com
BNP Paribas,5,PyNews API,https://www.reuters.com/article/china-bnp-paribas-idUSL1N2MK0MV,UPDATE 1-France's BNP Paribas applies to set up a securities firm in China - Reuters.com,"China's securities regulator has received an application from France's BNP Paribas to set up a securities company in China, the latest foreign player to try to expand into brokerage services in the country as it opens up its capital markets.","By Reuters Staff (Adds details, background) BEIJING, April 27 (Reuters) - Chinas securities regulator has received an application from Frances BNP Paribas to set up a securities company in China, t… [+1303 chars]",neutral,0.0,1.0,0.0,neutral,0.0,1.0,0.0,True,English,"['BNP Paribas', 'Reuters', 'Reuters.com', 'Reuters', 'Reuters', 'BNP Paribas']","[""France's BNP Paribas"", 'UPDATE', 'securities firm', 'China -', 'securities company', 'Chinas securities regulator', 'Reuters Staff', 'application', 'Frances BNP Paribas', 'details', 'background', 'chars', 'BEIJING']",2021-04-27,reuters.com
BNP Paribas,5,PyNews API,https://www.reuters.com/business/finance/bnp-paribas-beats-expectations-q1-equity-trading-rebounds-2021-04-30/,BNP Paribas beats expectations for Q1 as equity trading rebounds - Reuters,"France's BNP Paribas (BNPP.PA) on Friday reported a better-than-expected first-quarter profit, helped by lower provisions for pandemic-related bad loans and a rebound in its equity trading business.","The BNP Paribas logo is seen at a branch in Paris, France, February 4, 2020. REUTERS/Benoit TessierFrance's BNP Paribas (BNPP.PA) on Friday reported a better-than-expected first-quarter profit, helpe… [+1882 chars]",neutral,0.1,0.86,0.04,positive,0.5,0.48,0.02,True,English,"['BNP Paribas', 'Reuters', 'BNP Paribas', 'REUTERS', 'BNP Paribas', 'BNPP']","['Q1', 'equity trading rebounds - Reuters', 'BNP Paribas beats expectations', 'BNP Paribas logo', ""Benoit TessierFrance's BNP Paribas"", 'branch', 'REUTERS', 'helpe', 'quarter profit', 'Paris', 'chars']",2021-04-30,reuters.com
BNP Paribas,5,PyNews API,https://finance.yahoo.com/news/bnp-paribas-debt-traders-bailed-045839036.html,BNP Paribas Debt Traders Are Bailed Out by Equities in Reversal,(Bloomberg) -- BNP Paribas SA relied on lower provisions for bad loans and a resurgence of its equities business to boost earnings as its fixed-income...,(Bloomberg) -- BNP Paribas SA relied on lower provisions for bad loans and a resurgence of its equities business to boost earnings as its fixed-income traders missed out on a global rally. Revenue … [+2999 chars],negative,0.0,0.02,0.98,negative,0.04,0.45,0.51,True,English,"['BNP Paribas', 'BNP Paribas SA']","['BNP Paribas Debt Traders', 'Equities', 'Reversal', 'lower provisions', 'earnings', 'resurgence', 'bad loans', 'fixed-income traders', 'BNP Paribas SA', 'equities business', 'global rally', 'Revenue', 'chars']",2021-04-30,finance.yahoo.com
BNP Paribas,5,PyNews API,https://finance.yahoo.com/news/bnp-paribas-beats-expectations-q1-052124103.html,BNP Paribas beats expectations for Q1 as equity trading rebounds,"PARIS (Reuters) -France's BNP Paribas on Friday reported a better-than-expected first-quarter profit, helped by lower provisions for pandemic-related bad...",Photo Illustration by The Daily Beast / Photos via GettyA confession letter written by Joel Greenberg in the final months of the Trump presidency claims that he and close associate Rep. Matt Gaetz pa… [+14845 chars],neutral,0.24,0.71,0.05,neutral,0.0,0.95,0.05,True,English,"['BNP Paribas', 'The Daily Beast', 'GettyA']","['Q1', 'BNP Paribas beats expectations', 'equity trading rebounds', 'GettyA confession letter', 'close associate', 'Daily Beast', 'final months', 'Photos', 'Joel Greenberg', 'Trump presidency claims', 'Matt Gaetz pa', 'Photo Illustration', 'chars']",2021-04-30,finance.yahoo.com
BNP Paribas,5,PyNews API,https://finance.yahoo.com/news/gencell-raises-us-14-3-181700054.html,GenCell Raises US$14.3 million from a Series of Institutional International Investors,"GenCell Energy, (TASE: GNCL), a leading Israeli-based manufacturer of fuel cell energy solutions, announces a substantial investment in the Company's shares ...","Among the Investors in GenCell, a Leader in the Green Energy Space who has Developed Ammonia-to-Energy Technologies, a Group Led by the BNP Paribas Energy Transition Fund PETAH TIKVA, Israel, April… [+5296 chars]",neutral,0.0,1.0,0.0,neutral,0.19,0.81,0.0,True,English,"['GenCell', 'GenCell', 'BNP Paribas Energy Transition Fund']","['Series of Institutional International Investors', 'US', 'GenCell', 'Energy Technologies', 'Green Energy Space', 'BNP Paribas Energy Transition Fund', 'Leader', 'Ammonia', 'Group', 'GenCell', 'PETAH TIKVA', 'Israel', 'Investors']",2021-04-29,finance.yahoo.com
BNP Paribas,5,Twitter,Twitter,"The banks and acquirers behind the initiative include Deutsche Bank, BNP Paribas, ING, UniCredit and Santander and…",nan,"The banks and acquirers behind the initiative include Deutsche Bank, BNP Paribas, ING, UniCredit and Santander and…",neutral,0.01,0.97,0.02,neutral,0.01,0.97,0.02,True,English,"['Deutsche Bank', 'BNP Paribas', 'ING', 'UniCredit', 'Santander', 'Deutsche Bank', 'BNP Paribas', 'ING', 'UniCredit', 'Santander']","['BNP Paribas', 'initiative', 'ING', 'Deutsche Bank', 'acquirers', 'UniCredit', 'Santander', 'banks', 'BNP Paribas', 'initiative', 'ING', 'Deutsche Bank', 'acquirers', 'UniCredit', 'Santander', 'banks']",2021-05-03,Unknown
BNP Paribas,5,Twitter,Twitter,"Manishi_R , head of Asia-Pacific equity research at BNP Paribas, tells IamPuneetW in an interview that a renewed…",nan,"Manishi_R , head of Asia-Pacific equity research at BNP Paribas, tells IamPuneetW in an interview that a renewed…",neutral,0.04,0.94,0.02,neutral,0.04,0.94,0.02,True,English,"['BNP Paribas', 'IamPuneetW', 'BNP Paribas', 'IamPuneetW']","['Pacific equity research', 'head of Asia', 'BNP Paribas', 'IamPuneetW', 'interview', 'Manishi', 'Pacific equity research', 'head of Asia', 'BNP Paribas', 'IamPuneetW', 'interview', 'Manishi']",2021-05-03,Unknown
BNP Paribas,5,Twitter,Twitter,The first quarter BNPPResults are solid. We continue to support our clients to contribute to a successful and sust…,nan,The first quarter BNPPResults are solid. We continue to support our clients to contribute to a successful and sust…,positive,0.98,0.02,0.0,positive,0.98,0.02,0.0,True,English,[],"['quarter  BNPPResults', 'clients', 'quarter  BNPPResults', 'clients']",2021-05-03,Unknown
BNP Paribas,5,Twitter,Twitter,BNP Paribas is looking for an Associate - Corporate Credit Management - General Industrials &amp; Consumer. See here fo…,nan,BNP Paribas is looking for an Associate - Corporate Credit Management - General Industrials &amp; Consumer. See here fo…,neutral,0.03,0.92,0.05,neutral,0.03,0.92,0.05,True,English,"['BNP Paribas', 'Industrials &', '; Consumer', 'BNP Paribas', 'Industrials &', '; Consumer']","['Associate - Corporate Credit Management - General Industrials', 'amp', 'Consumer', 'BNP Paribas', 'fo', 'Associate - Corporate Credit Management - General Industrials', 'amp', 'Consumer', 'BNP Paribas', 'fo']",2021-05-03,Unknown
BNP Paribas,5,Twitter,Twitter,BNP Paribas. easy re-election victory. Voter turnout was lower than in a,nan,BNP Paribas. easy re-election victory. Voter turnout was lower than in a,mixed,0.5,0.18,0.32,mixed,0.5,0.18,0.32,True,English,"['BNP Paribas', 'BNP Paribas']","['easy re-election victory', 'Voter turnout', 'BNP Paribas', 'easy re-election victory', 'Voter turnout', 'BNP Paribas']",2021-05-02,Unknown
BNP Paribas,5,Twitter,Twitter,$BNPQF $BNPQY - BNP Paribas's Q1 Results Show A Broad-Based Recovery. business markets stocks,nan,$BNPQF $BNPQY - BNP Paribas's Q1 Results Show A Broad-Based Recovery. business markets stocks,neutral,0.03,0.96,0.01,neutral,0.03,0.96,0.01,True,English,"['BNP Paribas', 'BNP Paribas']","[""BNPQY - BNP Paribas's Q1 Results"", 'BNPQF', 'Recovery', 'business  markets  stocks', ""BNPQY - BNP Paribas's Q1 Results"", 'BNPQF', 'Recovery', 'business  markets  stocks']",2021-05-02,Unknown
BNP Paribas,5,Twitter,Twitter,$BNPQF Earnings Intelligence Analysis of recent earnings identified BNP Paribas ( OTCQX:BNPQF ) business focus on (…,nan,$BNPQF Earnings Intelligence Analysis of recent earnings identified BNP Paribas ( OTCQX:BNPQF ) business focus on (…,neutral,0.01,0.98,0.01,neutral,0.01,0.98,0.01,True,English,"['BNP Paribas', 'BNP Paribas']","['BNPQF Earnings Intelligence Analysis of recent earnings', 'OTCQX', 'BNP Paribas', 'business focus', 'BNPQF Earnings Intelligence Analysis of recent earnings', 'OTCQX', 'BNP Paribas', 'business focus']",2021-05-02,Unknown
BNP Paribas,5,Twitter,Twitter,"Barclays, BNP Paribas See Equities Bonanza Outweigh Fixed Income Slide",nan,"Barclays, BNP Paribas See Equities Bonanza Outweigh Fixed Income Slide",neutral,0.08,0.63,0.29,neutral,0.08,0.63,0.29,True,English,"['Barclays', 'BNP Paribas', 'Barclays', 'BNP Paribas']","['Equities Bonanza', 'BNP Paribas', 'Fixed Income Slide', 'Barclays', 'Equities Bonanza', 'BNP Paribas', 'Fixed Income Slide', 'Barclays']",2021-05-02,Unknown
BNP Paribas,5,Twitter,Twitter,Newspaper publishing BNP Paribas and the Shenandoah Valley Commuter Bus!,nan,Newspaper publishing BNP Paribas and the Shenandoah Valley Commuter Bus!,neutral,0.01,0.98,0.01,neutral,0.01,0.98,0.01,True,English,"['BNP Paribas', 'BNP Paribas']","['Newspaper publishing BNP Paribas', 'Shenandoah Valley Commuter Bus', 'Newspaper publishing BNP Paribas', 'Shenandoah Valley Commuter Bus']",2021-05-02,Unknown
BNP Paribas,5,Twitter,Twitter,"BNPPAM_NL podcast: "" Greenbonds have grown and matured as a fixedincome segment over the past decade. The need f…",nan,"BNPPAM_NL podcast: "" Greenbonds have grown and matured as a fixedincome segment over the past decade. The need f…",positive,0.49,0.38,0.13,positive,0.49,0.38,0.13,True,English,[],"['BNPPAM', 'NL  podcast', 'Greenbonds', 'fixedincome segment', 'past decade', 'need f', 'BNPPAM', 'NL  podcast', 'Greenbonds', 'fixedincome segment', 'past decade', 'need f']",2021-05-02,Unknown
