﻿Searchword,Searchword_id,Source,Link,Date,Title,Article,Summary,Title_Sentiment,Title_Positive,Title_Neutral,Title_Negative,Article_Sentiment,Article_Positive,Article_Neutral,Article_Negative,Verified,Verified_Flag,Found_Keywords,NER,Topics
Clearstream,0,centralbanking.com,https://www.centralbanking.com/awards/7798106/specialised-lending-initiative-clearstream,2021-03-24,Specialised lending initiative: Clearstream,"Major central banks have responded to the Covid-19 crisis by expanding their unconventional policies, notably asset purchase programmes. The US Federal Reserve and European Central Bank have significantly increased their balance sheets since early 2020 in a bid to maintain loose financing conditions.

In the eurozone, because of its large holdings, the ECB needs to return liquidity to the securities market to make sure it works smoothly. This is carried out through a decentralised securities","Major central banks have responded to the Covid-19 crisis by expanding their unconventional policies, notably asset purchase programmes.
The US Federal Reserve and European Central Bank have significantly increased their balance sheets since early 2020 in a bid to maintain loose financing conditions.
In the eurozone, because of its large holdings, the ECB needs to return liquidity to the securities market to make sure it works smoothly.
This is carried out through a decentralised securities",neutral,0.04,0.95,0.01,negative,0.0,0.06,0.94,,True,-,"'Clearstream''US Federal Reserve', 'ECB', 'European Central Bank'","'Specialised lending initiative', 'Clearstream''securities market', 'decentralised securities', 'European Central Bank', 'Major central banks', 'unconventional policies', 'US Federal Reserve', 'bid', 'asset purchase programmes', 'large holdings', 'ECB', 'loose financing conditions', 'crisis', 'balance sheets', 'liquidity', 'Covid', 'eurozone'"
Clearstream,0,delano.lu,https://delano.lu/d/detail/news/post-brexit-eu-must-foster-much-greater-competitiveness-financial-services/214056,2021-03-25,Post-Brexit: “EU must foster much greater competitiveness in financial services”,"1

27.03.2021

Luxembourg’s annual young scientists contest goes hybrid this year as the public will be able to watch presentations from all participants virtually.",127.03.2021Luxembourg’s annual young scientists contest goes hybrid this year as the public will be able to watch presentations from all participants virtually.,neutral,0.42,0.55,0.03,neutral,0.01,0.97,0.02,Clearstream is not subject of the title.,False,-,'EU',"'EU', 'greater competitiveness', 'financial services', 'Post-Brexit''hybrid', 'year', 'Luxembourg’s annual young scientists contest', 'public', 'presentations', 'participants'"
Clearstream,0,marketscreener.com,https://www.marketscreener.com/news/latest/Poland-withholding-tax-on-mortgage-bonds-no-longer-applicable--32826625/,2021-03-29,Poland: withholding tax on mortgage bonds no longer applicable,Clearstream Banking1 would like to inform customers that local depository Citi Handlowy (CITI) confirmed that no withholding tax must be withheld on discounts ...,Clearstream Banking1 would like to inform customers that local depository Citi Handlowy (CITI) confirmed that no withholding tax must be withheld on discounts ...,neutral,0.01,0.97,0.02,neutral,0.43,0.53,0.04,Clearstream is not subject of the title.,False,-,"'CITI', 'Clearstream Banking1', 'Citi Handlowy'","'mortgage bonds', 'withholding tax', 'Poland''local depository Citi Handlowy', 'customers', 'withholding tax', 'discounts', 'Clearstream Banking1'"
Clearstream,0,marketscreener.com,https://www.marketscreener.com/news/latest/Canada-Relief-at-source-for-foreign-shares-in-collective-safe-custody--32784515/,2021-03-25,Canada: Relief at source for foreign shares in collective safe ...,"This announcement reflects the dividend events, taking place in 2021, distributed from Canadian shares in collective safe custody and includes the Clearstream ...","This announcement reflects the dividend events, taking place in 2021, distributed from Canadian shares in collective safe custody and includes the Clearstream ...",positive,0.9,0.1,0.0,neutral,0.26,0.73,0.01,Clearstream is not subject of the title.,False,-,'Clearstream',"'source', 'foreign shares', 'Relief', 'Canada''collective safe custody', 'Canadian shares', 'dividend events', 'place', 'Clearstream', 'announcement'"
Clearstream,0,ksusentinel.com,https://ksusentinel.com/2021/03/22/peripheral-vascular-device-market-to-experience-astonishing-growth-players-jotec-gmbh-william-cook-europe-aps-clearstream-technologies-ltd/,2021-03-22,"Players – Jotec GmbH, William Cook Europe ApS, ClearStream Technologies Ltd. – KSU","The Peripheral Vascular Device Market is expected to grow at a CAGR of 6.4% and is poised to reach US$XX Billion by 2027 as compared to US$XX Billion in 2020. The factors leading to this extraordinary growth is attributed to various market dynamics discussed in the report Our experts have examined the market from a 360 degree perspective thereby producing a report which is definitely going to impact your business decisions.

This Peripheral Vascular Device Market report of DECISIVE MARKETS INSIGHTS is for those industries who want to explore new market avenues,get in-depth insights of the products, maximize their revenue and review the strategies implemented by the prominent leaders in the market. The report is well equipped with the facts and figures which is expected to boost the market performance and impede the growth rate of the market during the forecasted period. The report is also enriched with the challenges faced by the market leaders, new entrants and emerging players.

To avail Sample Copy of report, visit @ https://decisivemarketsinsights.com/peripheral-vascular-devices-market/58080793/request-sample

Key Companies Operating in this Market

Medtronic, Inc.

Aesculap AG

Angiomed GmbH &Co. Medizintechnik KG

Terumo Corporation

ENDOLOGIX, Inc.

Abbott Laboratories Vascular Enterprises Limited

Jotec GmbH

William Cook Europe ApS

ClearStream Technologies Ltd.

Bolton Medical, Inc.

Boston Scientific Corporation

Microport

Lepu

Bioteq

curative medical devices gmbh

Market by Type

Peripheral vascular stents

PTA balloon catheter

Embolic protection device

Aortic stent graft

Surgical artificial transplant

Market by Application

The treatment of peripheral blood vessels damaged

The treatment of peripheral blood vessels blockage

This report showcases the current and forthcoming technological enhancement with the various trends in the market. The research study attracts attention to market valuation, market estimation, and market statistics. The report is designed in such a manner that it covers all the key factors affecting the growth rate of the global market, consisting of the demand supply scenario, profit margins, pricing culture, production and value chain analysis.

IMPACT OF COVID-19

The report also depicts the impact of COVID-19 and how the pandemic has affected the various sectors of the global economy. The report emphasizes on the outbreak faced by the industry on its production and the disrupted demands. The report also emphasizes on the financial impact faced by the industry.

In order to make a pre-order inquiry, kindly click on the link below:-

https://decisivemarketsinsights.com/peripheral-vascular-devices-market/58080793/pre-order-enquiry

KEY FACTORS

• The report consists of a vast amount of data about the recent development in products and technology.

• The report is well equipped with the primary and secondary data which helps to analyze the market size and various others parameters.

• The report also showcases the behavior of the customers which may affect the future market and continuously transforming market strategies.

• The report provides strategies which can be adopted to make their decisions firmly and easily with the help of market trends which is available.

The Peripheral Vascular Device Market report is checked at every stage and it is assured that the report goes through intensive primary and secondary research. The report is produced keeping every aspect of the economy in a balance point so that each and every point come to existence whether it is marketing strategy or financial strategy so that the industry is benefitted in every phase. The insights in the report includes a graphical presentation of numbers in the forms of HISTOGRAM, PIE CHART, and BAR DIAGRAMS. The report aims to forecast the growth rate of the industry as per the data and to showcase the challenges and opportunities the industry may face in future and how it would be helpful for the industry with this report to be well prepared for the outcomes which they desire.

To inquire about the discount, kindly fill the form by clicking on the link below:-

https://decisivemarketsinsights.com/peripheral-vascular-devices-market/58080793/request-discount

Reasons to Buy a Full Report

• In depth analysis by industry experts

• Use of data triangulation method for examining the various aspects of the market

• Detailed profiling of the major competitors in the market

• A complete overview of the market landscape

• Computed Annual Growth Rate is calculated for period, 2020 – 2025

Kindly contact us and our expert will get back to you within 30 minutes:

Decisive Markets Insights

Sunil Kumar

Sales Head

Email – [email protected]

US +18317045538

UK +441256636046","The Peripheral Vascular Device Market is expected to grow at a CAGR of 6.4% and is poised to reach US$XX Billion by 2027 as compared to US$XX Billion in 2020.
The report is also enriched with the challenges faced by the market leaders, new entrants and emerging players.
The research study attracts attention to market valuation, market estimation, and market statistics.
• The report also showcases the behavior of the customers which may affect the future market and continuously transforming market strategies.
The Peripheral Vascular Device Market report is checked at every stage and it is assured that the report goes through intensive primary and secondary research.",neutral,0.0,1.0,0.0,mixed,0.48,0.2,0.32,,True,-,"'KSU', 'William Cook Europe ApS', 'Jotec GmbH', 'ClearStream Technologies Ltd.''Abbott Laboratories Vascular Enterprises Limited', 'Medtronic, Inc.', 'Terumo Corporation', 'Jotec GmbH', 'Europe', 'ClearStream Technologies Ltd.', 'Bolton Medical, Inc.', 'Boston Scientific Corporation', 'Microport', 'gmbh', 'Angiomed GmbH &Co. Medizintechnik KG', 'Bioteq', 'Aesculap AG', 'ENDOLOGIX, Inc.'","'William', 'Europe ApS', 'Jotec GmbH', 'ClearStream Technologies', 'Players', 'KSU''market strategies', 'market leaders', 'future market', 'global market', 'market valuation', 'market estimation', 'market landscape', 'market size', 'market statistics', 'market performance', 'various market dynamics', 'new market avenues', 'help of market trends', 'Peripheral Vascular Device Market report of DECISIVE MARKETS INSIGHTS', 'Sample Copy of report', 'industry experts', 'Peripheral vascular stents', 'various trends', 'Annual Growth Rate', 'various sectors', 'various aspects', 'extraordinary growth', 'secondary data', 'key factors', 'financial impact', 'IMPACT OF COVID', 'treatment of peripheral blood vessels blockage', 'in-depth insights', 'production', 'financial strategy', 'products', 'secondary research', 'Embolic protection device', 'global economy', 'challenges', 'Key Companies', 'Angiomed GmbH', 'Jotec GmbH', 'link', 'Kindly contact', 'Email', 'point', 'Abbott Laboratories Vascular Enterprises Limited', 'Use of data triangulation method', 'curative medical devices gmbh', 'new entrants', 'marketing strategy', 'prominent leaders', 'research study', 'depth analysis', 'forecasted period', 'Bolton Medical', 'Terumo Corporation', 'business decisions', 'value chain analysis', 'pre-order inquiry', 'Boston Scientific Corporation', 'pricing culture', 'profit margins', 'demand supply scenario', 'attention', 'forms of HISTOGRAM', 'forthcoming technological enhancement', 'PIE CHART', 'industries', 'graphical presentation of numbers', 'recent development', 'emerging players', 'major competitors', 'BAR DIAGRAMS', 'Detailed profiling', 'technology', 'existence', 'pandemic', 'complete overview', 'customers', 'opportunities', 'parameters', 'degree perspective', 'disrupted demands', 'William', 'Europe ApS', 'PTA balloon catheter', 'Aortic stent graft', 'Surgical artificial transplant', 'balance', 'Medizintechnik', 'revenue', 'facts', 'behavior', 'manner', 'outbreak', 'stage', 'Aesculap AG', 'ClearStream Technologies', 'Sunil Kumar', 'Sales Head', 'discount', 'figures', 'outcomes', 'phase', 'Reasons', 'Type', 'Application', 'CAGR', 'Medtronic', 'ENDOLOGIX', 'Microport', 'Lepu', 'Bioteq', 'minutes', 'UK'"
Clearstream,0,ksusentinel.com,https://ksusentinel.com/2021/03/25/global-self-expanding-stents-market-report-2021-abbottaesculapstrykerandramedbaltonbiotronikbraileclearstreamcordisella-cs/,2021-03-25,"Global Self Expanding Stents Market Report 2021: Abbott,Aesculap,Stryker,Andramed,Balton,Biotronik,Braile,Clearstream,Cordis,ELLA-CS – KSU","A comprehensive report on Self Expanding Stents Market was published by MR Accuracy Reports to understand the complete setup of Self Expanding Stents Market industries. Effective qualitative and quantitative analysis techniques have been used to examine the data accurately. Variable factors that comprise basis for a successful business, such as vendors, sellers, as well as investors are analysed in the report. It focuses on size and framework of global Self Expanding Stents Market sectors to understand the existing structure of several industries. Challenges faced by the industries and approaches adopted by them to overcome those threats has been included. This research report is helpful for both established businesses as well as start-ups in the market. Furthermore, the report is ideally and characteristically punctuated with illustrative presentation. Researchers of this report provide a detailed investigation of the historical records, current statistics, and future predictions.

FREE | Request Sample is Available @ https://www.mraccuracyreports.com/report-sample/199073

Profiling Key players: Abbott,Aesculap,Stryker,Andramed,Balton,Biotronik,Braile,Clearstream,Cordis,ELLA-CS,Endo-Flex,Endocor,Eucatech,HEXACATH,InSitu,iVascular,Medinol,MicroVention,Pauldrach,Phenox,Rontis,Stentys

Based on products type, the report describes major products type share of regional market. Products mentioned as follows: Mental,Plastic.

The report defines major Application share of worldwide market. Application mentioned as follows: Peripheral Nervous System,Digestive System,Artery,Respiratory System.

Highlights of the report:

Comprehensive assessment of all opportunities and risk in the global market.

Self Expanding Stents Market recent innovations and major events.

Detailed study of business strategies for growth of the Self Expanding Stents Market leading players.

Conclusive study about the growth plot of Self Expanding Stents Market for forthcoming years.

In-depth understanding of Self Expanding Stents Market -particular drivers, constraints and major micro markets.

Favourable impression inside vital technological and market latest trends striking the Self Expanding Stents Market.

Request Report TOC (Table of Contents) @ https://www.mraccuracyreports.com/report-sample/199073

In This Study, The Years Considered to Estimate the Size of Self Expanding Stents Market are as Follows:

History Year: 2014-2019

Base Year: 2019

Estimated Year: 2020

Forecast Year 2020 to 2026

Table of Content:

Market Overview

Competition Analysis by Players

Company (Top Players) Profiles

Self Expanding Stents Market Size by Type and Application

US Market Status and Outlook

EU Development Market Status and Outlook

Japan Market Development Status and Outlook

China Market Status and Outlook

India Global Self Expanding Stents Market Status and Outlook

Southeast Asia Market Status and Outlook

Market Forecast by Region, Type, and Application

Market Dynamics

Market Effect Factor Analysis

Research Finding/ Conclusion

Appendix

Lastly, this report provides market intelligence in the most comprehensive way. The report structure has been kept such that it offers maximum business value. It provides critical insights on the market dynamics and will enable strategic decision making for the existing market players as well as those willing to enter the market.

Exclusive Offer: Flat Up to 40% Discount on this report : https://www.mraccuracyreports.com/check-discount/199073

If you have any special requirements, please let us know and we will offer you the report as per your requirements.

Thanks for reading this article; you can also get individual chapter wise section or region wise report version like North America, Europe or Asia.

Contact Us:

MR Accuracy Reports

30 Crawley Lane, West Sussex,

RH10 7EG, United Kingdom

Tel – USA +1 8045001224,

APAC- +91 7350728100.

Email : [email protected]

Website : www.mraccuracyreports.com","A comprehensive report on Self Expanding Stents Market was published by MR Accuracy Reports to understand the complete setup of Self Expanding Stents Market industries.
It focuses on size and framework of global Self Expanding Stents Market sectors to understand the existing structure of several industries.
Detailed study of business strategies for growth of the Self Expanding Stents Market leading players.
In-depth understanding of Self Expanding Stents Market -particular drivers, constraints and major micro markets.
Favourable impression inside vital technological and market latest trends striking the Self Expanding Stents Market.",neutral,0.0,1.0,0.0,mixed,0.48,0.15,0.37,Clearstream is not subject of the title.,False,1x fine,"'Aesculap', 'Andramed', 'Abbott', 'ELLA-CS', 'Biotronik', 'Cordis', 'Braile', 'Clearstream', 'KSU', 'Stryker', 'Balton''Cordis', 'Braile', 'iVascular', 'MR Accuracy', 'APAC', 'MicroVention', 'Stentys', 'Endocor', 'Stents Market', 'Stryker', 'MR Accuracy Reports', 'Rontis', 'Self', 'Aesculap', 'Andramed', 'Abbott', 'Medinol', 'Biotronik', 'HEXACATH', 'Eucatech', 'InSitu', 'Balton', 'Pauldrach', 'Endo-Flex', 'ELLA-CS', 'Phenox', 'Clearstream', 'EU'","'Abbott', 'Biotronik', 'Balton', 'Andramed', 'Global Self Expanding Stents Market Report', 'Aesculap', 'Braile', 'Stryker', 'Clearst', 'KSU''global market', 'Market Dynamics', 'Market Forecast', 'market intelligence', 'Market Overview', 'Size of Self Expanding Stents Market', 'Self Expanding Stents Market Size', 'US Market Status', 'China Market Status', 'existing market players', 'Self Expanding Stents Market leading players', 'growth plot of Self Expanding Stents Market', 'Self Expanding Stents Market recent innovations', 'market latest trends', 'India Global Self Expanding Stents Market Status', 'framework of global Self Expanding Stents Market sectors', 'complete setup of Self Expanding Stents Market industries', 'EU Development Market Status', 'Japan Market Development Status', 'Southeast Asia Market Status', 'Market Effect Factor Analysis', 'comprehensive report', 'In-depth understanding of Self Expanding Stents Market -particular drivers', 'major Application share of worldwide market', 'research report', 'report structure', 'major products type share of regional market', 'Outlook', 'Request Report TOC', 'region wise report version', 'Forecast Year', 'major events', 'History Year', 'Base Year', 'Estimated Year', 'Profiling Key players', 'Detailed study of business strategies', 'Digestive System', 'major micro markets', 'Respiratory System', 'successful business', 'MR Accuracy Reports', 'Comprehensive assessment', 'comprehensive way', 'existing structure', 'Conclusive study', 'Competition Analysis', 'Email', 'Peripheral Nervous System', 'quantitative analysis techniques', 'maximum business value', 'detailed investigation', 'forthcoming years', 'Request Sample', 'Table of Contents', 'Research Finding', 'Exclusive Offer', 'special requirements', 'individual chapter wise section', 'Aesculap', 'North America', 'constraints', 'Balton', 'Andramed', 'Abbott', 'Stryker', 'Artery', 'current statistics', 'historical records', 'strategic decision', 'Biotronik', 'Europe', 'opportunities', 'risk', 'Favourable impression', 'established businesses', 'Braile', 'basis', 'future predictions', 'Crawley Lane', 'West Sussex', 'Clearst', 'sellers', 'vendors', 'start-ups', 'critical insights', 'Variable factors', 'RH10', 'United Kingdom', 'article', 'Conclusion', 'Challenges', 'approaches', 'Company', 'Profiles', 'Discount', 'investors', 'Researchers', 'illustrative presentation', 'USA', 'Thanks', 'Plastic', 'Highlights', 'data', 'threats', 'Appendix', 'APAC', 'Website'"
Clearstream,0,centralbanking.com,https://www.centralbanking.com/awards/7814696/central-banking-awards-2021-final-winners-unveiled,2021-03-24,Central Banking Awards 2021: final winners unveiled,"The final group of winners in Central Banking’s 2021 awards were unveiled today (March 24), with prizes going for the central bank of the year, economics paper, risk managers and more.

The awards were judged by members of the Central Banking editorial team and editorial advisory board, after an extensive process of interviews, research and client reference checks.

Central bank of the year: The Federal Reserve System is recognised this year with the overall Central bank of the year award.

The","The final group of winners in Central Banking’s 2021 awards were unveiled today (March 24), with prizes going for the central bank of the year, economics paper, risk managers and more.
The awards were judged by members of the Central Banking editorial team and editorial advisory board, after an extensive process of interviews, research and client reference checks.
Central bank of the year: The Federal Reserve System is recognised this year with the overall Central bank of the year award.",neutral,0.02,0.98,0.0,mixed,0.36,0.26,0.38,Clearstream is not subject of the title.,False,-,"'Central Banking', 'Federal Reserve System'","'final winners', 'Central Banking Awards''Central Banking’s', 'overall Central bank', 'year award', 'Central Banking editorial team', 'awards', 'editorial advisory board', 'research', 'extensive process of interviews', 'economics paper', 'members', 'client reference checks', 'final group of winners', 'Federal Reserve System', 'risk managers', 'prizes'"
Clearstream,0,bisouv.com,https://bisouv.com/uncategorized/3316043/peripheral-vascular-devices-market-size-outlook-share-demand-manufacturers-and-forecast-to-2027-medtronic-inc-angiomed-gmbh-%EF%BC%86co-medizintechnik-kg/,2021-03-22,"Peripheral Vascular Devices Market Size, Outlook, Share, Demand, Manufacturers And Forecast To 2027","“

The report titled Global Peripheral Vascular Devices Market is one of the most comprehensive and important additions to QY Research’s archive of market research studies. It offers detailed research and analysis of key aspects of the global Peripheral Vascular Devices market. The market analysts authoring this report have provided in-depth information on leading growth drivers, restraints, challenges, trends, and opportunities to offer a complete analysis of the global Peripheral Vascular Devices market. Market participants can use the analysis on market dynamics to plan effective growth strategies and prepare for future challenges beforehand. Each trend of the global Peripheral Vascular Devices market is carefully analyzed and researched about by the market analysts.The market analysts and researchers have done extensive analysis of the global Peripheral Vascular Devices market with the help of research methodologies such as PESTLE and Porter’s Five Forces analysis. They have provided accurate and reliable market data and useful recommendations with an aim to help the players gain an insight into the overall present and future market scenario. The Peripheral Vascular Devices report comprises in-depth study of the potential segments including product type, application, and end user and their contribution to the overall market size.

Get PDF Sample Copy of Report: (Including TOC, List of Tables & Figures, Chart) https://www.qyresearch.com/sample-form/form/1937567/global-peripheral-vascular-devices-market

In addition, market revenues based on region and country are provided in the Peripheral Vascular Devices report. The authors of the report have also shed light on the common business tactics adopted by players. The leading players of the global Peripheral Vascular Devices market and their complete profiles are included in the report. Besides that, investment opportunities, recommendations, and trends that are trending at present in the global Peripheral Vascular Devices market are mapped by the report. With the help of this report, the key players of the global Peripheral Vascular Devices market will be able to make sound decisions and plan their strategies accordingly to stay ahead of the curve.

Competitive landscape is a critical aspect every key player needs to be familiar with. The report throws light on the competitive scenario of the global Peripheral Vascular Devices market to know the competition at both the domestic and global levels. Market experts have also offered the outline of every leading player of the global Peripheral Vascular Devices market, considering the key aspects such as areas of operation, production, and product portfolio. Additionally, companies in the report are studied based on the key factors such as company size, market share, market growth, revenue, production volume, and profits.

Key Players Mentioned: Medtronic, Inc., Angiomed GmbH ＆Co. Medizintechnik KG, Abbott Laboratories Vascular Enterprises Limited, Terumo Corporation, ENDOLOGIX, Inc., William Cook Europe ApS, Bolton Medical, Inc., Jotec GmbH, ClearStream Technologies Ltd., Aesculap AG, Boston Scientific Corporation, curative medical devices gmbh, Lepu, Microport, Bioteq

Market Segmentation by Product: Peripheral vascular stents

PTA balloon catheter

Embolic protection device

Aortic stent graft

Surgical artificial transplant



Market Segmentation by Application: The treatment of peripheral blood vessels damaged

The treatment of peripheral blood vessels blockage



The Peripheral Vascular Devices Market report has been segregated based on distinct categories, such as product type, application, end user, and region. Each and every segment is evaluated on the basis of CAGR, share, and growth potential. In the regional analysis, the report highlights the prospective region, which is estimated to generate opportunities in the global Peripheral Vascular Devices market in the forthcoming years. This segmental analysis will surely turn out to be a useful tool for the readers, stakeholders, and market participants to get a complete picture of the global Peripheral Vascular Devices market and its potential to grow in the years to come.

Key questions answered in the report:

What is the growth potential of the Peripheral Vascular Devices market?

Which product segment will grab a lion’s share?

Which regional market will emerge as a frontrunner in coming years?

Which application segment will grow at a robust rate?

What are the growth opportunities that may emerge in Peripheral Vascular Devices industry in the years to come?

What are the key challenges that the global Peripheral Vascular Devices market may face in future?

Which are the leading companies in the global Peripheral Vascular Devices market?

Which are the key trends positively impacting the market growth?

Which are the growth strategies considered by the players to sustain hold in the global Peripheral Vascular Devices market?

Request for customization in Report: https://www.qyresearch.com/customize-request/form/1937567/global-peripheral-vascular-devices-market

Table of Contents:

1 Study Coverage

1.1 Peripheral Vascular Devices Product Introduction

1.2 Market by Type

1.2.1 Global Peripheral Vascular Devices Market Size Growth Rate by Type

1.2.2 Peripheral vascular stents

1.2.3 PTA balloon catheter

1.2.4 Embolic protection device

1.2.5 Aortic stent graft

1.2.6 Surgical artificial transplant

1.3 Market by Application

1.3.1 Global Peripheral Vascular Devices Market Size Growth Rate by Application

1.3.2 The treatment of peripheral blood vessels damaged

1.3.3 The treatment of peripheral blood vessels blockage

1.4 Study Objectives

1.5 Years Considered

2 Executive Summary

2.1 Global Peripheral Vascular Devices Market Size Estimates and Forecasts

2.1.1 Global Peripheral Vascular Devices Revenue 2015-2026

2.1.2 Global Peripheral Vascular Devices Sales 2015-2026

2.2 Peripheral Vascular Devices Market Size by Region: 2020 Versus 2026

2.3 Peripheral Vascular Devices Sales by Region (2015-2026)

2.3.1 Global Peripheral Vascular Devices Sales by Region: 2015-2020

2.3.2 Global Peripheral Vascular Devices Sales Forecast by Region (2021-2026)

2.3.3 Global Peripheral Vascular Devices Sales Market Share by Region (2015-2026)

2.4 Peripheral Vascular Devices Market Estimates and Projections by Region (2021-2026)

2.4.1 Global Peripheral Vascular Devices Revenue by Region: 2015-2020

2.4.2 Global Peripheral Vascular Devices Revenue Forecast by Region (2021-2026)

2.4.3 Global Peripheral Vascular Devices Revenue Market Share by Region (2015-2026)

3 Global Peripheral Vascular Devices by Manufacturers

3.1 Global Top Peripheral Vascular Devices Manufacturers by Sales

3.1.1 Global Peripheral Vascular Devices Sales by Manufacturer (2015-2020)

3.1.2 Global Peripheral Vascular Devices Sales Market Share by Manufacturer (2015-2019)

3.2 Global Top Peripheral Vascular Devices Manufacturers by Revenue

3.2.1 Global Peripheral Vascular Devices Revenue by Manufacturer (2015-2020)

3.2.2 Global Peripheral Vascular Devices Revenue Share by Manufacturer (2015-2020)

3.3 Global Peripheral Vascular Devices Price by Manufacturer (2015-2020)

3.4 Competitive Landscape

3.4.1 Key Peripheral Vascular Devices Manufacturers Covered: Ranking by Revenue

3.4.2 Global Peripheral Vascular Devices Market Concentration Ratio (CR5 and HHI) & (2015-2020)

3.4.3 Global Peripheral Vascular Devices Market Share by Company Type (Tier 1, Tier 2 and Tier 3)

3.5 Global Peripheral Vascular Devices Manufacturing Base Distribution, Product Type

3.5.1 Peripheral Vascular Devices Manufacturers Manufacturing Base Distribution, Headquarters

3.5.2 Manufacturers Peripheral Vascular Devices Product Type

3.5.3 Date of International Manufacturers Enter into Peripheral Vascular Devices Market

3.6 Manufacturers Mergers & Acquisitions, Expansion Plans

4 Company Profiles

4.1 Medtronic, Inc.

4.1.1 Medtronic, Inc. Corporation Information

4.1.2 Medtronic, Inc. Description, Business Overview

4.1.3 Medtronic, Inc. Peripheral Vascular Devices Products Offered

4.1.4 Medtronic, Inc. Peripheral Vascular Devices Sales, Revenue and Gross Margin (2015-2020)

4.1.5 Medtronic, Inc. Peripheral Vascular Devices Revenue by Product

4.1.6 Medtronic, Inc. Peripheral Vascular Devices Revenue by Application

4.1.7 Medtronic, Inc. Peripheral Vascular Devices Revenue by Geographic Area

4.1.8 Medtronic, Inc. Peripheral Vascular Devices Revenue by Sales Channel

4.1.9 Medtronic, Inc. Recent Development

4.2 Angiomed GmbH ＆Co. Medizintechnik KG

4.2.1 Angiomed GmbH ＆Co. Medizintechnik KG Corporation Information

4.2.2 Angiomed GmbH ＆Co. Medizintechnik KG Description, Business Overview

4.2.3 Angiomed GmbH ＆Co. Medizintechnik KG Peripheral Vascular Devices Products Offered

4.2.4 Angiomed GmbH ＆Co. Medizintechnik KG Peripheral Vascular Devices Sales, Revenue and Gross Margin (2015-2020)

4.2.5 Angiomed GmbH ＆Co. Medizintechnik KG Peripheral Vascular Devices Revenue by Product

4.2.6 Angiomed GmbH ＆Co. Medizintechnik KG Peripheral Vascular Devices Revenue by Application

4.2.7 Angiomed GmbH ＆Co. Medizintechnik KG Peripheral Vascular Devices Revenue by Geographic Area

4.2.8 Angiomed GmbH ＆Co. Medizintechnik KG Peripheral Vascular Devices Revenue by Sales Channel

4.2.9 Angiomed GmbH ＆Co. Medizintechnik KG Recent Development

4.3 Abbott Laboratories Vascular Enterprises Limited

4.3.1 Abbott Laboratories Vascular Enterprises Limited Corporation Information

4.3.2 Abbott Laboratories Vascular Enterprises Limited Description, Business Overview

4.3.3 Abbott Laboratories Vascular Enterprises Limited Peripheral Vascular Devices Products Offered

4.3.4 Abbott Laboratories Vascular Enterprises Limited Peripheral Vascular Devices Sales, Revenue and Gross Margin (2015-2020)

4.3.5 Abbott Laboratories Vascular Enterprises Limited Peripheral Vascular Devices Revenue by Product

4.3.6 Abbott Laboratories Vascular Enterprises Limited Peripheral Vascular Devices Revenue by Application

4.3.7 Abbott Laboratories Vascular Enterprises Limited Peripheral Vascular Devices Revenue by Geographic Area

4.3.8 Abbott Laboratories Vascular Enterprises Limited Peripheral Vascular Devices Revenue by Sales Channel

4.3.9 Abbott Laboratories Vascular Enterprises Limited Recent Development

4.4 Terumo Corporation

4.4.1 Terumo Corporation Corporation Information

4.4.2 Terumo Corporation Description, Business Overview

4.4.3 Terumo Corporation Peripheral Vascular Devices Products Offered

4.4.4 Terumo Corporation Peripheral Vascular Devices Sales, Revenue and Gross Margin (2015-2020)

4.4.5 Terumo Corporation Peripheral Vascular Devices Revenue by Product

4.4.6 Terumo Corporation Peripheral Vascular Devices Revenue by Application

4.4.7 Terumo Corporation Peripheral Vascular Devices Revenue by Geographic Area

4.4.8 Terumo Corporation Peripheral Vascular Devices Revenue by Sales Channel

4.4.9 Terumo Corporation Recent Development

4.5 ENDOLOGIX, Inc.

4.5.1 ENDOLOGIX, Inc. Corporation Information

4.5.2 ENDOLOGIX, Inc. Description, Business Overview

4.5.3 ENDOLOGIX, Inc. Peripheral Vascular Devices Products Offered

4.5.4 ENDOLOGIX, Inc. Peripheral Vascular Devices Sales, Revenue and Gross Margin (2015-2020)

4.5.5 ENDOLOGIX, Inc. Peripheral Vascular Devices Revenue by Product

4.5.6 ENDOLOGIX, Inc. Peripheral Vascular Devices Revenue by Application

4.5.7 ENDOLOGIX, Inc. Peripheral Vascular Devices Revenue by Geographic Area

4.5.8 ENDOLOGIX, Inc. Peripheral Vascular Devices Revenue by Sales Channel

4.5.9 ENDOLOGIX, Inc. Recent Development

4.6 William Cook Europe ApS

4.6.1 William Cook Europe ApS Corporation Information

4.6.2 William Cook Europe ApS Description, Business Overview

4.6.3 William Cook Europe ApS Peripheral Vascular Devices Products Offered

4.6.4 William Cook Europe ApS Peripheral Vascular Devices Sales, Revenue and Gross Margin (2015-2020)

4.6.5 William Cook Europe ApS Peripheral Vascular Devices Revenue by Product

4.6.6 William Cook Europe ApS Peripheral Vascular Devices Revenue by Application

4.6.7 William Cook Europe ApS Peripheral Vascular Devices Revenue by Geographic Area

4.6.8 William Cook Europe ApS Recent Development

4.7 Bolton Medical, Inc.

4.7.1 Bolton Medical, Inc. Corporation Information

4.7.2 Bolton Medical, Inc. Description, Business Overview

4.7.3 Bolton Medical, Inc. Peripheral Vascular Devices Products Offered

4.7.4 Bolton Medical, Inc. Peripheral Vascular Devices Sales, Revenue and Gross Margin (2015-2020)

4.7.5 Bolton Medical, Inc. Peripheral Vascular Devices Revenue by Product

4.7.6 Bolton Medical, Inc. Peripheral Vascular Devices Revenue by Application

4.7.7 Bolton Medical, Inc. Peripheral Vascular Devices Revenue by Geographic Area

4.7.8 Bolton Medical, Inc. Recent Development

4.8 Jotec GmbH

4.8.1 Jotec GmbH Corporation Information

4.8.2 Jotec GmbH Description, Business Overview

4.8.3 Jotec GmbH Peripheral Vascular Devices Products Offered

4.8.4 Jotec GmbH Peripheral Vascular Devices Sales, Revenue and Gross Margin (2015-2020)

4.8.5 Jotec GmbH Peripheral Vascular Devices Revenue by Product

4.8.6 Jotec GmbH Peripheral Vascular Devices Revenue by Application

4.8.7 Jotec GmbH Peripheral Vascular Devices Revenue by Geographic Area

4.8.8 Jotec GmbH Recent Development

4.9 ClearStream Technologies Ltd.

4.9.1 ClearStream Technologies Ltd. Corporation Information

4.9.2 ClearStream Technologies Ltd. Description, Business Overview

4.9.3 ClearStream Technologies Ltd. Peripheral Vascular Devices Products Offered

4.9.4 ClearStream Technologies Ltd. Peripheral Vascular Devices Sales, Revenue and Gross Margin (2015-2020)

4.9.5 ClearStream Technologies Ltd. Peripheral Vascular Devices Revenue by Product

4.9.6 ClearStream Technologies Ltd. Peripheral Vascular Devices Revenue by Application

4.9.7 ClearStream Technologies Ltd. Peripheral Vascular Devices Revenue by Geographic Area

4.9.8 ClearStream Technologies Ltd. Recent Development

4.10 Aesculap AG

4.10.1 Aesculap AG Corporation Information

4.10.2 Aesculap AG Description, Business Overview

4.10.3 Aesculap AG Peripheral Vascular Devices Products Offered

4.10.4 Aesculap AG Peripheral Vascular Devices Sales, Revenue and Gross Margin (2015-2020)

4.10.5 Aesculap AG Peripheral Vascular Devices Revenue by Product

4.10.6 Aesculap AG Peripheral Vascular Devices Revenue by Application

4.10.7 Aesculap AG Peripheral Vascular Devices Revenue by Geographic Area

4.10.8 Aesculap AG Recent Development

4.11 Boston Scientific Corporation

4.11.1 Boston Scientific Corporation Corporation Information

4.11.2 Boston Scientific Corporation Description, Business Overview

4.11.3 Boston Scientific Corporation Peripheral Vascular Devices Products Offered

4.11.4 Boston Scientific Corporation Peripheral Vascular Devices Sales, Revenue and Gross Margin (2015-2020)

4.11.5 Boston Scientific Corporation Peripheral Vascular Devices Revenue by Product

4.11.6 Boston Scientific Corporation Peripheral Vascular Devices Revenue by Application

4.11.7 Boston Scientific Corporation Peripheral Vascular Devices Revenue by Geographic Area

4.11.8 Boston Scientific Corporation Recent Development

4.12 curative medical devices gmbh

4.12.1 curative medical devices gmbh Corporation Information

4.12.2 curative medical devices gmbh Description, Business Overview

4.12.3 curative medical devices gmbh Peripheral Vascular Devices Products Offered

4.12.4 curative medical devices gmbh Peripheral Vascular Devices Sales, Revenue and Gross Margin (2015-2020)

4.12.5 curative medical devices gmbh Peripheral Vascular Devices Revenue by Product

4.12.6 curative medical devices gmbh Peripheral Vascular Devices Revenue by Application

4.12.7 curative medical devices gmbh Peripheral Vascular Devices Revenue by Geographic Area

4.12.8 curative medical devices gmbh Recent Development

4.13 Lepu

4.13.1 Lepu Corporation Information

4.13.2 Lepu Description, Business Overview

4.13.3 Lepu Peripheral Vascular Devices Products Offered

4.13.4 Lepu Peripheral Vascular Devices Sales, Revenue and Gross Margin (2015-2020)

4.13.5 Lepu Peripheral Vascular Devices Revenue by Product

4.13.6 Lepu Peripheral Vascular Devices Revenue by Application

4.13.7 Lepu Peripheral Vascular Devices Revenue by Geographic Area

4.13.8 Lepu Recent Development

4.14 Microport

4.14.1 Microport Corporation Information

4.14.2 Microport Description, Business Overview

4.14.3 Microport Peripheral Vascular Devices Products Offered

4.14.4 Microport Peripheral Vascular Devices Sales, Revenue and Gross Margin (2015-2020)

4.14.5 Microport Peripheral Vascular Devices Revenue by Product

4.14.6 Microport Peripheral Vascular Devices Revenue by Application

4.14.7 Microport Peripheral Vascular Devices Revenue by Geographic Area

4.14.8 Microport Recent Development

4.15 Bioteq

4.15.1 Bioteq Corporation Information

4.15.2 Bioteq Description, Business Overview

4.15.3 Bioteq Peripheral Vascular Devices Products Offered

4.15.4 Bioteq Peripheral Vascular Devices Sales, Revenue and Gross Margin (2015-2020)

4.15.5 Bioteq Peripheral Vascular Devices Revenue by Product

4.15.6 Bioteq Peripheral Vascular Devices Revenue by Application

4.15.7 Bioteq Peripheral Vascular Devices Revenue by Geographic Area

4.15.8 Bioteq Recent Development

5 Breakdown Data by Type

5.1 Global Peripheral Vascular Devices Sales by Type (2015-2026)

5.1.1 Global Peripheral Vascular Devices Sales by Type (2015-2020)

5.1.2 Global Peripheral Vascular Devices Sales Forecast by Type (2021-2026)

5.1.3 Global Peripheral Vascular Devices Sales Market Share by Type (2015-2026)

5.2 Global Peripheral Vascular Devices Revenue Forecast by Type (2015-2026)

5.2.1 Global Peripheral Vascular Devices Revenue by Type (2015-2020)

5.2.2 Global Peripheral Vascular Devices Revenue Forecast by Type (2021-2026)

5.2.3 Global Peripheral Vascular Devices Revenue Market Share by Type (2015-2026)

5.3 Peripheral Vascular Devices Average Selling Price (ASP) by Type (2015-2026)

6 Breakdown Data by Application

6.1 Global Peripheral Vascular Devices Sales by Application (2015-2026)

6.1.1 Global Peripheral Vascular Devices Sales by Application (2015-2020)

6.1.2 Global Peripheral Vascular Devices Sales Forecast by Application (2021-2026)

6.1.3 Global Peripheral Vascular Devices Sales Market Share by Application (2015-2026)

6.2 Global Peripheral Vascular Devices Revenue Forecast by Application (2015-2026)

6.2.1 Global Peripheral Vascular Devices Revenue by Application (2015-2020)

6.2.2 Global Peripheral Vascular Devices Revenue Forecast by Application (2021-2026)

6.2.3 Global Peripheral Vascular Devices Revenue Market Share by Application (2015-2026)

6.3 Peripheral Vascular Devices Average Selling Price (ASP) by Application (2015-2026)

7 North America

7.1 North America Peripheral Vascular Devices Market Size YoY Growth 2015-2026

7.2 North America Peripheral Vascular Devices Market Facts & Figures by Country

7.2.1 North America Peripheral Vascular Devices Sales by Country (2015-2026)

7.2.2 North America Peripheral Vascular Devices Revenue by Country (2015-2026)

7.3 North America Peripheral Vascular Devices Sales by Type

7.4 North America Peripheral Vascular Devices Sales by Application

8 Asia-Pacific

8.1 Asia-Pacific Peripheral Vascular Devices Market Size YoY Growth 2015-2026

8.2 Asia-Pacific Peripheral Vascular Devices Market Facts & Figures by Region

8.2.1 Asia-Pacific Peripheral Vascular Devices Sales by Region (2015-2026)

8.2.2 Asia-Pacific Peripheral Vascular Devices Revenue by Region (2015-2026)

8.3 Asia-Pacific Peripheral Vascular Devices Sales by Type

8.4 Asia-Pacific Peripheral Vascular Devices Sales by Application

9 Europe

9.1 Europe Peripheral Vascular Devices Market Size YoY Growth 2015-2026

9.2 Europe Peripheral Vascular Devices Market Facts & Figures by Country

9.2.1 Europe Peripheral Vascular Devices Sales by Country (2015-2026)

9.2.2 Europe Peripheral Vascular Devices Revenue by Country (2015-2026)

9.3 Europe Peripheral Vascular Devices Sales by Type

9.4 Europe Peripheral Vascular Devices Sales by Application

10 Latin America

10.1 Latin America Peripheral Vascular Devices Market Size YoY Growth 2015-2026

10.2 Latin America Peripheral Vascular Devices Market Facts & Figures by Country

10.2.1 Latin America Peripheral Vascular Devices Sales by Country (2015-2026)

10.2.2 Latin America Peripheral Vascular Devices Revenue by Country (2015-2026)

10.3 Latin America Peripheral Vascular Devices Sales by Type

10.4 Latin America Peripheral Vascular Devices Sales by Application

11 Middle East and Africa

11.1 Middle East and Africa Peripheral Vascular Devices Market Size YoY Growth 2015-2026

11.2 Middle East and Africa Peripheral Vascular Devices Market Facts & Figures by Country

11.2.1 Middle East and Africa Peripheral Vascular Devices Sales by Country (2015-2026)

11.2.2 Middle East and Africa Peripheral Vascular Devices Revenue by Country (2015-2026)

11.3 Middle East and Africa Peripheral Vascular Devices Sales by Type

11.4 Middle East and Africa Peripheral Vascular Devices Sales by Application

12 Supply Chain and Sales Channel Analysis

12.1 Peripheral Vascular Devices Supply Chain Analysis

12.2 Peripheral Vascular Devices Key Raw Materials and Upstream Suppliers

12.3 Peripheral Vascular Devices Clients Analysis

12.4 Peripheral Vascular Devices Sales Channel and Sales Model Analysis

12.4.1 Peripheral Vascular Devices Distribution Channel Analysis: Indirect Sales VS Direct Sales

12.4.2 Peripheral Vascular Devices Distribution Channel Analysis: Online Sales VS Offline Sales

12.4.3 Peripheral Vascular Devices Distributors

13 Market Dynamics

13.1 Peripheral Vascular Devices Market Drivers

13.2 Peripheral Vascular Devices Market Opportunities

13.3 Peripheral Vascular Devices Market Challenges

13.4 Peripheral Vascular Devices Market Restraints

13.5 Porter’s Five Forces Analysis

14 Research Findings and Conclusion

15 Appendix

15.1 Research Methodology

15.1.1 Methodology/Research Approach

15.1.2 Data Source

15.2 Author Details

15.3 Disclaimer

In Order to place the Purchase Query Click Here:

https://www.qyresearch.com/settlement/pre/1937567/global-peripheral-vascular-devices-market

About Us:

QY Research established in 2007, focus on custom research, management consulting, IPO consulting, industry chain research, data base and seminar services. The company owned a large basic data base (such as National Bureau of statistics database, Customs import and export database, Industry Association Database etc), expert’s resources (included energy automotive chemical medical ICT consumer goods etc.

”","Each trend of the global Peripheral Vascular Devices market is carefully analyzed and researched about by the market analysts.The market analysts and researchers have done extensive analysis of the global Peripheral Vascular Devices market with the help of research methodologies such as PESTLE and Porter’s Five Forces analysis.
Request for customization in Report: https://www.qyresearch.com/customize-request/form/1937567/global-peripheral-vascular-devices-marketTable of Contents:1 Study Coverage1.1 Peripheral Vascular Devices Product Introduction1.2 Market by Type1.2.1 Global Peripheral Vascular Devices Market Size Growth Rate by Type1.2.2 Peripheral vascular stents1.2.3 PTA balloon catheter1.2.4 Embolic protection device1.2.5 Aortic stent graft1.2.6 Surgical artificial transplant1.3 Market by Application1.3.1 Global Peripheral Vascular Devices Market Size Growth Rate by Application1.3.2 The treatment of peripheral blood vessels damaged1.3.3 The treatment of peripheral blood vessels blockage1.4 Study Objectives1.5 Years Considered2 Executive Summary2.1 Global Peripheral Vascular Devices Market Size Estimates and Forecasts2.1.1 Global Peripheral Vascular Devices Revenue 2015-20262.1.2 Global Peripheral Vascular Devices Sales 2015-20262.2 Peripheral Vascular Devices Market Size by Region: 2020 Versus 20262.3 Peripheral Vascular Devices Sales by Region (2015-2026)2.3.1 Global Peripheral Vascular Devices Sales by Region: 2015-20202.3.2 Global Peripheral Vascular Devices Sales Forecast by Region (2021-2026)2.3.3 Global Peripheral Vascular Devices Sales Market Share by Region (2015-2026)2.4 Peripheral Vascular Devices Market Estimates and Projections by Region (2021-2026)2.4.1 Global Peripheral Vascular Devices Revenue by Region: 2015-20202.4.2 Global Peripheral Vascular Devices Revenue Forecast by Region (2021-2026)2.4.3 Global Peripheral Vascular Devices Revenue Market Share by Region (2015-2026)3 Global Peripheral Vascular Devices by Manufacturers3.1 Global Top Peripheral Vascular Devices Manufacturers by Sales3.1.1 Global Peripheral Vascular Devices Sales by Manufacturer (2015-2020)3.1.2 Global Peripheral Vascular Devices Sales Market Share by Manufacturer (2015-2019)3.2 Global Top Peripheral Vascular Devices Manufacturers by Revenue3.2.1 Global Peripheral Vascular Devices Revenue by Manufacturer (2015-2020)3.2.2 Global Peripheral Vascular Devices Revenue Share by Manufacturer (2015-2020)3.3 Global Peripheral Vascular Devices Price by Manufacturer (2015-2020)3.4 Competitive Landscape3.4.1 Key Peripheral Vascular Devices Manufacturers Covered: Ranking by Revenue3.4.2 Global Peripheral Vascular Devices Market Concentration Ratio (CR5 and HHI) & (2015-2020)3.4.3 Global Peripheral Vascular Devices Market Share by Company Type (Tier 1, Tier 2 and Tier 3)3.5 Global Peripheral Vascular Devices Manufacturing Base Distribution, Product Type3.5.1 Peripheral Vascular Devices Manufacturers Manufacturing Base Distribution, Headquarters3.5.2 Manufacturers Peripheral Vascular Devices Product Type3.5.3 Date of International Manufacturers Enter into Peripheral Vascular Devices Market3.6 Manufacturers Mergers & Acquisitions, Expansion Plans4 Company Profiles4.1 Medtronic, Inc.4.1.1 Medtronic, Inc.
Medizintechnik KG Recent Development4.3 Abbott Laboratories Vascular Enterprises Limited4.3.1 Abbott Laboratories Vascular Enterprises Limited Corporation Information4.3.2 Abbott Laboratories Vascular Enterprises Limited Description, Business Overview4.3.3 Abbott Laboratories Vascular Enterprises Limited Peripheral Vascular Devices Products Offered4.3.4 Abbott Laboratories Vascular Enterprises Limited Peripheral Vascular Devices Sales, Revenue and Gross Margin (2015-2020)4.3.5 Abbott Laboratories Vascular Enterprises Limited Peripheral Vascular Devices Revenue by Product4.3.6 Abbott Laboratories Vascular Enterprises Limited Peripheral Vascular Devices Revenue by Application4.3.7 Abbott Laboratories Vascular Enterprises Limited Peripheral Vascular Devices Revenue by Geographic Area4.3.8 Abbott Laboratories Vascular Enterprises Limited Peripheral Vascular Devices Revenue by Sales Channel4.3.9 Abbott Laboratories Vascular Enterprises Limited Recent Development4.4 Terumo Corporation4.4.1 Terumo Corporation Corporation Information4.4.2 Terumo Corporation Description, Business Overview4.4.3 Terumo Corporation Peripheral Vascular Devices Products Offered4.4.4 Terumo Corporation Peripheral Vascular Devices Sales, Revenue and Gross Margin (2015-2020)4.4.5 Terumo Corporation Peripheral Vascular Devices Revenue by Product4.4.6 Terumo Corporation Peripheral Vascular Devices Revenue by Application4.4.7 Terumo Corporation Peripheral Vascular Devices Revenue by Geographic Area4.4.8 Terumo Corporation Peripheral Vascular Devices Revenue by Sales Channel4.4.9 Terumo Corporation Recent Development4.5 ENDOLOGIX, Inc.4.5.1 ENDOLOGIX, Inc.
Recent Development4.8 Jotec GmbH4.8.1 Jotec GmbH Corporation Information4.8.2 Jotec GmbH Description, Business Overv",neutral,0.0,1.0,0.0,mixed,0.66,0.23,0.11,Clearstream is not subject of the title.,False,1x claim,"'QY Research', 'Terumo Corporation', 'ClearStream Technologies Ltd.', 'PESTLE', 'Lepu', 'Porter', 'Microport', 'Medtronic, Inc.', 'Boston Scientific Corporation', 'William Cook Europe ApS', 'Aesculap AG', 'Angiomed GmbH ＆Co.', 'Jotec GmbH', 'curative medical devices gmbh', 'Abbott Laboratories Vascular Enterprises Limited', 'Bolton Medical, Inc.', 'Medizintechnik KG', 'Bioteq', 'ENDOLOGIX, Inc.'","'Outlook', 'Share', 'Peripheral Vascular Devices Market Size', 'Demand', 'Manufacturers', 'Forecast''Global Peripheral Vascular Devices Market', 'Peripheral Vascular Devices Market report', 'market growth', 'Peripheral Vascular Devices report', 'market share', 'market analysts', 'Market participants', 'Market Segmentation', 'regional market', 'market dynamics', 'market revenues', 'Market experts', 'Peripheral Vascular Devices industry', 'Peripheral vascular stents', 'future market scenario', 'overall market size', 'reliable market data', 'global levels', 'key players', 'QY Research’s archive of market research studies', 'curative medical devices gmbh', 'treatment of peripheral blood vessels blockage', 'analysis of key aspects', 'growth potential', 'key challenges', 'key trends', 'growth opportunities', 'Abbott Laboratories Vascular Enterprises Limited', 'complete analysis', 'key factors', 'leading players', 'Key questions', 'regional analysis', 'PDF Sample Copy of Report', 'leading growth drivers', 'extensive analysis', 'Forces analysis', 'effective growth strategies', 'segmental analysis', 'product segment', 'product type', 'application segment', 'product portfolio', 'future challenges', 'leading companies', 'potential segments', 'investment opportunities', 'forthcoming years', 'help of research methodologies', 'Jotec GmbH', 'complete picture', 'Angiomed GmbH', 'complete profiles', 'end user', 'overall present', 'competitive scenario', 'detailed research', 'useful recommendations', 'lion’s share', 'light', 'prospective region', 'Terumo Corporation', 'Bolton Medical', 'in-depth study', 'in-depth information', 'company size', 'production volume', 'Competitive landscape', 'useful tool', 'Boston Scientific Corporation', 'Aesculap AG', 'ENDOLOGIX', 'William', 'Medizintechnik', 'PESTLE', 'Lepu', 'restraints', 'ClearStream Technologies', 'important additions', 'TOC', 'Porter’s', 'critical aspect', 'readers', 'stakeholders', 'areas of operation', 'Microport', 'contribution', 'researchers', 'country', 'Europe ApS', 'List of Tables', 'competition', 'Figures', 'common business tactics', 'aim', 'insight', 'frontrunner', 'outline', 'Medtronic', 'sound decisions', 'basis of CAGR', 'distinct categories', 'Chart', 'profits', 'Bioteq', 'robust rate', 'PTA balloon catheter', 'Embolic protection device', 'Aortic stent graft', 'Surgical artificial transplant', 'Request', 'customization', 'authors', 'curve'"
Clearstream,0,bisouv.com,https://bisouv.com/world/3443171/student-rfid-tracking-systems-market-forecast-report-on-differential-pressure-sensors-market-2021-2028/,2021-03-25,Student RFID Tracking Systems Market Forecast Report on Differential Pressure Sensors Market 2021-2028 – The Bisouv Network,"“ Global Market Vision has added new key research reports covering the Global Student RFID Tracking Systems Market. The study aims to provide global investors with a revolutionary decision-making tool covering the key fundamentals of the global Student RFID Tracking Systems market. The research report will include the total global resources in the market with historical analysis, key figures including total revenue, total sales, key products and challenges. The report data is derived from extensive primary and secondary information sources with a detailed and reliable overview of the global Student RFID Tracking Systems market. The research report relies on global regulatory bodies as primary sources of data, with independent forecast analysis and objective growth estimates.

A description of financial terms such as shares, cost, revenue and profit margin has been included in this Global Student RFID Tracking Systems market document to better understand the different economic aspects of companies. This industry research report presents a viable insight for the key partners working on it. The report looks at various in-depth, influential, and driving factors that describe the market and industry. The Global Student RFID Tracking Systems market report indicates that the global market is expected to expand significantly during the forecast period. The report has been prepared using primary and secondary research methodologies.

Request a Sample of this report at: https://globalmarketvision.com/sample_request/25302

The Global Student RFID Tracking Systems Market research report covers the profiles of major players in the market: Card Tec, Child Safety, Coresonant Systems Pvt. Ltd., Datalogic SpA, DominateRIFD, GAO RFID, Inc., Magnasoft Consulting India Pvt. Limited – Northstar, Pulse Seventeen, Seon Design, Inc., Clearstream, Sƒ vantData System LLC.

The report also focuses on the global major leading industry players of the Global Student RFID Tracking Systems market providing information such as company profiles, product picture and specification, capacity, production, price, cost, revenue, and contact information. This report focuses on Student RFID Tracking Systems Market Trend, volume, and value at global level, regional level, and company level. From a global perspective, this report represents the overall Student RFID Tracking Systems Market Size by analyzing historical data and future prospects.

Get 20 % Discount on this report: https://globalmarketvision.com/check-discount/25302

Report Contains Specification By Top Players Card Tec, Child Safety, Coresonant Systems Pvt. Ltd., Datalogic SpA, DominateRIFD, GAO RFID, Inc., Magnasoft Consulting India Pvt. Limited – Northstar, Pulse Seventeen, Seon Design, Inc., Clearstream, Sƒ vantData System LLC. Base Year 2020 Historical Data 2015 – 2020 Forecast Period 2021 – 2028 Market Segments Types, Applications, End-Users, and more. By Product Types Tags, Readers, Middleware By Applications / End-User K-12, Higher Education Regional Scope North America (United States, Canada and Mexico), Europe (Germany, France, UK, Russia and Italy), Asia-Pacific (China, Japan, Korea, India and Southeast Asia), South America (Brazil, Argentina, Colombia etc.), Middle East and Africa (Saudi Arabia, UAE, Egypt, Nigeria and South Africa)

Reasons to Buy the Report:

Key Strategic Developments : The study also includes the key strategic developments of the Student RFID Tracking Systems market, comprising R&D, new product launch, M&A, agreements, collaborations, partnerships, joint ventures, and regional growth of the leading competitors operating in the market on a global and regional scale.

: The study also includes the key strategic developments of the Student RFID Tracking Systems market, comprising R&D, new product launch, M&A, agreements, collaborations, partnerships, joint ventures, and regional growth of the leading competitors operating in the market on a global and regional scale. Analytical Tools : The Student RFID Tracking Systems Market Report includes the accurately studied and assessed data of the key industry players and their scope in the market by means of several analytical tools. Analytical tools such as Porter’s five forces analysis, SWOT analysis, feasibility study, and investment return analysis have been used to analyze the growth of the key players operating in the Student RFID Tracking Systems market.

: The Student RFID Tracking Systems Market Report includes the accurately studied and assessed data of the key industry players and their scope in the market by means of several analytical tools. Analytical tools such as Porter’s five forces analysis, SWOT analysis, feasibility study, and investment return analysis have been used to analyze the growth of the key players operating in the Student RFID Tracking Systems market. Key Market Features : The report evaluated key market features, including revenue, price, capacity, capacity utilization rate, gross, production, production rate, consumption, import/export, supply/demand, cost, market share, CAGR, and gross margin. In addition, the study offers a comprehensive study of the key market dynamics and their latest trends, along with pertinent market segments and sub-segments.

: The report evaluated key market features, including revenue, price, capacity, capacity utilization rate, gross, production, production rate, consumption, import/export, supply/demand, cost, market share, CAGR, and gross margin. In addition, the study offers a comprehensive study of the key market dynamics and their latest trends, along with pertinent market segments and sub-segments. Customization of the Report: This report can be customized as per your needs for additional data up to 3 companies or countries or 40 hours of analyst support.

Request a Sample Get Discount Buy Now

Key questions answered in the report:

What is the growth potential of the Student RFID Tracking Systems market?

Which market holds the maximum market share of the Student RFID Tracking Systems Market?

Which regional market will emerge as a frontrunner in coming years?

Which application segment will grow at a robust rate?

What are the growth opportunities that may emerge in Student RFID Tracking Systems industry in the years to come?

What are the key challenges that the global Student RFID Tracking Systems market may face in future?

Which are the leading companies in the global Student RFID Tracking Systems market?

Which are the key trends positively impacting the market growth?

Which are the growth strategies considered by the players to sustain hold in the global Student RFID Tracking Systems market?

Table of Contents:

Chapter 1: Student RFID Tracking Systems Overview, Product Overview, Market Segmentation, Market Overview of Regions, Market Dynamics, Limitations, Opportunities and Industry News and Policies.

Chapter 2: Student RFID Tracking Systems Industry Chain Analysis, Upstream Raw Material Suppliers, Major Players, Production Process Analysis, Cost Analysis, Market Channels and Major Downstream Buyers.

Chapter 3: Value Analysis, Production, Growth Rate and Price Analysis by Type of Student RFID Tracking Systems.

Chapter 4: Downstream Characteristics, Consumption and Market Share by Application of Student RFID Tracking Systems.

Chapter 5: Production Volume, Price, Gross Margin, and Revenue ($) of Student RFID Tracking Systems by Regions (2021 – 2028).

Chapter 6: Student RFID Tracking Systems Production, Consumption, Export and Import by Regions (2021 – 2028).

Chapter 7: Student RFID Tracking Systems Market Status and SWOT Analysis by Regions.

Chapter 8: Competitive Landscape, Product Introduction, Company Profiles, Market Distribution Status by Players of Student RFID Tracking Systems.

Chapter 9: Student RFID Tracking Systems Market Analysis and Forecast by Type and Application (2021 – 2028).

Chapter 10: Market Analysis and Forecast by Regions (2021 – 2028).

Chapter 11: Industry Characteristics, Key Factors, New Entrants SWOT Analysis, Investment Feasibility Analysis.

Chapter 12: Market Conclusion of the Whole Report.

Chapter 13: Appendix Such as Methodology and Data Resources of This Research.

Buy Now and Get Report To Email, Click Here: https://globalmarketvision.com/checkout/?currency=USD&type=single_user_license&report_id=25302

About Global Market Vision

Global Market Vision consists of an ambitious team of young, experienced people who focus on the details and provide the information as per customer’s needs. Information is vital in the business world, and we specialize in disseminating it. Our experts not only have in-depth expertise, but can also create a comprehensive report to help you develop your own business.

With our reports, you can make important tactical business decisions with the certainty that they are based on accurate and well-founded information. Our experts can dispel any concerns or doubts about our accuracy and help you differentiate between reliable and less reliable reports, reducing the risk of making decisions. We can make your decision-making process more precise and increase the probability of success of your goals.

Contact Us

Sam Evans | Business Development

Call: +1-7749015518

Email: [email protected]

Global Market Vision

Website: www.globalmarketvision.com","“ Global Market Vision has added new key research reports covering the Global Student RFID Tracking Systems Market.
The Global Student RFID Tracking Systems market report indicates that the global market is expected to expand significantly during the forecast period.
Which market holds the maximum market share of the Student RFID Tracking Systems Market?
What are the growth opportunities that may emerge in Student RFID Tracking Systems industry in the years to come?
Chapter 9: Student RFID Tracking Systems Market Analysis and Forecast by Type and Application (2021 – 2028).",neutral,0.0,1.0,0.0,neutral,0.04,0.95,0.01,Clearstream is not subject of the title.,False,-,"'The Bisouv Network''Sƒ', 'DominateRIFD', 'Northstar', 'Datalogic SpA', 'Clearstream', 'Sƒ vantData System LLC', 'Top Players Card Tec', 'Magnasoft Consulting India Pvt. Limited', 'Card Tec', 'Pulse Seventeen', 'Seon Design, Inc.', 'Global Market Vision', 'vantData System LLC', 'GAO RFID, Inc.', 'Coresonant Systems Pvt. Ltd.', 'Child Safety'","'Differential Pressure Sensors Market', 'Student RFID Tracking Systems Market Forecast Report', 'Bisouv Network''Global Student RFID Tracking Systems market report', 'Global Student RFID Tracking Systems Market research report', 'Global Student RFID Tracking Systems market document', 'Student RFID Tracking Systems Market Trend', 'Global Market Vision', 'Key Market Features', 'market share', 'overall Student RFID Tracking Systems Market Size', 'report data', 'key players', 'Market Segments Types', 'global level', 'industry research report', 'GAO RFID', 'Coresonant Systems', 'global investors', 'global perspective', 'key industry players', 'key figures', 'key fundamentals', 'key products', 'key partners', 'total global resources', 'global major leading industry players', 'Key Strategic Developments', 'global regulatory bodies', 'new key research reports', 'historical analysis', 'regional growth', 'forces analysis', 'SWOT analysis', 'Analytical Tools', 'regional level', 'historical data', 'independent forecast analysis', 'investment return analysis', 'regional scale', 'Players Card Tec', 'profiles of major players', 'primary sources of data', 'total revenue', 'feasibility study', 'cost', 'new product launch', 'secondary research methodologies', 'production rate', 'company level', 'product picture', 'leading competitors', 'forecast period', 'Magnasoft Consulting India', 'Higher Education Regional Scope North America', 'secondary information sources', 'Product Types Tags', 'objective growth estimates', 'Northstar', 'total sales', 'capacity utilization rate', 'South America', 'Clearstream', 'price', 'Child Safety', 'Datalogic SpA', 'Porter’s', 'company profiles', 'specification', 'joint ventures', 'extensive primary', 'Pulse', 'Limited', 'partnerships', 'contact information', 'South Africa', 'Seon Design', 'gross margin', 'Sƒ vantData System LLC', 'Applications', 'agreements', 'collaborations', 'DominateRIFD', 'Southeast Asia', 'Asia-Pacific', 'profit margin', 'United States', 'volume', 'value', 'Saudi Arabia', 'reliable overview', 'Canada', 'UAE', 'Egypt', 'Japan', 'Korea', 'export', 'import', 'shares', 'Readers', 'Middleware', 'consumption', 'supply', 'demand', 'revolutionary decision-making tool', 'viable insight', 'Middle East', 'Germany', 'France', 'UK', 'Europe', 'Mexico', 'Russia', 'Italy', 'Colombia', 'Nigeria', 'Argentina', 'China', 'Brazil', 'CAGR', 'challenges', 'End-Users', 'factors', 'different economic aspects of companies', 'description of financial terms', 'future prospects', 'Base Year', 'Sample', 'Discount', 'Reasons'"
Clearstream,0,bisouv.com,https://bisouv.com/uncategorized/3317546/comprehensive-report-on-peripheral-vascular-devices-market-2021-trends-growth-demand-opportunities-forecast-to-2027-medtronic-inc-angiomed-gmbh-%EF%BC%86co-medizintechnik-kg-abbott-lab/,2021-03-22,"Medtronic, Inc., Angiomed GmbH ＆Co. Medizintechnik KG, Abbott Laboratories Vascular Enterprises Limited – The Bisouv Network","Get Sample Report

Peripheral Vascular Devices Market research report is the new statistical data source added by A2Z Market Research.

Peripheral Vascular Devices Market research is an intelligence report with meticulous efforts undertaken to study the right and valuable information. The data which has been looked upon is done considering both, the existing top players and the upcoming competitors. Business strategies of the key players and the new entering market industries are studied in detail. Well explained SWOT analysis, revenue share and contact information are shared in this report analysis.

“Peripheral Vascular Devices Market is growing at a High CAGR during the forecast period 2021-2027. The increasing interest of the individuals in this industry is that the major reason for the expansion of this market”.

Get the PDF Sample Copy (Including FULL TOC, Graphs and Tables) of this Report @:

https://www.a2zmarketresearch.com/sample?reportId=416911

Note – In order to provide more accurate market forecast, all our reports will be updated before delivery by considering the impact of COVID-19.

Top Key Players Profiled in this report are: Medtronic, Inc., Angiomed GmbH ＆Co. Medizintechnik KG, Abbott Laboratories Vascular Enterprises Limited, Terumo Corporation, ENDOLOGIX, Inc., William Cook Europe ApS, Bolton Medical, Inc., Jotec GmbH, ClearStream Technologies Ltd., Aesculap AG, Boston Scientific Corporation, curative medical devices gmbh, Lepu, Microport, Bioteq and others.

The key questions answered in this report:

What will be the Market Size and Growth Rate in the forecast year?

What are the Key Factors driving Peripheral Vascular Devices Market?

What are the Risks and Challenges in front of the market?

Who are the Key Vendors in Peripheral Vascular Devices Market?

What are the Trending Factors influencing the market shares?

What are the Key Outcomes of Porter’s five forces model?

Which are the Global Opportunities for Expanding the Peripheral Vascular Devices Market?

Various factors are responsible for the market’s growth trajectory, which are studied at length in the report. In addition, the report lists down the restraints that are posing threat to the global Peripheral Vascular Devices market. It also gauges the bargaining power of suppliers and buyers, threat from new entrants and product substitute, and the degree of competition prevailing in the market. The influence of the latest government guidelines is also analyzed in detail in the report. It studies the Peripheral Vascular Devices market’s trajectory between forecast periods.

Report Contains Specification By Top Key Players- Medtronic, Inc., Angiomed GmbH ＆Co. Medizintechnik KG, Abbott Laboratories Vascular Enterprises Limited, Terumo Corporation, ENDOLOGIX, Inc., William Cook Europe ApS, Bolton Medical, Inc., Jotec GmbH, ClearStream Technologies Ltd., Aesculap AG, Boston Scientific Corporation, curative medical devices gmbh, Lepu, Microport, Bioteq and others. Base Year: 2020 Historical Data: 2015 – 2020 Estimated Year: 2021 Forecast Period: 2021 – 2027 Market Segmentation: Types, Applications, End-Users, and more. Market by Product Types: Peripheral vascular stents, PTA balloon catheter, Embolic protection device, Aortic stent graft, Surgical artificial transplant Market by Applications / End-User: The treatment of peripheral blood vessels damaged, The treatment of peripheral blood vessels blockage Regional Scope: North America, Europe, Asia Pacific, Latin America, Middle East and Africa

Get up to 30% Discount on this Premium Report @:

https://www.a2zmarketresearch.com/discount?reportId=416911

The cost analysis of the Global Peripheral Vascular Devices Market has been performed while keeping in view manufacturing expenses, labor cost, and raw materials and their market concentration rate, suppliers, and price trend. Other factors such as Supply chain, downstream buyers, and sourcing strategy have been assessed to provide a complete and in-depth view of the market. Buyers of the report will also be exposed to a study on market positioning with factors such as target client, brand strategy, and price strategy taken into consideration.

The report provides insights on the following pointers:

Market Penetration: Comprehensive information on the product portfolios of the top players in the Peripheral Vascular Devices market.

Product Development/Innovation: Detailed insights on the upcoming technologies, R&D activities, and product launches in the market.

Competitive Assessment: In-depth assessment of the market strategies, geographic and business segments of the leading players in the market.

Market Development: Comprehensive information about emerging markets. This report analyzes the market for various segments across geographies.

Market Diversification: Exhaustive information about new products, untapped geographies, recent developments, and investments in the Peripheral Vascular Devices market.

Table of Contents

Global Peripheral Vascular Devices Market Research Report 2021 – 2027

Chapter 1 Peripheral Vascular Devices Market Overview

Chapter 2 Global Economic Impact on Industry

Chapter 3 Global Market Competition by Manufacturers

Chapter 4 Global Production, Revenue (Value) by Region

Chapter 5 Global Supply (Production), Consumption, Export, Import by Regions

Chapter 6 Global Production, Revenue (Value), Price Trend by Type

Chapter 7 Global Market Analysis by Application

Chapter 8 Manufacturing Cost Analysis

Chapter 9 Industrial Chain, Sourcing Strategy and Downstream Buyers

Chapter 10 Marketing Strategy Analysis, Distributors/Traders

Chapter 11 Market Effect Factors Analysis

Chapter 12 Global Peripheral Vascular Devices Market Forecast

Buy Exclusive Report @:

https://www.a2zmarketresearch.com/buy?reportId=416911

If you have any special requirements, please let us know and we will offer you the report as you want.

About A2Z Market Research:

The A2Z Market Research library provides syndication reports from market researchers around the world. Ready-to-buy syndication Market research studies will help you find the most relevant business intelligence.

Our Research Analyst Provides business insights and market research reports for large and small businesses.

The company helps clients build business policies and grow in that market area. A2Z Market Research is not only interested in industry reports dealing with telecommunications, healthcare, pharmaceuticals, financial services, energy, technology, real estate, logistics, F & B, media, etc. but also your company data, country profiles, trends, information and analysis on the sector of your interest.

Contact Us:

Roger Smith

1887 WHITNEY MESA DR HENDERSON, NV 89014

[email protected]

+1 775 237 4147","Get Sample ReportPeripheral Vascular Devices Market research report is the new statistical data source added by A2Z Market Research.
Peripheral Vascular Devices Market research is an intelligence report with meticulous efforts undertaken to study the right and valuable information.
“Peripheral Vascular Devices Market is growing at a High CAGR during the forecast period 2021-2027.
In addition, the report lists down the restraints that are posing threat to the global Peripheral Vascular Devices market.
Market Diversification: Exhaustive information about new products, untapped geographies, recent developments, and investments in the Peripheral Vascular Devices market.",neutral,0.0,1.0,0.0,mixed,0.37,0.15,0.48,Clearstream is not subject of the title.,False,-,"'Angiomed GmbH ＆Co.', 'Abbott Laboratories Vascular Enterprises Limited', 'Medtronic, Inc.', 'Medizintechnik KG', 'The Bisouv Network''Lepu', 'Angiomed GmbH ＆Co.', 'Abbott Laboratories Vascular Enterprises Limited', 'Medtronic, Inc.', 'Terumo Corporation', 'Bolton Medical, Inc.', 'Jotec GmbH', 'ClearStream Technologies Ltd.', 'Boston Scientific Corporation', 'curative medical devices gmbh', 'Microport', 'Medizintechnik KG', 'A2Z Market Research', 'Aesculap AG', 'Bioteq', 'William Cook Europe ApS', 'ENDOLOGIX, Inc.'","'Abbott Laboratories Vascular Enterprises Limited', 'Medizintechnik', 'Bisouv Network', 'Angiomed GmbH', 'Medtronic''Market Development', 'market strategies', 'Market Segmentation', 'Market Diversification', 'market positioning', 'Market Size', 'Market Penetration', 'market shares', 'Peripheral Vascular Devices Market Overvie', 'Global Peripheral Vascular Devices Market Research Report', 'accurate market forecast', 'A2Z Market Research', 'market concentration rate', 'Peripheral vascular stents', 'Peripheral Vascular Devices market’s trajectory', 'new entering market industries', 'report analysis', 'Surgical artificial transplant Market', 'Sample Report', 'intelligence report', 'Premium Report', 'curative medical devices gmbh', 'Key Factors', 'Key Players- Medtronic', 'Abbott Laboratories Vascular Enterprises Limited', 'Jotec GmbH', 'Angiomed GmbH', 'Key Vendors', 'forecast year', 'key questions', 'treatment of peripheral blood vessels blockage Regional Scope', 'Comprehensive information', 'Product Types', 'Product Development', 'leading players', 'Various factors', 'Terumo Corporation', 'Bolton Medical', 'contact information', 'Exhaustive information', 'product substitute', 'product launches', 'product portfolios', 'valuable information', 'forecast periods', 'Key Outcomes of Porter’s', 'Trending Factors', 'Boston Scientific Corporation', 'new products', 'new entrants', 'upcoming technologies', 'ClearStream Technologies', 'Europe ApS', 'cost analysis', 'Global Opportunities', 'price strategy', 'new statistical data source', 'Aesculap AG', 'ENDOLOGIX', 'William', 'threat', 'Medizintechnik', 'Lepu', 'Growth Rate', 'Applications', 'market’s growth trajectory', 'Microport', 'business segments', 'downstream buyers', 'In-depth assessment', 'Business strategies', 'Historical Data', 'various segments', 'brand strategy', 'sourcing strategy', 'Estimated Year', 'in-depth view', 'Base Year', 'Bioteq', 'study', 'explained SWOT analysis', 'North America', 'Latin America', 'untapped geographies', 'labor cost', 'Detailed insights', 'upcoming competitors', 'Competitive Assessment', 'price trend', 'bargaining power of suppliers', 'view manufacturing expenses', 'PDF Sample Copy', 'Aortic stent graft', 'Embolic protection device', 'PTA balloon catheter', 'Asia Pacific', 'investments', 'raw materials', 'recent developments', 'revenue share', 'D activities', 'Middle East', 'TOC', 'client', 'Innovation', 'Chapter', 'Supply chain', 'meticulous efforts', 'emerging markets', 'High CAGR', 'Africa', 'right', 'forces model', 'Graphs', 'reports', 'Specification', 'major reason', 'degree of competition', 'influence', 'latest government guidelines', 'delivery', 'industry', 'End-Users', 'Tables', 'expansion', 'following pointers', 'order', 'individuals', 'impact of COVID', 'consideration', 'Discount', 'Challenges', 'length', 'restraints', 'Table of Contents', 'Risks', 'addition'"
Clearstream,0,paperjam.lu,https://paperjam.lu/article/the-eu-must-foster-much-greate,2021-03-25,“The EU must foster much greater competitiveness in financial services”,"If you could advise the Luxembourg government on ways to go forward to capitalise on Brexit, what would you say?

Mark Gem . – “The withdrawal of the UK strengthens the need to further deepen EU capital markets. London will likely remain the preeminent global and European financial centre. The EU must foster much greater competitiveness in financial services. And it is vital for Luxembourg that it does so without alienating the City. Despite the current cooling of relations between the UK and the EU, the establishment of the planned regulatory framework governing financial services remains a critical to-do.

Over the last two years, which moments in the negotiation process stand out for you?

“Seeing the speaker of the House of Commons, John Bercow, shouting ‘Order! Order!’ every night on TV and becoming one of the most recognised figures on the planet in the process.

If we were having this conversation in five years’ time, what condition do you believe the EU will be in?

“With the renewed American commitment to internationalism and to a post-fossil economy, can we dare hope that the EU will have shown itself to be a committed transatlantic partner in an international system that is no longer decoupling? But to say that there are risks would be an understatement, so that is a hope, not a prediction.”

You can register here to join us at this 10x6.","If you could advise the Luxembourg government on ways to go forward to capitalise on Brexit, what would you say?
– “The withdrawal of the UK strengthens the need to further deepen EU capital markets.
The EU must foster much greater competitiveness in financial services.
Despite the current cooling of relations between the UK and the EU, the establishment of the planned regulatory framework governing financial services remains a critical to-do.
If we were having this conversation in five years’ time, what condition do you believe the EU will be in?",positive,0.56,0.42,0.02,mixed,0.6,0.13,0.27,Clearstream is not subject of the title.,False,-,"'EU''House of Commons', 'Luxembourg government', 'EU'","'greater competitiveness', 'financial services', 'EU''financial services', 'EU capital markets', 'UK', 'hope', 'Order', 'European financial centre', 'negotiation process', 'Luxembourg government', 'planned regulatory framework', 'internationalism', 'need', 'establishment', 'House of Commons', 'committed transatlantic partner', 'international system', 'John Bercow', 'greater competitiveness', 'critical to-do', 'current cooling of relations', 'years’ time', 'renewed American commitment', 'planet', 'moments', 'fossil economy', 'condition', 'recognised figures', 'conversation', 'speaker', 'London', 'ways', 'understatement', 'withdrawal', 'Mark Gem', 'night', 'TV', 'risks', 'prediction', 'Brexit', 'City', '10x6'"
Clearstream,0,centralbanking.com,https://www.centralbanking.com/awards/7798106/specialised-lending-initiative-clearstream,2021-03-24,Specialised lending initiative: Clearstream,"Major central banks have responded to the Covid-19 crisis by expanding their unconventional policies, notably asset purchase programmes. The US Federal Reserve and European Central Bank have significantly increased their balance sheets since early 2020 in a bid to maintain loose financing conditions.

In the eurozone, because of its large holdings, the ECB needs to return liquidity to the securities market to make sure it works smoothly. This is carried out through a decentralised securities","Major central banks have responded to the Covid-19 crisis by expanding their unconventional policies, notably asset purchase programmes.
The US Federal Reserve and European Central Bank have significantly increased their balance sheets since early 2020 in a bid to maintain loose financing conditions.
In the eurozone, because of its large holdings, the ECB needs to return liquidity to the securities market to make sure it works smoothly.
This is carried out through a decentralised securities",neutral,0.04,0.95,0.01,negative,0.0,0.06,0.94,,True,-,"'Clearstream''US Federal Reserve', 'ECB', 'European Central Bank'","'Specialised lending initiative', 'Clearstream''securities market', 'decentralised securities', 'European Central Bank', 'Major central banks', 'unconventional policies', 'US Federal Reserve', 'bid', 'asset purchase programmes', 'large holdings', 'ECB', 'loose financing conditions', 'crisis', 'balance sheets', 'liquidity', 'Covid', 'eurozone'"
Clearstream,0,Twitter,https://twitter.com/i/web/status/1376535123907203073,2021-03-29,"Need accurate, real-time inventory counts in your store? Retail RFID solutions from ClearStream can help you better… ",,,positive,0.58,0.42,0.0,positive,0.58,0.42,0.0,,True,-,'ClearStream'-,"'real-time inventory', 'Retail RFID solutions', 'ClearStream', 'store'"
Clearstream,0,Twitter,https://myapartmentstudio.com/clearstream-2v/,2021-03-29,Antennas Direct Clearstream 2V It's not about an antenna. More about working within limits. ,,,neutral,0.01,0.94,0.05,neutral,0.01,0.94,0.05,,True,-,-,"'Antennas Direct Clearstream', 'limits'"
Clearstream,0,Twitter,https://twitter.com/i/web/status/1375391699023826944,2021-03-26,"😀 We are excited that  Clearstream has won the award for ""Specialised  lending initiative"" at the … ",,,positive,0.67,0.05,0.28,positive,0.67,0.05,0.28,,True,-,'Clearstream'-,"'award', 'Specialised  lending initiative', 'Clearstream'"
Clearstream,0,Twitter,https://twitter.com/i/web/status/1375376730316230657,2021-03-26,Rumours from Germany Clearstream it looks like start buying SAGA and NEL.. What happen ?  It is possible the Norweg… ,,,negative,0.06,0.44,0.5,negative,0.06,0.44,0.5,,True,-,"'Clearstream', 'SAGA', 'NEL'-","'Germany Clearstream', 'SAGA', 'Rumours', 'Norweg', 'NEL'"
Clearstream,0,Twitter,Twitter,2021-03-25,"Horrible for news today, Malaysia Clearstream flips we instructed last night all rejected. So much time and energy wasted 😪",,,negative,0.0,0.0,1.0,negative,0.0,0.0,1.0,,True,-,'Malaysia Clearstream'-,"'Malaysia Clearstream', 'news', 'night', 'time', 'energy'"
Clearstream,0,Twitter,https://twitter.com/i/web/status/1375013870264270851,2021-03-25,Join  Clearstream's Pierre Mottion for a discussion of the future of  fund  data exchange at 's Client C… ,,,neutral,0.02,0.95,0.03,neutral,0.02,0.95,0.03,,True,-,'Clearstream'-,"'discussion', 'future of  fund  data exchange', 's Client C', ""Clearstream's Pierre Mottion"""
Clearstream,0,Twitter,Twitter,2021-03-23,    Clearstream en pls.,,,neutral,0.34,0.63,0.03,neutral,0.34,0.63,0.03,,True,-,-,'Clearstream en'
Clearstream,0,Twitter,https://twitter.com/i/web/status/1374360749519294466,2021-03-23,Don’t lose track of your assets. Warehouse Inventory solutions from ClearStream manages your inventory with RFID  t… ,,,positive,0.84,0.0,0.16,positive,0.84,0.0,0.16,,True,-,'ClearStream'-,"'Warehouse Inventory solutions', 'ClearStream', 'RFID  t', 'track', 'assets'"
